【期間限定】「スケルツァンド」フル演奏シーン【公式】『最終楽章 響け！ユーフォニアム』後編 大ヒット上映中！	https://www.youtube.com/watch?v=mdXx6OqcxOs
夢限大みゅーたいぷ「愛は衝動」（TVアニメ「バンドリ！ ゆめ∞みた」#13 挿入歌）	https://www.youtube.com/watch?v=5NZp6NKhhlQ
夢限大みゅーたいぷ「in my words」（TVアニメ「バンドリ！ ゆめ∞みた」#13 挿入歌）	https://www.youtube.com/watch?v=keIRgf-YfSI
「一年の詩 ～吹奏楽のための」フル演奏シーン【公式】	https://www.youtube.com/watch?v=EojdOX-qBwM
【全員集合】「名探偵プリキュア！」オープニング主題歌「ハートにヒント！名探偵プリキュア！」(ノンテロップver)	https://www.youtube.com/watch?v=j3wz60GbRic
TVアニメ『きみが死ぬまで恋をしたい』ノンクレジットオープニング映像 [Another ver.]｜ReoNa「Amore」	https://www.youtube.com/watch?v=An9cBMraJZQ
TVアニメ『君のことが大大大大大好きな100人の彼女』第3期ノンクレジットOP ｜ OPテーマ：「大好きずっと永遠に」	https://www.youtube.com/watch?v=o8WGXDnonpg
TVアニメ『きみが死ぬまで恋をしたい』第7話/第8話特殊EDノンクレジット映像｜リジィ・セイラン（CV：瀬戸麻沙美）、モード・アリ（CV：石川由依）「スターチス」	https://www.youtube.com/watch?v=Ih45BgTUxlA
ノンクレジットOP｜TVアニメ『二十世紀電氣目録-ユーレカ・エヴリカ-』	https://www.youtube.com/watch?v=MtxdM8wWpRc
【名探偵プリキュア！】後期エンディング主題歌「いつかわかる☆きっとあえる」(ノンテロップver)	https://www.youtube.com/watch?v=Qvm_w7aXXbQ
『映画ちいかわ 人魚の島のひみつ』ノンクレジットオープニング映像【大ヒット上映中】	https://www.youtube.com/watch?v=Tz7hdJ5wsyY
第六話「革新の音」より 明滋維新電氣少女樂團・劇中曲『震天動地大音楽』｜TVアニメ『二十世紀電氣目録-ユーレカ・エヴリカ-』	https://www.youtube.com/watch?v=hlvQEIxttsk
中元節の儀・胡旋舞｜TVアニメ『ふつつかな悪女ではございますが ～雛宮蝶鼠とりかえ伝～』	https://www.youtube.com/watch?v=Wc4QSwWP75U
第六話「革新の音」より 明滋維新電氣少女樂團・スペシャルエンディング『ウキヨバナレ』｜TVアニメ『二十世紀電氣目録-ユーレカ・エヴリカ-』	https://www.youtube.com/watch?v=FoODDgtivdw
夢限大みゅーたいぷ「一番のひかり」（TVアニメ「バンドリ！ ゆめ∞みた」#8 挿入歌）	https://www.youtube.com/watch?v=JfeX3ABTBUs
「ガン・バルゼーのテーマ」遠藤正明 | TVアニメ『令和のダラさん』第六怪特殊エンディング映像	https://www.youtube.com/watch?v=wTPWul-o-UY
【ノンクレジットOP】TVアニメ「透明な夜に駆ける君と、目に見えない恋をした。」｜秦 基博「ひとひら」	https://www.youtube.com/watch?v=OhRKTSgC7Es
【ノンクレジットED】TVアニメ「透明な夜に駆ける君と、目に見えない恋をした。」｜櫻井優衣「光」	https://www.youtube.com/watch?v=H_Ab3nKZUfM
第五話「愛の証明」　ノンクレジットOP｜ TVアニメ『二十世紀電氣目録-ユーレカ・エヴリカ-』	https://www.youtube.com/watch?v=bnxaEYPJm7Q
TVアニメ「バンドリ！ ゆめ∞みた」ノンクレジットオープニング映像第2弾	https://www.youtube.com/watch?v=9TTfyS5r3Ps
夢限大みゅーたいぷ「Face The Next」（TVアニメ「バンドリ！ ゆめ∞みた」#7 挿入歌）	https://www.youtube.com/watch?v=vuMUMWARZ4g
夢限大みゅーたいぷ「TearJerker」（TVアニメ「バンドリ！ ゆめ∞みた」#7 挿入歌）	https://www.youtube.com/watch?v=s3egp9Y1DTU
『無職転生Ⅲ』第5話ノンクレジットOPムービー／OPテーマ：「芽吹の唄」大原ゆい子	https://www.youtube.com/watch?v=7ClAoZKbuhA
第四話「信心の娘」　ノンクレジットOP｜ TVアニメ『二十世紀電氣目録-ユーレカ・エヴリカ-』	https://www.youtube.com/watch?v=NjdE4RFQ4rY
TVアニメ『BLEACH 千年血戦篇-禍進譚-』ノンクレジットオープニングムービー	https://www.youtube.com/watch?v=9idm6v9jNbg
TVアニメ「バンドリ！ ゆめ∞みた」ノンクレジットエンディング映像第2弾	https://www.youtube.com/watch?v=ZkFgIRoGoP4
TVアニメ「落第賢者の学院無双」ノンクレジットエンディングアナスタシアVer.｜TrySail「憧憬」	https://www.youtube.com/watch?v=sbaSQw9Soks
『無職転生Ⅲ』第4話ノンクレジットOPムービー／OPテーマ：「芽吹の唄」大原ゆい子	https://www.youtube.com/watch?v=Es0mqcdYw9Q
TVアニメ『いびってこない義母と義姉』ノンクレジットEDムービー｜AVAM「クレール」	https://www.youtube.com/watch?v=q1p5q_HIeCk
TVアニメ『鉄鍋のジャン！』ノンクレジットエンディング映像	https://www.youtube.com/watch?v=1tc784esysA
TVアニメ『ふつつかな悪女ではございますが ～雛宮蝶鼠とりかえ伝～』ノンクレジットエンディングムービー／エンディングテーマ：ロクデナシ「ホウキボシ」	https://www.youtube.com/watch?v=T3gqwRlME5Q
オリジナルTVアニメ『さよならララ』ノンテロップエンディング映像 |好評放送・配信中！	https://www.youtube.com/watch?v=od3XN58Gnws
7月より放送中！TVアニメ「#領民0人スタートの辺境領主様 」ノンクレジット・オープニング映像	https://www.youtube.com/watch?v=fCboU3XWuLU
TVアニメ『逃げ上手の若君』第二期ノンクレジットオープニングムービー(歌詞有)｜中島健人「鬼事」	https://www.youtube.com/watch?v=Dgj69Vqr120
TVアニメ『逃げ上手の若君』第二期ノンクレジットエンディングムービー(歌詞有)｜ぼっちぼろまる「ロマンティックがほしいなら feat. 小坂菜緒,正源司陽子,藤嶌果歩（日向坂46）」	https://www.youtube.com/watch?v=2xkn83S68sM
TVアニメ『猫と竜』ノンクレジットエンディング映像【2026年7月より放送&配信中！】	https://www.youtube.com/watch?v=CmP5HMtIOEY
TVアニメ「メビウス・ダスト」ノンクレジットOP映像	https://www.youtube.com/watch?v=DZIN7Fx_K48
TVアニメ「メビウス・ダスト」ノンクレジットED映像	https://www.youtube.com/watch?v=00D8aV_cT6c
TVアニメ『幼女戦記Ⅱ』ノンクレジットED映像｜ターニャ・デグレチャフ(CV:悠木碧)「Weiter! Weiter!」	https://www.youtube.com/watch?v=x2k_iYCGKvE
TVアニメ『幼女戦記Ⅱ』ノンクレジットOP映像｜MYTH & ROID「Why? RED induction」	https://www.youtube.com/watch?v=IVyvkwvsqW0
「クレバテスⅡ-魔獣の王と偽りの勇者伝承-」ノンクレジットオープニング映像「Foreshadow」｜ClevatessⅡ	https://www.youtube.com/watch?v=SiTi3WCmzfc
「クレバテスⅡ-魔獣の王と偽りの勇者伝承-」ノンクレジットエンディング映像「Awake Anew」｜ClevatessⅡ	https://www.youtube.com/watch?v=Tbyi0Tx1QLA
ＴＶアニメ「ぐらんぶる」Season 3ノンクレED	https://www.youtube.com/watch?v=c-kKrErfKvM
TVアニメ「正反対な君と僕」第2期ノンクレジットエンディング映像	https://www.youtube.com/watch?v=FlqDBh8QjZk
『アズールレーン びそくぜんしんっ！にっ！！』ノンクレジット映像｜「Lu lu lun♪～ウラハラ気分はオートマティック～」橋本みゆき	https://www.youtube.com/watch?v=0s8wRiSeKyg
TVアニメ『きみが死ぬまで恋をしたい』ノンクレジットエンディング映像｜sajou no hana「エテルネル」	https://www.youtube.com/watch?v=bszg61aM_7E
TVアニメ『きみが死ぬまで恋をしたい』ノンクレジットオープニング映像｜ReoNa「Amore」	https://www.youtube.com/watch?v=01Vgu7BIxmI
TVアニメ『手札が多めのビクトリア』ノンテロップED映像｜エンディングテーマ：KI_EN「縁のつき」.	https://www.youtube.com/watch?v=r6pUQw5xjoc
TVアニメ『対ありでした。～お嬢さまは格闘ゲームなんてしない～』ノンクレジットエンディング映像│halca 「NEW GAME」	https://www.youtube.com/watch?v=GKtdRThIuuE
TVアニメ『いびってこない義母と義姉』ノンクレジットOPムービー｜Lia「雨宿りの憧憬」	https://www.youtube.com/watch?v=k2Gfd254sMg
TVアニメ『鉄鍋のジャン！』ノンクレジットオープニング映像	https://www.youtube.com/watch?v=wTQdf37-OBk
【ED映像】TVアニメ「ワールド イズ ダンシング」｜hockrockb「名もない花」	https://www.youtube.com/watch?v=kBP_Urtwx7Q
第貳話「目録の謎」　ノンクレジットOP｜ TVアニメ『二十世紀電氣目録-ユーレカ・エヴリカ-』	https://www.youtube.com/watch?v=-UMzc7BI6y4
オリジナルTVアニメ『さよならララ』オープニング映像 |いきものがかり「さよならララ」	https://www.youtube.com/watch?v=GOfC_4qCa9c
『無職転生Ⅲ ～異世界行ったら本気だす～』ノンクレジットED映像／EDテーマ：「祈り、終われば」中島美嘉	https://www.youtube.com/watch?v=UKcJqQqiXq0
TVアニメ『ふつつかな悪女ではございますが ～雛宮蝶鼠とりかえ伝～』ノンクレジットオープニングムービー／オープニングテーマ：milet「Sunny」	https://www.youtube.com/watch?v=LshSTzPWdLk
TVアニメ『二十世紀電氣目録-ユーレカ・エヴリカ-』｜ノンクレジットED	https://www.youtube.com/watch?v=lJ6dDUwWOis
TVアニメ『これ描いて死ね』ノンクレジットED映像【日本テレビ系フラアニにて毎週金曜23時30分から全国30局ネットで放送中！】	https://www.youtube.com/watch?v=BHS-_AXCWrc
TVアニメ『花織さんは転生しても喧嘩がしたい』ノンクレジットED｜内田真礼「ベリーグッド・エンカウント」	https://www.youtube.com/watch?v=mGmKY-PB82o
TVアニメ『花織さんは転生しても喧嘩がしたい』ノンクレジットOP｜オーイシマサヨシ「ハイメンテナンスガール」	https://www.youtube.com/watch?v=dv1TGoV_aS8
【ノンクレジットエンディング映像】TVアニメ『才女のお世話 高嶺の花だらけな名門校で、学院一のお嬢様(生活能力皆無)を陰ながらお世話することになりました』	https://www.youtube.com/watch?v=n7iidGIYvkw
TVアニメ『きみ愛』ノンクレジットエンディング｜sorato「最終回」	https://www.youtube.com/watch?v=jW-nRpVHw8c
水樹奈々「CRIMSON BULLET」 | 魔法少女リリカルなのは EXCEEDS Gun Blaze Vengeance | ノンクレジットOP	https://www.youtube.com/watch?v=_gBcPnxRXDY
青木陽菜「Ephemeral」|魔法少女リリカルなのは EXCEEDS Gun Blaze Vengeance | ノンクレジットED	https://www.youtube.com/watch?v=hHBu5YXhiXQ
【ED映像】TVアニメ「グロウアップショウ ～ひまわりのサーカス団～」ノンクレジットエンディング映像【公式X ⇒ @growupshow】	https://www.youtube.com/watch?v=Z3LKxdlyNSU
『名探偵コナン』新ノンクレジットOP 新浜レオン「愛のFIRE」"DETECTIVE CONAN" NEW OPENING Movie(2026)	https://www.youtube.com/watch?v=UV53uVaECT8
アニメ『本好きの下剋上 領主の養女』第2クールOPノンクレジット映像「Power of Love」西野カナ/毎週土曜夕方5時半～放送中！	https://www.youtube.com/watch?v=3BlCT0_r6RQ
TVアニメ『これ描いて死ね』OP映像【日本テレビ系フラアニにて毎週金曜23時30分から全国30局ネットで放送中！】	https://www.youtube.com/watch?v=ZcX905vF0j0
7月より放送中！TVアニメ「#領民0人スタートの辺境領主様 」ノンクレジット・エンディング映像	https://www.youtube.com/watch?v=dhAKFhT6pno
TVアニメ『ここは俺に任せて先に行けと言ってから10年がたったら伝説になっていた。』ノンクレジットOP｜「それでも曇天を越えてゆく」sajou no hana	https://www.youtube.com/watch?v=lMq8obidFDI
i☆Ris「Welcome to あざとさワールド」| TVアニメ『炎の闘球女 ドッジ弾子』ノンクレジットエンディング	https://www.youtube.com/watch?v=miLM7VnR08o
TVアニメ「天は赤い河のほとり」ノンクレジットOP｜OPテーマ：七海ひろき「暁の空」【日本テレビ・ＢＳ日テレにて放送中】	https://www.youtube.com/watch?v=cpytH8hQ5BE
TVアニメ「スーパーの裏でヤニ吸うふたり」TV放送版ノンクレジットOP映像 ｜ずっと真夜中でいいのに。「イチジク煙」	https://www.youtube.com/watch?v=0HGEaVFajSU
【オープニング】TVアニメ『乙女怪獣キャラメリゼ』｜METANICK「乙女怪獣」	https://www.youtube.com/watch?v=hFldDZZcrQo
TVアニメ『無自覚聖女は今日も無意識に力を垂れ流す』ノンクレジットオープニング映像2026年6月30日より、AT-X・TOKYO MX・BS11ほかにて放送中！	https://www.youtube.com/watch?v=TOj2RisiiwY
TVアニメ『ヤニねこ』ノンクレジットオープニング映像｜忘れらんねえよ「なんもねえ」	https://www.youtube.com/watch?v=46Z-WQv_vFc
【ノンクレジットED】DIALOGUE＋「奇跡は起きない」｜TVアニメ『骸骨騎士様、只今異世界へお出掛け中Ⅱ』	https://www.youtube.com/watch?v=UTR6_vbX5lQ
TVアニメ『花ざかりの君たちへ』第2期ノンクレジットエンディング映像｜Omoinotake「花束」	https://www.youtube.com/watch?v=-nGHy6oi9dA
TVアニメ『LV999の村人』ノンクレジットエンディング｜ゆきむら。「HP」	https://www.youtube.com/watch?v=MgIol7kDcTE
TVアニメ「落第賢者の学院無双」ノンクレジットエンディング マーリンVer.｜TrySail「憧憬」	https://www.youtube.com/watch?v=DGS4b3gm1s0
TVアニメ「片田舎のおっさん、剣聖になるII」ノンクレジットエンディング映像 | BLUE ENCOUNT「未完成」	https://www.youtube.com/watch?v=KUrvQ0UYuYQ
TVアニメ「片田舎のおっさん、剣聖になるII」ノンクレジットオープニング映像 | ユニコーン「クレナイノハ」	https://www.youtube.com/watch?v=3a1w0lo3OxM
TVアニメ『乙女ゲー世界はモブに厳しい世界です2』ノンクレジットエンディングムービー	https://www.youtube.com/watch?v=pU3P4At856Q
TVアニメ『乙女ゲー世界はモブに厳しい世界です2』ノンクレジットオープニングムービー	https://www.youtube.com/watch?v=i_dXw-oJZBA
TVアニメ「正反対な君と僕」第2期オープニング映像	https://www.youtube.com/watch?v=kUe7LOCbjzQ
『アズールレーン びそくぜんしんっ！にっ！！』ノンクレジット映像｜「しゃいすまっ！」榊原ゆい	https://www.youtube.com/watch?v=-6tYHv0ceQQ
TVアニメ『手札が多めのビクトリア』ノンテロップOP映像｜オープニングテーマ：ハク。「一進」.	https://www.youtube.com/watch?v=s9peIEgH2zU
水樹奈々「SECRET AMBITION」｜「魔法少女リリカルなのはStrikerS」 オープニングテーマ	https://www.youtube.com/watch?v=Jd6TUfFrSpw
田村ゆかり「星空のSpica」｜「魔法少女リリカルなのはStrikerS」 エンディングテーマ	https://www.youtube.com/watch?v=KLHV0yVgdlc
『攻殻機動隊 THE GHOST IN THE SHELL』ノンクレジットエンディング映像｜「Blue」MILLENNIUM PARADE	https://www.youtube.com/watch?v=IwnUKgmV5QQ
田村ゆかり「Little Wish -lyrical step-」｜「魔法少女リリカルなのは」 エンディングテーマ	https://www.youtube.com/watch?v=3_B3rgUy1cA
『攻殻機動隊 THE GHOST IN THE SHELL』ノンクレジットエンディング映像｜「Blue」MILLENNIUM PARADE	https://www.youtube.com/watch?v=YSg5H6kjKCo
水樹奈々「ETERNAL BLAZE」｜「魔法少女リリカルなのはA’s」 オープニングテーマ	https://www.youtube.com/watch?v=QSETkbXV4Qs
『攻殻機動隊 THE GHOST IN THE SHELL』ノンクレジットオープニング映像｜「GO GHOST」King Gnu	https://www.youtube.com/watch?v=FhzaLI_Npg8
水樹奈々「MASSIVE WONDERS」｜「魔法少女リリカルなのはStrikerS」 オープニングテーマ	https://www.youtube.com/watch?v=rxEDTNBLzo0
田村ゆかり「Spiritual Garden」｜「魔法少女リリカルなのはA’s」 エンディングテーマ	https://www.youtube.com/watch?v=dC_d0x2DRU0
『攻殻機動隊 THE GHOST IN THE SHELL』ノンクレジットオープニング映像｜「GO GHOST」King Gnu	https://www.youtube.com/watch?v=PDZb57n_b90
田村ゆかり「Beautiful Amulet」｜「魔法少女リリカルなのはStrikerS」 エンディングテーマ	https://www.youtube.com/watch?v=6uxTbGcIt0s
水樹奈々「innocent starter」｜「魔法少女リリカルなのは」 オープニングテーマ	https://www.youtube.com/watch?v=dYVftmni4rw
TVアニメ『対ありでした。～お嬢さまは格闘ゲームなんてしない～』ノンクレジットオープニング映像│花冷え。「命短し対する乙女よ」	https://www.youtube.com/watch?v=0T9ekzDoW1k
TVアニメ「捨てられ聖女の異世界ごはん旅 隠れスキルでキャンピングカーを召喚しました」ノンクレジットED｜音感れもねゐど 「Holy Sweet Home」	https://www.youtube.com/watch?v=5EcanUJkPOY
TVアニメ「捨てられ聖女の異世界ごはん旅 隠れスキルでキャンピングカーを召喚しました」ノンクレジットOP｜INUWASI 「Butterfly」	https://www.youtube.com/watch?v=sdOQK3KW2vI
『杖と剣のウィストリア』Season2　ノンクレジットOPムービー｜OP主題歌：ASH DA HERO「BELIEVERS」	https://www.youtube.com/watch?v=I5u5gNcKVfk
TVアニメ『ブチ切れ令嬢は報復を誓いました。』ノンクレジットED |大西亜玖璃「グッバイ・ララバイ」	https://www.youtube.com/watch?v=PgZqXjwNGBA
TVアニメ『ブチ切れ令嬢は報復を誓いました。』ノンクレジットOP |小倉 唯「Q.E.D」	https://www.youtube.com/watch?v=nxdEDwvplY0
『LIAR GAME』第2クールED／TVアニメEDテーマ：muque「たりない」	https://www.youtube.com/watch?v=bztYaH6hbxg
『LIAR GAME』第2クールOP／TVアニメOPテーマ：Kroi「All in」	https://www.youtube.com/watch?v=slKNbfZgImw
TVアニメ『転校先の清楚可憐な美少女が、昔男子と思って一緒に遊んだ幼馴染だった件』ノンクレジットエンディング映像	https://www.youtube.com/watch?v=c7gDuH3d4g4
TVアニメ『転校先の清楚可憐な美少女が、昔男子と思って一緒に遊んだ幼馴染だった件』ノンクレジットオープニング映像	https://www.youtube.com/watch?v=u0bs0o-EXg4
ももいろクローバーZ「会心の一劇」| TVアニメ『炎の闘球女 ドッジ弾子』ノンクレジットオープニング	https://www.youtube.com/watch?v=S5BYg1_0u7M
TVアニメ『最強出涸らし皇子の暗躍帝位争い』ノンクレジットエンディング映像 ♪エンディングテーマ：くらわん「素敵なかんちがい」	https://www.youtube.com/watch?v=r7Izfz0iyRw
TVアニメ『最強出涸らし皇子の暗躍帝位争い』ノンクレジットオープニング映像 ♪オープニングテーマ：BUDDiiS「Script」	https://www.youtube.com/watch?v=lWYRZq7TuHQ
『無職転生Ⅲ』第1話ノンクレジットOPムービー／OPテーマ：「決意の唄」大原ゆい子	https://www.youtube.com/watch?v=3F8-KF40VhI
【ノンクレジットオープニング】TVアニメ『黒猫と魔女の教室』｜ナナヲアカリ「∞劣等星」	https://www.youtube.com/watch?v=coITmwJeMIs
第壹話「電氣少年」　ノンクレジットOP｜ TVアニメ『二十世紀電氣目録-ユーレカ・エヴリカ-』	https://www.youtube.com/watch?v=PX-b7KO3HOw
TVアニメ「世界最強の後衛」ノンクレジットエンディング｜インナージャーニー「終わらない夜の守り方」	https://www.youtube.com/watch?v=lrB8anaL9X4
TVアニメ「世界最強の後衛」ノンクレジットオープニング｜Redhair Rosy「license」	https://www.youtube.com/watch?v=RSfkFGTuPyo
TVアニメ『レッツゴー怪奇組』ノンクレジットOPムービー/OPテーマ：SWEET STEADY「気味が悪いんだからねっ」～TBS系28局にて放送中～	https://www.youtube.com/watch?v=GEZWCWyX-is
TVアニメ『レッツゴー怪奇組』ノンクレジットEDムービー/EDテーマ：雨穴「呪わしてね？」～TBS系28局にて放送中～	https://www.youtube.com/watch?v=MnDO2Vv4ZkA
【ノンクレジットオープニング映像】TVアニメ『才女のお世話 高嶺の花だらけな名門校で、学院一のお嬢様(生活能力皆無)を陰ながらお世話することになりました』	https://www.youtube.com/watch?v=nWwsthEoUnQ
TVアニメ『きみ愛』ノンクレジットオープニング｜りりあ。「いつかちゃんと。」	https://www.youtube.com/watch?v=GU5DQI5snck
TVアニメ『株式会社マジルミエ』第2期ノンクレジットエンディング映像｜宝鐘マリン「BooooM!!!」	https://www.youtube.com/watch?v=CCjQ0FuVx7s
TVアニメ『株式会社マジルミエ』第2期ノンクレジットオープニング映像｜syudou×八木勇征（FANTASTICS）「ラテマジック」	https://www.youtube.com/watch?v=bp1F_BYa27U
TVアニメ『鬼の花嫁』ノンクレジットエンディング映像 | 山崎育三郎「心星」	https://www.youtube.com/watch?v=ercJJBclL9k
TVアニメ『鬼の花嫁』ノンクレジットオープニング映像 | ClariS「ヒトコト」	https://www.youtube.com/watch?v=MnFWBiWIfPg
【OP映像】TVアニメ「グロウアップショウ ～ひまわりのサーカス団～」オープニング映像【公式X ⇒ @growupshow】	https://www.youtube.com/watch?v=QxJWmZ74GfM
【ED映像】TVアニメ『MAO』第2クールノンクレジットエンディング｜TV Anime MAO Part 2 Ending｜上田麗奈「揺蕩う」	https://www.youtube.com/watch?v=wZ_NJ3ND-nk
TVアニメ『天幕のジャードゥーガル』ノンクレジットエンディング映像｜女王蜂「星」	https://www.youtube.com/watch?v=bLQV43WeRvk
TVアニメ『天幕のジャードゥーガル』ノンクレジットオープニング映像｜SEKAI NO OWARI「Stella」	https://www.youtube.com/watch?v=_GlLp6hyM2E
TVアニメ「黄泉のツガイ」第2クールノンクレジットエンディングムービー｜菅原圭「孔雀」	https://www.youtube.com/watch?v=-oJdHssdJAk
TVアニメ「黄泉のツガイ」第2クールノンクレジットオープニングムービー｜音田雅則「back shot」	https://www.youtube.com/watch?v=nQGfyebJ_oc
TVアニメ「岩元先輩ノ推薦」ノンクレジットED映像公開／毎週（土）放送・配信中！	https://www.youtube.com/watch?v=WM9BicFEhKs
TVアニメ「岩元先輩ノ推薦」ノンクレジットOP映像公開／毎週（土）放送・配信中！	https://www.youtube.com/watch?v=ms6fXO3Ngk4
TVアニメ『BLACK TORCH』ノンクレジットエンディング映像｜I Don’t Like Mondays.「Groooovy」	https://www.youtube.com/watch?v=yaX2p36llik
『転生したらスライムだった件』第4期エンディング映像 第2弾	https://www.youtube.com/watch?v=jYbklPS7mDk
『転生したらスライムだった件』第4期オープニング映像 第2弾	https://www.youtube.com/watch?v=zvIS6EIkXx8
TVアニメ『猫と竜』ノンクレジットオープニング映像【2026年7月より放送&配信中！】	https://www.youtube.com/watch?v=ZH8xYK5vac0
【ノンクレジットOP】PelleK「浪漫街道、お散歩中」｜TVアニメ『骸骨騎士様、只今異世界へお出掛け中Ⅱ』	https://www.youtube.com/watch?v=9Qr1nkwhqvM
TVアニメ「うしろの正面カムイさん」【ノンクレジットED】	https://www.youtube.com/watch?v=pz13xB20pQg
TVアニメ「うしろの正面カムイさん」【ノンクレジットOP】	https://www.youtube.com/watch?v=3h9yV1NUxmo
TVアニメ『ヘルモード ～やり込み好きのゲーマーは廃設定の異世界で無双する～』2nd Seasonノンクレジットオープニング映像｜浪漫派マシュマロ 「○△□」	https://www.youtube.com/watch?v=ByIgOD0qOKY
TVアニメ『ヘルモード ～やり込み好きのゲーマーは廃設定の異世界で無双する～』2nd Seasonノンクレジットエンディング映像｜チョーキューメイ「Firetail」	https://www.youtube.com/watch?v=SYpHpUiGcQU
TVアニメ『勇者のクズ』ノンクレジット最終回スペシャルエンディング映像 / 「NON-FICTION」w.o.d.	https://www.youtube.com/watch?v=dhZ-JfM0FCI
『追放された転生重騎士はゲーム知識で無双する』ノンクレジットエンディング映像	https://www.youtube.com/watch?v=2KcoQLp7Kx8
『追放された転生重騎士はゲーム知識で無双する』ノンクレジットオープニング映像	https://www.youtube.com/watch?v=_j3Bm3tr7dA
TVアニメ「バンドリ！ ゆめ∞みた」ノンクレジットエンディング映像	https://www.youtube.com/watch?v=7xrs-MPYydw
TVアニメ『令和のダラさん』ノンクレジットオープニング映像｜毎週木曜22：30より放送中！	https://www.youtube.com/watch?v=ARajp8DyC48
【OP映像】TVアニメ「ワールド イズ ダンシング」｜マカロニえんぴつ「終宵」	https://www.youtube.com/watch?v=6f78rxIxzV0
TVアニメ『花ざかりの君たちへ』第2期ノンクレジットオープニング映像｜Omoinotake「FLASHBULB」	https://www.youtube.com/watch?v=SccI7wPhm5s
TVアニメ「落第賢者の学院無双」ノンクレジットオープニング｜FLOW「＋ENCOUNT」	https://www.youtube.com/watch?v=tbJPoZC5MWc
TVアニメ『LV999の村人』ノンクレジットオープニング｜藍月なくる&棗いつき「Not a Hero」	https://www.youtube.com/watch?v=4iRiuYov9pY
TVアニメ『ヒロイン？聖女？いいえ、オールワークスメイドです（誇）！』ノンクレジットオープニング｜メロディ・ウェーブ(CV.宮本侑芽)、ルシアナ・ルトルバーグ(CV.大久保瑠美)「マデュアルハート」	https://www.youtube.com/watch?v=N9qyQ1s06yc
TVアニメ『ヒロイン？聖女？いいえ、オールワークスメイドです（誇）！』ノンクレジットエンディング｜仲村宗悟「ハンドメイド」	https://www.youtube.com/watch?v=hzJqg7M1JrE
TV アニメ『盗掘王』ノンクレジットエンディング映像｜QWER「To Be Continued」	https://www.youtube.com/watch?v=_4TDl0RPfnE
TVアニメ『マリッジトキシン』ノンクレジットエンディング 嵐山キミ恵Ver.｜AKASAKI「シャケナベイベー」	https://www.youtube.com/watch?v=kG-Ee34Aoc0
TVアニメ『BLACK TORCH』ノンクレジットオープニング映像｜SiM「FREEZE ME UP」	https://www.youtube.com/watch?v=2FjRzlo5zHI
TVアニメ『令和のダラさん』ノンクレジットエンディング映像  | 2026年7月2日（木）放送開始	https://www.youtube.com/watch?v=HjtjOaJz-_U
TVアニメ『うちの弟どもがすみません』ノンクレジットオープニングムービー｜DISH//「アイコトバ」	https://www.youtube.com/watch?v=X_knFby9AJc
【OP映像】TVアニメ『MAO』第2クールノンクレジットオープニング｜TV Anime MAO Part 2 Opening｜20th Century「僕らが上書きする世界」	https://www.youtube.com/watch?v=8ArJWpMmZkA
TV アニメ『盗掘王』ノンクレジットオープニング映像｜QWER「SHOW DOWN」	https://www.youtube.com/watch?v=PVN8Pj_Ykyo
【Live Clip Ep12】ルルットリリィ「マジカルランデブー」ライブシーン／TVアニメ『魔法の姉妹ルルットリリィ』 #ルルットリリィ #るるりり	https://www.youtube.com/watch?v=cNmAFzoKPm4
TVアニメ「バンドリ！ ゆめ∞みた」ノンクレジットオープニング映像	https://www.youtube.com/watch?v=Ech7Tj8ga0Y
「INTERNET YAMERO」 超絶最かわてんしちゃん│アニメ『NEEDY GIRL OVERDOSE』#12	https://www.youtube.com/watch?v=ggr0CDxag-M
第11話 エンディングムービー｜TVアニメ『上伊那ぼたん、酔へる姿は百合の花』	https://www.youtube.com/watch?v=GPAfU-UEJeE
TVアニメ「ゴールデンカムイ」（第二期）ノンクレジットOP／OPテーマ：酸欠少女さユり×MY FIRST STORY「レイメイ」	https://www.youtube.com/watch?v=LOOTDNga7hY
TVアニメ「ゴールデンカムイ」（第二期）ノンクレジットED／EDテーマ：eastern youth「時計台の鐘」	https://www.youtube.com/watch?v=cjlO5gGNYw4
アニメ『刃牙道』ノンクレジットOP Chevon「六ノ輪」│BAKI-DOU Opening Movie│Netflix Anime	https://www.youtube.com/watch?v=x0ygvWo5e3k
Aiobahn +81「INTERNET ANGEL」オープニング映像（第11話Ver.）│TVアニメ『NEEDY GIRL OVERDOSE』	https://www.youtube.com/watch?v=sUh_cOSIhns
エンディングムービー｜TVアニメ『上伊那ぼたん、酔へる姿は百合の花』（第10話エンディング楽曲「茜色の夕日」）	https://www.youtube.com/watch?v=1nxuB3UZuvs
「Silver 30」カラマーゾフ《パープル・ロリポップ（CV. 川口莉奈）、獄薔薇美血華（CV.椎名桜月）、禰智禍さま（CV.星希成奏）》│アニメ『NEEDY GIRL OVERDOSE』#10	https://www.youtube.com/watch?v=JSjVhSN5tuo
第9話 エンディングムービー｜TVアニメ『上伊那ぼたん、酔へる姿は百合の花』	https://www.youtube.com/watch?v=KjviJUC4Gvk
第8話 エンディングムービー｜TVアニメ『上伊那ぼたん、酔へる姿は百合の花』	https://www.youtube.com/watch?v=EN1eD7vGUlE
第7話 エンディングムービー｜TVアニメ『上伊那ぼたん、酔へる姿は百合の花』	https://www.youtube.com/watch?v=Z5Buo91i6_I
TVアニメ「スーパーの裏でヤニ吸うふたり」ABEMA限定先行配信版ノンクレジットED映像｜imase「NIGHT DANCER」	https://www.youtube.com/watch?v=9eo3M7-wAtU
TVアニメ「スーパーの裏でヤニ吸うふたり」ABEMA限定先行配信版ノンクレジットOP映像 ｜ずっと真夜中でいいのに。「クズリ念」	https://www.youtube.com/watch?v=OUmtsSroxns
第6話 エンディングムービー｜TVアニメ『上伊那ぼたん、酔へる姿は百合の花』	https://www.youtube.com/watch?v=Rdxg1uk7ABo
TVアニメ『マリッジトキシン』ノンクレジットエンディング 嬉野シオリVer.｜AKASAKI「シャケナベイベー」	https://www.youtube.com/watch?v=RG38wnLdkNQ
第5話 エンディングムービー｜TVアニメ『上伊那ぼたん、酔へる姿は百合の花』	https://www.youtube.com/watch?v=Fk1oNQbxCwA
TVアニメ「ゴールデンカムイ」ノンクレジットED／EDテーマ：THE SIXTH LIE「Hibana」	https://www.youtube.com/watch?v=WoxjwjKbVRQ
TVアニメ「ゴールデンカムイ」ノンクレジットOP／OPテーマ：MAN WITH A MISSION「Winding Road」	https://www.youtube.com/watch?v=dRvJhDzAckA
【期間限定】TVアニメ『BLEACH』ED映像｜「STAY BEAUTIFUL」Diggy-MO’	https://www.youtube.com/watch?v=7XcPr5tESx4
『杖と剣のウィストリア』Season2　第16話EDムービー｜ED主題歌：シユイ「リーチライト」	https://www.youtube.com/watch?v=L0x7wHQXYoQ
第4話 エンディングムービー｜TVアニメ『上伊那ぼたん、酔へる姿は百合の花』	https://www.youtube.com/watch?v=TQlaOpl2r-Y
TVアニメ『ガンバレ！中村くん！！』第５話エンディングテーマ曲：泰葉「フライディ・チャイナタウン」	https://www.youtube.com/watch?v=Brv4IgYK6sw
『転生したらスライムだった件』第4期オープニング映像 第1弾	https://www.youtube.com/watch?v=m_AxhLQbuXk
『転生したらスライムだった件』第4期エンディング映像 第1弾	https://www.youtube.com/watch?v=b8LwcMfMVF0
【Live Clip Ep4】ましゅールル「Little singing bird」歌唱シーン／TVアニメ『魔法の姉妹ルルットリリィ』 #ルルットリリィ #るるりり	https://www.youtube.com/watch?v=PrepCmXdyW8
TVアニメ『キルアオ』ノンクレジットエンディング映像｜RIIZE「KILL SHOT」	https://www.youtube.com/watch?v=nP-aNevWpX8
第3話 エンディングムービー｜TVアニメ『上伊那ぼたん、酔へる姿は百合の花』	https://www.youtube.com/watch?v=Ntfpz5DCFck
TVアニメ『また殺されてしまったのですね、探偵様』ノンクレジットエンディング映像｜リリテア（CV：若山詩音）「リリテアの歌」	https://www.youtube.com/watch?v=TBsu57Zr-yY
TVアニメ『幼女戦記』ノンクレジットエンディング｜《第2期　2026年7月放送開始！》	https://www.youtube.com/watch?v=SvR4W0K4W_E
【リゼロ】4th seasonノンクレジットエンディング映像│「Ender Ember」MYTH & ROID feat. TK（凛として時雨）	https://www.youtube.com/watch?v=iKLqlb_oX60
【期間限定】TVアニメ『BLEACH』ED映像｜「君を守って 君を愛して」サンボマスター	https://www.youtube.com/watch?v=v1fiGwbXUWU
TVアニメ『マリッジトキシン』ノンクレジットエンディング 姫川杏子Ver.｜AKASAKI「シャケナベイベー」	https://www.youtube.com/watch?v=XNaOAxxxjsY
TVアニメ『こめかみっ！Girls』ノンクレジットオープニングムービー ｜ 悠佑（いれいす）「Get Set Go!」	https://www.youtube.com/watch?v=eILexarXpYU
TVアニメ『神の雫』ノンテロップED｜内田真礼「カミノシズク」	https://www.youtube.com/watch?v=bxOXG3_xjuM
【期間限定】TVアニメ『BLEACH』OP映像｜「少女S」SCANDAL	https://www.youtube.com/watch?v=1J3faBzQhi0
TVアニメ『幼女戦記』ノンクレジットオープニング｜《第2期　2026年7月放送開始！》	https://www.youtube.com/watch?v=RIJdfhzGz3U
TVアニメ『また殺されてしまったのですね、探偵様』ノンクレジットオープニング映像｜多次元制御機構よだか「スターダスト・エウレカ」	https://www.youtube.com/watch?v=Z53w6cpG5GM
【TVアニメ『涼宮ハルヒの憂鬱』ノンクレジットED】「ハレ晴レユカイ」｜TVアニメ20周年記念 参加型企画 #ハルヒ歌ってみた #ハルヒ弾いてみた #ハルヒ踊ってみた 開催！	https://www.youtube.com/watch?v=Lz8hIzfXU1s
【TVアニメ『涼宮ハルヒの憂鬱』挿入歌映像】「God knows...」｜TVアニメ20周年記念 参加型企画 #ハルヒ歌ってみた #ハルヒ弾いてみた #ハルヒ踊ってみた 開催！	https://www.youtube.com/watch?v=Rtt2gvEtodY
【TVアニメ『涼宮ハルヒの憂鬱』ノンクレジットOP】「冒険でしょでしょ？」｜TVアニメ20周年記念 参加型企画 #ハルヒ歌ってみた #ハルヒ弾いてみた #ハルヒ踊ってみた 開催！	https://www.youtube.com/watch?v=BbDnGNzP5cs
【ノンクレジットエンディング】TVアニメ『黒猫と魔女の教室』｜スピラ・スピカ「ちゅーんあっぷ☆」	https://www.youtube.com/watch?v=ryjKXW9X0f8
【ノンクレジットオープニング】TVアニメ『黒猫と魔女の教室』｜ASCA「Cusp」	https://www.youtube.com/watch?v=ATTWunJa4yc
TVアニメ『夜桜さんちの大作戦』第2期ノンクレジットEDムービー（ピラフ星人／Shalala）	https://www.youtube.com/watch?v=X6fNe1uPs9E
TVアニメ『夜桜さんちの大作戦』第2期ノンクレジットOPムービー（櫻坂46／What’s “KAZOKU”?）	https://www.youtube.com/watch?v=AIspds2UVts
『杖と剣のウィストリア』Season2　ノンクレジットEDムービー｜ED主題歌：シユイ「リーチライト」	https://www.youtube.com/watch?v=Pn0c9QIiqbo
TVアニメ『キルアオ』ノンクレジットオープニング映像｜aespa「ATTITUDE」	https://www.youtube.com/watch?v=1zgsM9fC61M
TVアニメ『神の雫』ノンテロップOP｜HOKUTO「hate you? love you?」	https://www.youtube.com/watch?v=6uFFskbozew
第2話 エンディングムービー｜TVアニメ『上伊那ぼたん、酔へる姿は百合の花』	https://www.youtube.com/watch?v=lBUqA2wxPIM
TVアニメ『マリッジトキシン』ノンクレジットエンディング｜AKASAKI「シャケナベイベー」	https://www.youtube.com/watch?v=R6_SOvEnj8M
aoen「Youth」ノンクレジット映像 | アニメ『BEYBLADE X 真・未来編』 エンディングテーマ	https://www.youtube.com/watch?v=nrvbC5NDuDQ
aoen 「Youth」 ノンクレジット映像 | アニメ『BEYBLADE X 真・未来編』 エンディングテーマ	https://www.youtube.com/watch?v=_pPmev-UmUA
TVアニメ「一畳間まんきつ暮らし！」ノンクレジット版エンディングテーマ	https://www.youtube.com/watch?v=sngaHHSepmI
TVアニメ「一畳間まんきつ暮らし！」ノンクレジット版オープニングテーマ	https://www.youtube.com/watch?v=E1LqTOWWymI
TVアニメ『姫騎士は蛮族の嫁』ノンクレジットOP映像	https://www.youtube.com/watch?v=iD1oBQb5V5c
【オタクに優しいギャルはいない!?】オープニングテーマ『HIDE AND SEEK』（i-dle）ノンクレジット	https://www.youtube.com/watch?v=JCDGaA2sfi0
『彼女、お借りします』第5期　なきごと「204号室」｜ノンクレジットエンディング	https://www.youtube.com/watch?v=p-iOFxtEUq0
【ノンクレED】shallm「何なんですか？」TVアニメ『女神「異世界転生何になりたいですか」 俺「勇者の肋骨で」』	https://www.youtube.com/watch?v=zu0WVlbMEto
【ノンクレOP】終活クラブ「転生願望」TVアニメ『女神「異世界転生何になりたいですか」 俺「勇者の肋骨で」』	https://www.youtube.com/watch?v=ISHRkXxcWxA
TVアニメ『マリッジトキシン』ノンクレジットオープニング｜平手友梨奈「Kill or Kiss」	https://www.youtube.com/watch?v=7xi16GVkCcA
TVアニメ「愛してるゲームを終わらせたい」ノンクレジットOP｜CHiCO with HoneyWorks「君のせいで愛してる」	https://www.youtube.com/watch?v=2tqTCYjznf0
TVアニメ「愛してるゲームを終わらせたい」ノンクレジットED｜PompadollS「リトルワールド」	https://www.youtube.com/watch?v=sKP2TJ3wINI
TVアニメ『悲劇の元凶となる最強外道ラスボス女王は民の為に尽くします。Season２』ノンクレジットエンディング映像｜ガラクタ「たられば」	https://www.youtube.com/watch?v=xSNhOhCEaC4
TVアニメ『日本三國』ノンクレジットエンディング映像｜Leina「誓い」	https://www.youtube.com/watch?v=wUpHmr9thVQ
【ノンクレジットED】TVアニメ「とんがり帽子のアトリエ」ノンクレジットエンディング映像｜Nakamura Hak「ただ美しい呪い」	https://www.youtube.com/watch?v=tN_1OM5BGws
『LIAR GAME』OP／TVアニメOPテーマ：ヨルシカ「あぶく」	https://www.youtube.com/watch?v=eFzlhUL_1fI
『LIAR GAME』ED／TVアニメEDテーマ：Lucky Kilimanjaro「朝日」	https://www.youtube.com/watch?v=-ZN0LGiXu18
TVアニメ『ポンコツ風紀委員とスカート丈が不適切なＪＫの話』ノンクレジットOP映像｜TOKYO MX（毎週月曜23時30分～）、BS朝日（毎週月曜23時24分～）ほかにて放送中!!	https://www.youtube.com/watch?v=w7OmO94Ezt8
TVアニメ『ポンコツ風紀委員とスカート丈が不適切なＪＫの話』ノンクレジットED映像｜TOKYO MX（毎週月曜23時30分～）、BS朝日（毎週月曜23時24分～）ほかにて放送中!!	https://www.youtube.com/watch?v=jkUzjZlp0jk
【ノンクレジットOP】TVアニメ「とんがり帽子のアトリエ」ノンクレジットオープニング映像｜Eve「風のアンセム」feat. suis from ヨルシカ	https://www.youtube.com/watch?v=rQ0S_0CepIo
TVアニメ『自称悪役令嬢な婚約者の観察記録。』ノンクレジットED映像｜RLOEVO「Magic」	https://www.youtube.com/watch?v=3D1CqPMWxv0
第2話 憑依鎮魂歌「gifted」相葉芹亜（CV：藤寺美徳）＆二コラ・テスラ（CV：佐々木崇）|TVアニメ『ゴーストコンサート : missing Songs』	https://www.youtube.com/watch?v=5gBUtvf3OZ4
TVアニメ『魔法の姉妹ルルットリリィ』ノンクレジットED｜ 4月5日(日)よりTOKYO MXほかにて放送中	https://www.youtube.com/watch?v=iPkHSnxzvdY
【Live Clip Ep2】こんぺとリリィ「La Lu Sugarin’」ライブシーン／TVアニメ『魔法の姉妹ルルットリリィ』 #ルルットリリィ #るるりり	https://www.youtube.com/watch?v=WDqOPQ-svE0
TVアニメ「ONE PIECE」エルバフ編ノンクレジットED映像／時速36km「その未来」｜毎週日曜夜11:15より全国フジテレビ系にて放送中	https://www.youtube.com/watch?v=Qx-XXzEUm-8
TVアニメ『神の庭付き楠木邸』ノンクレジットエンディング｜JYOCHO「うたまひ」	https://www.youtube.com/watch?v=LPQzrh26eYY
TVアニメ『NEEDY GIRL OVERDOSE』ノンクレジットエンディング映像│キタニタツヤ「れびてーしょん」	https://www.youtube.com/watch?v=Mkbo5HbFCSs
TVアニメ「黄泉のツガイ」ノンクレジットエンディングムービー｜yama「飛ぼうよ」	https://www.youtube.com/watch?v=InKfZBjNlQE
TVアニメ『あかね噺』ノンクレジットエンディング映像｜桑田佳祐「AKANE On My Mind～饅頭こわい」	https://www.youtube.com/watch?v=wacbFJzImfk
TVアニメ「黄泉のツガイ」ノンクレジットオープニングムービー｜Vaundy「飛ぶ時」	https://www.youtube.com/watch?v=E1fSjs1bA04
TVアニメ「よわよわ先生」ノンクレジットED ｜「よわよわ　つよつよ　みにみに　こわこわ」 鶸村ひより(CV.高野麻里佳)、椋林瑞希(CV.伊駒ゆりえ)、雪下祐樹(CV.篠原 侑)	https://www.youtube.com/watch?v=LRPRccAPekk
TVアニメ「よわよわ先生」ノンクレジットOP ｜「COMIT COMET」Daoko	https://www.youtube.com/watch?v=0jO_isUIymg
TVアニメ『勇者のクズ』ノンクレジット第2クールオープニング映像 / 「Revive」ClariS	https://www.youtube.com/watch?v=bKg6hBoDZOs
【#霧尾ファンクラブ 】涙なめなめソング_初セッション	https://www.youtube.com/watch?v=nPp1JHsHwsg
アニメ『本好きの下剋上 領主の養女』OPノンクレジット映像「Pages」Little Glee Monster/毎週土曜夕方5時半～放送中！	https://www.youtube.com/watch?v=0qdKbCsvtKA
Toshl「愛をとりもどせ!!」｜『北斗の拳 -FIST OF THE NORTH STAR-』ノンクレジットエンディング	https://www.youtube.com/watch?v=hx2StgpGgMs
オープニングムービー完全版｜TVアニメ『上伊那ぼたん、酔へる姿は百合の花』	https://www.youtube.com/watch?v=fUU_VKLXzRQ
第1話 エンディングムービー｜TVアニメ『上伊那ぼたん、酔へる姿は百合の花』	https://www.youtube.com/watch?v=ri-eSmQLcAo
『彼女、お借りします』第5期　雨宮 天「ノンシナリオ・エチュード」｜ノンクレジットオープニング	https://www.youtube.com/watch?v=lvbumK8M75E
【ノンクレジットOP】「一二三」Penthouse／アニメ『魔入りました！入間くん』第４シリーズ	https://www.youtube.com/watch?v=x-5r-_DeSlc
『杖と剣のウィストリア』Season2　OPムービー 第13話「境界の日」｜OP主題歌：ASH DA HERO「BELIEVERS」	https://www.youtube.com/watch?v=03eMtnVjiBk
【ED映像】TVアニメ『MAO』ノンクレジットエンディング｜TV Anime MAO Ending｜TRUE「呪愛」	https://www.youtube.com/watch?v=luONd0zN-zo
TVアニメ「灰原くんの強くて青春ニューゲーム」ノンクレジットエンディング映像|愛美「ドラマチック逃避行」	https://www.youtube.com/watch?v=M7Ct63p7RJ4
【OP映像】TVアニメ『MAO』ノンクレジットオープニング｜TV Anime MAO Opening｜Kis-My-Ft2「HEARTLOUD」	https://www.youtube.com/watch?v=3opXs4KrivY
【淡島百景】ノンクレジットエンディング｜中島美嘉「光」【4月9日(木)25時45分よりフジテレビほかにて放送開始】	https://www.youtube.com/watch?v=oJ5zAjwnPzA
TVアニメ「リィンカーネーションの花弁」ノンクレジットエンディング｜Sizuk「零」	https://www.youtube.com/watch?v=NANE-Hb_35Y
TVアニメ「リィンカーネーションの花弁」ノンクレジットオープニング｜eill「Glitch*」	https://www.youtube.com/watch?v=vpQwM9sFuFI
TVアニメ『姫騎士は蛮族の嫁』ノンクレジットED映像	https://www.youtube.com/watch?v=45ZUyD_SxeQ
TVアニメ『ガンバレ！中村くん！！』第２話エンディングテーマ曲：バブルガム・ブラザーズ「WON'T BE LONG」	https://www.youtube.com/watch?v=HqQTlnjLE0w
【ノンクレED】TVアニメ『逃がした魚は大きかったが釣りあげた魚が大きすぎた件』ノンクレジットエンディング映像│吉乃「DEAD OR LOVE」	https://www.youtube.com/watch?v=AKmzei1Two0
【ノンクレOP】ビバラッシュ「ジハンキズム」TVアニメ「自動販売機に生まれ変わった俺は迷宮を彷徨う3rd season」	https://www.youtube.com/watch?v=H7vmZ7H8DqY
超特急「C'est la vie」 アニメ「ただいま、おじゃまされます！」ノンテロップOP	https://www.youtube.com/watch?v=VHYJSfburSA
【asmi「あわ」】TVアニメ「レプリカだって、恋をする。」ノンクレジットED映像	https://www.youtube.com/watch?v=9fcGX1x71UA
【シャイトープ「リフレイン」】TVアニメ「レプリカだって、恋をする。」ノンクレジットOP映像	https://www.youtube.com/watch?v=BEj-QbHC54M
TVアニメ「左ききのエレン」オープニング映像/4月7日(火)深夜24時～テレ東系列ほかにて放送開始	https://www.youtube.com/watch?v=vlbobXEQLqY
TVアニメ「左ききのエレン」エンディング映像/4月7日(火)深夜24時～テレ東系列ほかにて放送開始	https://www.youtube.com/watch?v=ugzqMxsawh8
TVアニメ「クラスで２番目に可愛い女の子と友だちになった」ノンテロップED映像｜「ずっと１番にしてね」コレサワ	https://www.youtube.com/watch?v=1IKax57ZOXs
TVアニメ「クラスで２番目に可愛い女の子と友だちになった」ノンテロップOP映像｜「サブマリンユース」reGretGirl	https://www.youtube.com/watch?v=n4PRWtY26Uc
TVアニメ『悲劇の元凶となる最強外道ラスボス女王は民の為に尽くします。Season２』ノンクレジットオープニング映像｜レトロリロン「エゴ」	https://www.youtube.com/watch?v=4cGnQ8gFCCs
『葬送のフリーレン』第2期最終第38話 特殊EDノンクレジット版／特別EDテーマ：「Trace」milet	https://www.youtube.com/watch?v=R5cBm08p_jE
【ノンクレジットED】TVアニメ「異世界のんびり農家２」｜「Sunny Steps」／緋月ゆい	https://www.youtube.com/watch?v=40K8d9oveiY
【ノンクレジットOP】TVアニメ「異世界のんびり農家２」｜「It’s a beautiful story」／ルールーシー＝ルー（CV.下地紫野）＆ティア（CV.洲崎綾)	https://www.youtube.com/watch?v=EMhgPcxCz9I
TVアニメ『自称悪役令嬢な婚約者の観察記録。』ノンクレジットOP映像｜宮川愛李「ラフレア」	https://www.youtube.com/watch?v=zxS6lFQHiUc
【公式】遊☆戯☆王ゴーラッシュ！！ オープニング・エンディング集（ノンテロップ版）	https://www.youtube.com/watch?v=uynjLEXg9SE
【公式】遊☆戯☆王SEVENS オープニング・エンディング集（ノンテロップ版）	https://www.youtube.com/watch?v=DA9GCoZNsUo
【公式】遊☆戯☆王VRAINS オープニング・エンディング集（ノンテロップ版）	https://www.youtube.com/watch?v=lzob1wb7dkY
【公式】遊☆戯☆王ARC-Ⅴ オープニング・エンディング集（ノンテロップ版）	https://www.youtube.com/watch?v=xNe3gaHFF-I
【公式】遊☆戯☆王ZEXAL オープニング・エンディング集（ノンテロップ版）	https://www.youtube.com/watch?v=RRJ-bFZ3KZE
【公式】遊☆戯☆王5D's オープニング・エンディング集（ノンテロップ版）	https://www.youtube.com/watch?v=bdnAkn4XeIA
【公式】遊☆戯☆王デュエルモンスターズGX オープニング・エンディング集（ノンテロップ版）	https://www.youtube.com/watch?v=4zqpkKepyVg
【期間限定】TVアニメ『BLEACH』OP映像｜「CHU-BURA」KELUN	https://www.youtube.com/watch?v=CfG7k_F8Bm0
【公式】遊☆戯☆王デュエルモンスターズ　オープニング・エンディング集（ノンテロップ版）	https://www.youtube.com/watch?v=2EcB6R6jKcY
TVアニメ『日本三國』ノンクレジットオープニング映像｜キタニタツヤ「火種」	https://www.youtube.com/watch?v=nW2CpHcmlo4
第1話 憑依鎮魂歌「RES∞NALIST」相葉芹亜（CV：藤寺美徳）＆クレオパトラ（CV：日高里菜）|TVアニメ『ゴーストコンサート : missing Songs』	https://www.youtube.com/watch?v=g1Qepklw4sM
ノンクレジットED映像│TVアニメ『最強の職業は勇者でも賢者でもなく鑑定士（仮）らしいですよ？』EDテーマ #ファントムシータ 「もーいーかい？」	https://www.youtube.com/watch?v=nBD9a-SgMOc
ノンクレジットOP映像│TVアニメ『最強の職業は勇者でも賢者でもなく鑑定士（仮）らしいですよ？』OPテーマ #緑仙 「コンパスは透明」	https://www.youtube.com/watch?v=3Kz5AYPXO4o
TVアニメ『ゴーストコンサート : missing Songs』ノンクレジットOP映像／「業魂REQUIEMER」相葉芹亜（CV.藤寺美徳）	https://www.youtube.com/watch?v=uN6qJzuCFtw
TVアニメ『ゴーストコンサート : missing Songs』ノンクレジットED映像／「茨の道」オデッセウス（CV.寿美菜子）	https://www.youtube.com/watch?v=KygwMir5i_U
TVアニメ『魔法の姉妹ルルットリリィ』ノンクレジットOP｜ 4月5日(日)よりTOKYO MXほかにて放送中	https://www.youtube.com/watch?v=803SES0YVcM
TVアニメ「メイドさんは食べるだけ」ノンクレジットED｜ARCANA PROJECT 「しあわせフレーバー」	https://www.youtube.com/watch?v=vBSo4npKK9A
TVアニメ「メイドさんは食べるだけ」ノンクレジットOP｜majiko 「リボン」	https://www.youtube.com/watch?v=VHD2269UqdM
ノンクレジットOP映像│TVアニメ『最強の職業は勇者でも賢者でもなく鑑定士（仮）らしいですよ？』OPテーマ #緑仙 「コンパスは透明」	https://www.youtube.com/watch?v=rm86UwJz8Ck
ノンクレジットED映像│TVアニメ『最強の職業は勇者でも賢者でもなく鑑定士（仮）らしいですよ？』EDテーマ #ファントムシータ 「もーいーかい？」	https://www.youtube.com/watch?v=6w3_R9Cfdp0
TVアニメ「DIGIMON BEATBREAK」ノンクレジットエンディングムービー③／YENA「ミラミラ」	https://www.youtube.com/watch?v=8NuPuaockUg
TVアニメ『神の庭付き楠木邸』ノンクレジットオープニング｜入野自由「驚きの子」	https://www.youtube.com/watch?v=JMqsT9cPh1c
【ノンクレジットOP】TVアニメ「カナン様はあくまでチョロい」| Faulieu.「初恋モーメント」	https://www.youtube.com/watch?v=n1NHA8uB07U
TVアニメ『NEEDY GIRL OVERDOSE』ノンクレジットオープニング映像│Aiobahn ＋81「INTERNET ANGEL」	https://www.youtube.com/watch?v=M9wN_XYf5Fc
【OP映像】TVアニメ「春夏秋冬代行者 春の舞」ノンクレジットオープニング映像	https://www.youtube.com/watch?v=7k4VN-XmgLs
【ED映像】TVアニメ「春夏秋冬代行者 春の舞」ノンクレジットエンディング映像	https://www.youtube.com/watch?v=lrHJGndISbA
TVアニメ『あかね噺』ノンクレジットオープニング映像｜桑田佳祐「人誑し / ひとたらし」	https://www.youtube.com/watch?v=33pSxvDNnIQ
TVアニメ『転生したらスライムだった件 第4期』エンディング主題歌 CiON【渇望】Anime Collaboration Lyric Video	https://www.youtube.com/watch?v=xdhkJtJcdEk
【ノンクレジットED】「すーぱー優勝ちゅーーん！」CANDY TUNE／アニメ『魔入りました！入間くん』第４シリーズ	https://www.youtube.com/watch?v=5FXERgxcYa4
【ノンクレジットOP】「一二三」Penthouse／アニメ『魔入りました！入間くん』第４シリーズ	https://www.youtube.com/watch?v=LlAkcg1cOH0
アニメ『本好きの下剋上 領主の養女』EDノンクレジット映像「今も、ありがとう」生田絵梨花/毎週土曜夕方5時半～放送中！	https://www.youtube.com/watch?v=puoU41w7I1s
TVアニメ『ダイヤのA actⅡ』OP①「はじまりのうた」｜GLAY	https://www.youtube.com/watch?v=J_OxuDSZ4ng
【期間限定】TVアニメ『炎炎ノ消防隊 参ノ章』最終話特殊オープニング映像｜西川貴教「Ignis -イグニス-」	https://www.youtube.com/watch?v=LdKc375QmcY
TVアニメ『スノウボールアース』ノンクレジットED映像／EDテーマ：ヒグチアイ「今この胸に滾るのは」	https://www.youtube.com/watch?v=P8ah0Lgxy98
TVアニメ『スノウボールアース』ノンクレジットOP映像／OPテーマ：tuki.「零-zero-」	https://www.youtube.com/watch?v=fBJ0Vx9tqCE
TVアニメ『お隣の天使様にいつの間にか駄目人間にされていた件2』ノンクレジットOP映像／OP主題歌：オーイシマサヨシ「君は恋人」／毎週金曜22:30よりTOKYO MXほかにて放送中！	https://www.youtube.com/watch?v=SNISFSVUuL0
TVアニメ『お隣の天使様にいつの間にか駄目人間にされていた件2』ノンクレジットED映像／ED主題歌：椎名真昼「うれしい！たのしい！大好き！」	https://www.youtube.com/watch?v=sZRWkXpekDE
TVアニメ『ダイヤのA Second Season』OP②「空が青空であるために」｜GLAY	https://www.youtube.com/watch?v=K7PahPJiRzE
TVアニメ「灰原くんの強くて青春ニューゲーム」ノンクレジットオープニング映像|前島亜美「Fly Again!!」	https://www.youtube.com/watch?v=MhbAgdUgbgk
TVアニメ「霧尾ファンクラブ」ノンクレジットエンディング映像｜a子「ハーモニー」	https://www.youtube.com/watch?v=44y_hoBPm0U
TVアニメ「霧尾ファンクラブ」オープニング映像｜スカートとODD Foot Works「FANCLUB」	https://www.youtube.com/watch?v=u5syUWK5d-8
TVアニメ『氷の城壁』ノンクレジットED映像｜ポルカドットスティングレイ「逆様」	https://www.youtube.com/watch?v=5ggfKnnQ-0Q
TVアニメ『氷の城壁』ノンクレジットOP映像｜Novelbright「透明」	https://www.youtube.com/watch?v=fWsHcllfmx4
アニメ『Dr.STONE SCIENCE FUTURE』第3クールノンクレジットOP映像／「スキンズ」ASIAN KUNG-FU GENERATION	https://www.youtube.com/watch?v=ycH4Twoq83I
アニメ『Dr.STONE SCIENCE FUTURE』第3クールノンクレジットED映像／「ROCKET」BURNOUT SYNDROMES	https://www.youtube.com/watch?v=HXvZ7Y7uYbo
【淡島百景】ノンクレジットオープニング｜HanaHope「blue hour」【4月9日(木)25時45分よりフジテレビほかにて放送開始】	https://www.youtube.com/watch?v=eTeTEuwu_8c
TVアニメ『タイヤのA Second Season』OP①「HEROES」｜GLAY	https://www.youtube.com/watch?v=Rok87OY0VUs
『最強の王様』Season2 ノンクレED映像	https://www.youtube.com/watch?v=ZlGcVtAmYw8
【ノンクレOP】TVアニメ『逃がした魚は大きかったが釣りあげた魚が大きすぎた件』ノンクレジットオープニング映像│HoneyWorks feat.鈴木愛理「誓いはキュンと。」	https://www.youtube.com/watch?v=ST5frAU-e6c
TVアニメ「ようこそ実力至上主義の教室へ４th Season 2年生編1学期」ノンクレジットオープニング映像	https://www.youtube.com/watch?v=p8XSB8VVrNY
TVアニメ「ようこそ実力至上主義の教室へ４th Season 2年生編1学期」ノンクレジットエンディング映像	https://www.youtube.com/watch?v=ZA3NBMpa6Qs
【プリオケ】第48話 オルケリア「ゼンセカイ歌姫宣言ッ！」｜毎週日曜あさ9:00～TVアニメ放送中	https://www.youtube.com/watch?v=t7-53aGFg0Q
TVアニメ『ダイヤのA』クールOP③「疾走れ！ミライ」｜GLAY	https://www.youtube.com/watch?v=h7EO2tSaH1k
【プリオケ】第48話 オルケリア「Super Higher Dreamer!!! -Ver. for My Precious-」｜毎週日曜あさ9:00～TVアニメ放送中	https://www.youtube.com/watch?v=JdI6SKrKheM
TVアニメ『ダイヤのA』OP②「Perfect HERO」｜Tom-H@ck featuring 大石昌良	https://www.youtube.com/watch?v=hF-YItYEQbU
【違国日記】「ソナーレ」朝(ライブ)ver.｜第13話「朝(あした)が来る」	https://www.youtube.com/watch?v=0XVtW-b09BQ
『最強の王様』Season2 ノンクレOP映像	https://www.youtube.com/watch?v=Lh0eDF42f2M
TVアニメ『ダイヤのA』ノンクレジットOP①「Go EXCEED!!」｜Tom-H@ck featuring 大石昌良	https://www.youtube.com/watch?v=Rhx8FogWiyI
TVアニメーション『ガンバレ！中村くん！！』ノンクレジットオープニング｜『瞬発的に恋しよう』岡村靖幸・中島健人	https://www.youtube.com/watch?v=JNbh6RTyOaE
【リゼロ】4th seasonノンクレジットオープニング映像│「Recollect」鈴木このみ feat. Ashnikko	https://www.youtube.com/watch?v=VDGG9zi53rQ
『北斗の拳 -FIST OF THE NORTH STAR-』ノンクレジットオープニング｜ [Alexandros] 「Hallelujah」	https://www.youtube.com/watch?v=MRX2tZxYi9g
【期間限定】TVアニメ『BLEACH』OP映像｜「ALONES」Aqua Timez	https://www.youtube.com/watch?v=-qOIwxWYdX4
『ドロヘドロ Season2』ノンクレジットエンディング映像 | 2026年4月1日（水）より、毎週水曜23:00～配信開始！	https://www.youtube.com/watch?v=q9jOTM2XlK0
『ドロヘドロ Season2』ノンクレジットオープニング映像 | 2026年4月1日（水）より、毎週水曜23:00～配信開始！	https://www.youtube.com/watch?v=guARjKjyFLY
TVアニメ『シャンピニオンの魔女』第12話ノンクレジットオープニング  2026年1月から放送・配信中！	https://www.youtube.com/watch?v=cFgrjuKWBoU
【プリオケ】第46話 赤の女王「真紅の荊」｜毎週日曜あさ9:00～TVアニメ放送中	https://www.youtube.com/watch?v=PbFopuXnR_Q
【プリオケ】第46話 ナビーユ「KING OF SOLITARY」｜毎週日曜あさ9:00～TVアニメ放送中	https://www.youtube.com/watch?v=SxIzl_ymMs0
【期間限定】TVアニメ『BLEACH』OP映像｜「Rolling star」YUI	https://www.youtube.com/watch?v=n2dD_rPwlQg
【プリオケ】FUTURE SESSION|「プリンセッション・オーケストラ」オープニングムービー・完全版【歌詞つき】	https://www.youtube.com/watch?v=ba4qYyEEwdk
【プリオケ】第45話 オルケリア「Future Never Ends」｜毎週日曜あさ9:00～TVアニメ放送中	https://www.youtube.com/watch?v=z5ZUbDq3Sys
【プリオケ】第45話 バンド・スナッチ「LEGENDARY REVIVAL 」｜毎週日曜あさ9:00～TVアニメ放送中	https://www.youtube.com/watch?v=3FEHUogzyIk
【期間限定】TVアニメ『BLEACH』OP映像｜「TONIGHT, TONIGHT, TONIGHT」BEAT CRUSADERS	https://www.youtube.com/watch?v=l_6pmz70Emw
【プリオケ】第45話 オルケリア「FUTURE SESSION」｜毎週日曜あさ9:00～TVアニメ放送中	https://www.youtube.com/watch?v=tOVuL4Z64r0
【プリオケ】第45話 花の騎士「Luminous Bloom」｜毎週日曜あさ9:00～TVアニメ放送中	https://www.youtube.com/watch?v=I_z_Wd2ga1o
TVアニメ『グノーシア』ノンクレジットエンディングムービー[FINALE RED] |梅田サイファー「FLOOR KILLER」【毎週土曜24:00～第2クール放送中】	https://www.youtube.com/watch?v=AZEEiShU9BY
アニメ『BEASTARS FINAL SEASON』 Part2ノンクレジットED│SEVENTEEN「Tiny Light」	https://www.youtube.com/watch?v=eDN4PWwBpng
アニメ『BEASTARS FINAL SEASON』 Part2ノンクレジットOP│神前暁「LA FERALIA」	https://www.youtube.com/watch?v=bq5sFepT84U
TVアニメ『みどりのマキバオー』OP映像 |「走れマキバオー」F・MAP | スタジオぴえろ【公式】	https://www.youtube.com/watch?v=Ko2yM6T3-WM
TVアニメ『みどりのマキバオー』ED映像 |「とってもウマナミ」MEN‘S5 | スタジオぴえろ【公式】	https://www.youtube.com/watch?v=MZSDlQI6bGs
TVアニメ『グノーシア』ノンクレジットエンディングムービー[FINALE] |凛として時雨「Loo％ Who％」【毎週土曜24:00～第2クール放送中】	https://www.youtube.com/watch?v=XG01KeNA5hI
アニメ「DARK MOON　-黒の月: 月の祭壇-」ノンクレジットエンディング映像【ENHYPEN「Fatal Trouble」騎士Ver.】	https://www.youtube.com/watch?v=AAr7Tkij_74
アニメ『刃牙道』ノンクレジットED Novel Core「Mountain Top」│BAKI-DOU Ending Movie	https://www.youtube.com/watch?v=KKOr3xF2iOM
アニメ『刃牙道』ノンクレジットOP　WANIMA「フルボコ」│BAKI-DOU Opening Movie	https://www.youtube.com/watch?v=3KIPGQJh4vI
【プリオケ】第42話 バンド・スナッチ「LEGENDARY REVIVAL 」｜毎週日曜あさ9:00～TVアニメ放送中	https://www.youtube.com/watch?v=8VvMDKepJb4
TVアニメ『魔都精兵のスレイブ2』ノンクレジットED2｜内田真礼「LOVE LOVE ビーム」	https://www.youtube.com/watch?v=TyE-9Vv9VsE
【本編映像】ハッピーシンセサイザ(COVER)  かぐや (cv.夏吉ゆうこ) from 超かぐや姫！	https://www.youtube.com/watch?v=uYBtslZaOuc
【プリオケ】第41話 オルケリア「Future Never Ends」｜毎週日曜あさ9:00～TVアニメ放送中	https://www.youtube.com/watch?v=_LVEC3-rlHw
【プリオケ】第41話 白の女王「白亜の揺籃 」｜毎週日曜あさ9:00～TVアニメ放送中	https://www.youtube.com/watch?v=g6kiizBtGSA
【本編冒頭映像5分42秒公開】劇中歌「Remember」yuigot / 月見ヤチヨ (cv.早見沙織)【映画『超かぐや姫！』】	https://www.youtube.com/watch?v=DK0zTkT4QSc
アニメ『Duel Masters LOST ～忘却の太陽～』エンディングテーマ　月詠み「朔日 feat. 吉乃」ノンクレジット映像	https://www.youtube.com/watch?v=L3JeU4bIHNk
アニメ『Duel Masters LOST ～忘却の太陽～』オープニングテーマ　伊東歌詞太郎「あやかしあやし」ノンクレジット映像	https://www.youtube.com/watch?v=-UqbEqhoheE
【本編ライブシーン】ワールドイズマイン CPK! Remix (かぐや & 月見ヤチヨ ver.)  ryo (supercell) from 超かぐや姫！	https://www.youtube.com/watch?v=rXcPRKriVsI
「名探偵プリキュア！」オープニング主題歌「ハートにヒント！名探偵プリキュア！」(ノンテロップver)	https://www.youtube.com/watch?v=gri5qHqXjMg
「名探偵プリキュア！」エンディング主題歌「なぜ？謎？！ANSWER」(ノンテロップver)	https://www.youtube.com/watch?v=-BmG84OEpSM
TVアニメ『グノーシア』ノンクレジットエンディングムービー[BUG] |凛として時雨「Loo％ Who％」【1/10より毎週土曜24:00～第2クール放送】	https://www.youtube.com/watch?v=clI-8dGe0_w
TVアニメ『Fate/strange Fake』ノンクレジットエンディングアニメーション ver.2｜「潜在的なアイ」13.3g	https://www.youtube.com/watch?v=rHlLzmlc69I
【本編ライブシーン】星降る海  Aqu3ra / 月見ヤチヨ(cv.早見沙織) from #超かぐや姫 ！	https://www.youtube.com/watch?v=55moNn0leAU
TVアニメ「正反対な君と僕」オープニング映像	https://www.youtube.com/watch?v=JIn6WqZ_Fs4
TVアニメ「正反対な君と僕」ノンクレジットエンディング映像	https://www.youtube.com/watch?v=A6aH9jPW8ZY
TVアニメ『勇者パーティを追い出された器用貧乏』ノンクレジットエンディング｜Nowlu「sukuu」	https://www.youtube.com/watch?v=fj6ag_NdfFc
【プリオケ】第39話 特殊エンディングムービー「QUINTET PULSE」	https://www.youtube.com/watch?v=py_e8ZyheTA
TVアニメ『メダリスト』第2期ノンクレジットエンディング映像｜Conton Candy「Rookies」	https://www.youtube.com/watch?v=o076YrFjZsA
TVアニメ『メダリスト』第2期ノンクレジットオープニング映像｜HANA「Cold Night」	https://www.youtube.com/watch?v=-hPpXrlgncE
TVアニメ『真夜中ハートチューン』OPENING MOVIE |  星街すいせい「月に向かって撃て」	https://www.youtube.com/watch?v=u3s8uBhwgw0
TVアニメ『真夜中ハートチューン』ENDING MOVIE |  Soala「声の軌跡」	https://www.youtube.com/watch?v=IbuQaaZjDLA
TVアニメ『魔王の娘は優しすぎる!!』ノンクレジットエンディング映像 第3話｜ジャヒー(CV.大橋彩香),ドゥ(CV.久野美咲),アーリマン(CV.大塚明夫)「いっこにこにこ」	https://www.youtube.com/watch?v=qK0AIZXPYDI
TVアニメ『魔王の娘は優しすぎる!!』第3話挿入歌｜ドゥ(CV.久野美咲) & サティ(CV.伊藤彩沙)「イタズラタイム」	https://www.youtube.com/watch?v=b20EZ2zh0fY
【推しの子】第3期ノンクレジットエンディング｜なとり「セレナーデ」	https://www.youtube.com/watch?v=ZWvFR00t-NE
【推しの子】第3期ノンクレジットオープニング｜ちゃんみな「TEST ME」	https://www.youtube.com/watch?v=QgIQbeRzkkc
【期間限定】TVアニメ『BLEACH』OP映像｜「＊～アスタリスク～」ORANGE RANGE	https://www.youtube.com/watch?v=iqCu1cnJTjU
【期間限定】TVアニメ『炎炎ノ消防隊 参ノ章』第2クール・エンディング映像｜Survive Said The Prophet「Speak of the Devil」	https://www.youtube.com/watch?v=4NHzOOWEaY0
【ノンクレジット映像】TVアニメ「カードファイト!! ヴァンガード Divinez 幻真星戦編」EDテーマ『ギラギラ』RealRomantic	https://www.youtube.com/watch?v=RcYCxEjHGqw
アニメ「DARK MOON　-黒の月: 月の祭壇-」ノンクレジットエンディング映像【ENHYPEN「CRIMINAL LOVE」】	https://www.youtube.com/watch?v=GW6uUdv_JmM
『葬送のフリーレン』第2期ノンクレジットエンディング映像／EDテーマ：「The Story of Us」milet／フリーレンED	https://www.youtube.com/watch?v=FY4Bx2qtkRM
『葬送のフリーレン』第2期ノンクレジットオープニング映像／OPテーマ：「lulu.」Mrs. GREEN APPLE／フリーレンOP	https://www.youtube.com/watch?v=C0BG3B7aksU
TVアニメ『魔都精兵のスレイブ2』ノンクレジットED｜花澤香菜「Cipher Cipher」	https://www.youtube.com/watch?v=xu98V3Skptg
TVアニメ「エリスの聖杯」ノンクレジットED映像公開 | TBS系28局・BS11にて放送中！	https://www.youtube.com/watch?v=C8kawwE636o
TVアニメ『透明男と人間女～そのうち夫婦になるふたり～』ノンクレジットオープニングムービー｜ 阿部真央「Ding-dong」	https://www.youtube.com/watch?v=hcpOaVa12DA
TVアニメ『勇者刑に処す』ノンクレジット主題歌映像│SPYAIR「Kill the Noise」	https://www.youtube.com/watch?v=h4I4frynoOo
TVアニメ『魔王の娘は優しすぎる!!』ノンクレジットエンディング映像 第2話｜ジャヒー(CV.大橋彩香),ドゥ(CV.久野美咲),アーリマン(CV.大塚明夫)「いっこにこにこ」	https://www.youtube.com/watch?v=nDSte3QwCaY
TVアニメ『魔王の娘は優しすぎる!!』ノンクレジットオープニング映像｜石原夏織「We Can Do!!」	https://www.youtube.com/watch?v=8k5gEj292BU
アニメ『暗殺教室』再放送ノンクレジットOP映像④／３年E組うた担（渚＆茅野＆業＆磯貝＆前原）「セツナBlossom」	https://www.youtube.com/watch?v=_-yfgRsaArE
アニメ『暗殺教室』再放送ノンクレジットED映像③／帰りの会「スピカ」	https://www.youtube.com/watch?v=WtdFu9F5TEc
TVアニメ『魔王の娘は優しすぎる!!』第2話挿入歌｜ドゥ(CV.久野美咲)「きみはゆきだるま」	https://www.youtube.com/watch?v=7zgKkw8Vktc
TVアニメ「死亡遊戯で飯を食う。」ノンクレジットED映像｜『祈り』歌：藤川千愛	https://www.youtube.com/watch?v=9_wI_FRMrcI
TVアニメ『うるわしの宵の月』ノンクレジットエンディング映像│エンディング主題歌：UNISON SQUARE GARDEN「アザレアの風」	https://www.youtube.com/watch?v=qz49bDs3ZUc
【推しの子】Bのリベンジ / B小町【第二十五話「入れ込み」挿入歌】	https://www.youtube.com/watch?v=5B-ZPcq8KxQ
TVアニメ『29歳独身中堅冒険者の日常』ノンクレジットエンディング映像 | HoneyWorks feat.Kotoha「君の隣は空気が美味しい」	https://www.youtube.com/watch?v=ziEpfkT6DC0
TVアニメ『29歳独身中堅冒険者の日常』ノンクレジットオープニング映像 | HoneyWorks feat.Hanon「君が灯してくれた光を今」	https://www.youtube.com/watch?v=b3-5oQacXKU
TVアニメ「アルネの事件簿」ノンテロップOP Ver.Arne/Sou「Q.E.D.」	https://www.youtube.com/watch?v=IZNfAETIaEc
TVアニメ『異世界の沙汰は社畜次第』ノンクレジットED映像｜《2026年1月6日(火)より放送中！》	https://www.youtube.com/watch?v=dk3fma4C32Y
TVアニメ『鎧真伝サムライトルーパー』エンディング映像／「POWER」ONE OR EIGHT	https://www.youtube.com/watch?v=VJflo-z7e7A
TVアニメ『勇者パーティーにかわいい子がいたので、告白してみた。』ノンクレジットオープニング映像：吉乃「Lavish!!」	https://www.youtube.com/watch?v=vMS0pPsTAkw
TVアニメ『勇者パーティーにかわいい子がいたので、告白してみた。』ノンクレジットエンディング映像：大宮陽和「キミ攻略ゲーム」	https://www.youtube.com/watch?v=xC1T9sGVs9g
TVアニメ「お気楽領主の楽しい領地防衛」オープニング映像｜中島 怜「おきらくぜ～しょん」	https://www.youtube.com/watch?v=D_VIrnh8Gx4
TVアニメ『姫様”拷問”の時間です』第2期ノンクレジットエンディング映像｜『ユイカ』「お姫様にはなれない」	https://www.youtube.com/watch?v=dvhpqvIwrfs
TVアニメ『姫様”拷問”の時間です』第2期ノンクレジットオープニング映像｜ILLIT「Sunday Morning」	https://www.youtube.com/watch?v=KPSvI5K6O_k
「僕のヒーローアカデミア All's Justice」 オープニングムービー	https://www.youtube.com/watch?v=pypksXTvsz0
TVアニメ「ゴールデンカムイ」（最終章）ノンクレジットED／EDテーマ：Ken Yokoyama「The Ballad」	https://www.youtube.com/watch?v=SrmET-l5P_4
TVアニメ「ゴールデンカムイ」（最終章）ノンクレジットOP／OPテーマ：Awich × ALI「黄金の彼方」	https://www.youtube.com/watch?v=YcRYX8hwQ8Y
TVアニメ「拷問バイトくんの日常」ノンクレジットエンディングムービー| 2026年1月4日(日)より放送・配信中！	https://www.youtube.com/watch?v=UQYuIdD-dwk
TVアニメ『火喰鳥』ノンクレジットOP映像：ポルノグラフィティ「はみだし御免」	https://www.youtube.com/watch?v=3GZ6TUiQv2I
TVアニメ『地獄楽』第二期 ノンクレジットエンディング｜「PERSONAL」女王蜂	https://www.youtube.com/watch?v=N-Go4JtUw6U
TVアニメ『地獄楽』第二期 ノンクレジットオープニング｜「かすかなはな」キタニタツヤ feat. BABYMETAL	https://www.youtube.com/watch?v=gHIA3Mhc618
【悪役令嬢は隣国の王太子に溺愛される】ノンクレジットオープニング高垣彩陽 feat. 城田優「愛のファンファーレ」	https://www.youtube.com/watch?v=GBs5dPA_iQs
TVアニメ『花ざかりの君たちへ』ノンクレジットエンディング映像｜YOASOBI「BABY」	https://www.youtube.com/watch?v=QnFRBzxmC4s
TVアニメ『カヤちゃんはコワくない』ノンクレジットOP映像｜《2026年1月11日(日)放送開始！》	https://www.youtube.com/watch?v=qAlPo5EHilg
TVアニメ『カヤちゃんはコワくない』ノンクレジットED映像｜《2026年1月11日(日)放送開始！》	https://www.youtube.com/watch?v=OGCOFl9HDlw
TVアニメ『うるわしの宵の月』オープニング映像│オープニング主題歌：UNISON SQUARE GARDEN「うるわし」	https://www.youtube.com/watch?v=adm-a1C7TVk
『TRIGUN STARGAZE』エンディングノンクレジット映像｜FOMARE「スターダスト」	https://www.youtube.com/watch?v=Dz3TitQnWvo
『TRIGUN STARGAZE』オープニング映像｜ano「ピカレスクヒーロー」	https://www.youtube.com/watch?v=9PZ3t1RD9Rk
TVアニメ『人外教室の人間嫌い教師』ノンクレジットED映像｜『人間カムトゥルー！』	https://www.youtube.com/watch?v=jQhxE6YPWZg
TVアニメ『人外教室の人間嫌い教師』ノンクレジットOP映像｜オーイシマサヨシ『ニンゲン』	https://www.youtube.com/watch?v=RLVTVMsb6Ic
TVアニメ「多聞くん今どっち！？」ノンクレジットエンディング映像｜F/ACE「花と夢」	https://www.youtube.com/watch?v=_2dl3blJgy8
TVアニメ『勇者のクズ』ノンクレジット第1クールエンディング映像 / 「メンタルレンタル」紫 今	https://www.youtube.com/watch?v=6owf1r3HGpM
TVアニメ『転生したらドラゴンの卵だった』ノンクレジットオープニング映像｜ Sizuk「Gliding Claw」	https://www.youtube.com/watch?v=tBqY4LcRsrE
TVアニメ『Fate/strange Fake』ノンクレジットオープニングアニメーション｜「PROVANT」SawanoHiroyuki[nZk]:Jean-Ken Johnny & TAKUMA	https://www.youtube.com/watch?v=tcC9g9dlv58
TVアニメ『Fate/strange Fake』ノンクレジットエンディングアニメーション ver.1｜「潜在的なアイ」13.3g	https://www.youtube.com/watch?v=P7ZcQSEP6PU
TVアニメ『転生したらドラゴンの卵だった』ノンクレジットエンディング映像｜導凰 & 朔雀「Sky Clipper」	https://www.youtube.com/watch?v=5zqV7_9TVu4
TVアニメ『デッドアカウント』ノンクレジットED映像｜テレビ朝日系全国24局ネットにて毎週土曜夜11時30分～放送中!!	https://www.youtube.com/watch?v=umoFdK0YpfU
TVアニメ『デッドアカウント』ノンクレジットOP映像｜テレビ朝日系全国24局ネットにて毎週土曜夜11時30分～放送中!!	https://www.youtube.com/watch?v=AidpQPSomnk
『名探偵コナン』新ノンクレジットOP B'z「Heaven Knows」"DETECTIVE CONAN" NEW OPENING Movie(2026)	https://www.youtube.com/watch?v=mz-VRXsrdDs
『名探偵コナン』新ノンクレジットED 倉木麻衣 「TOWA ～永久に風に乗る～」"DETECTIVE CONAN" NEW ENDING Movie(2026)	https://www.youtube.com/watch?v=B8FkXJWLE9g
【期間限定】TVアニメ『炎炎ノ消防隊 参ノ章』第2クール・ノンクレジットオープニング映像｜西川貴教「Ignis -イグニス-」	https://www.youtube.com/watch?v=FsQ09FXk_0o
TVアニメ『勇者のクズ』ノンクレジット第1クールオープニング映像 / 「GUN POWDER」TOOBOE	https://www.youtube.com/watch?v=0uwmTsnMSV0
TVアニメ『ハイスクール！奇面組』ノンクレジットOP映像│BREIMEN「ファンキースパイス feat. TOMOO」	https://www.youtube.com/watch?v=q3jtZkx-vX4
TVアニメ『ハイスクール！奇面組』ノンクレジットED映像│離婚伝説「ステキッ！！」	https://www.youtube.com/watch?v=HNL5hyuOwpA
【ノンクレジット映像】TVアニメ「カードファイト!! ヴァンガード Divinez 幻真星戦編」前半OPテーマ『幻界』V.W.P	https://www.youtube.com/watch?v=zCbiWxWN1dE
TVアニメ『ヘルモード ～やり込み好きのゲーマーは廃設定の異世界で無双する～』ノンクレジットオープニング映像｜あたらよ「ハク」	https://www.youtube.com/watch?v=XX3rhQgBpiI
アニメ「DARK MOON　-黒の月: 月の祭壇-」ノンクレジットオープニング映像【ENHYPEN「One In A Billion (Japanese Ver.)」】	https://www.youtube.com/watch?v=aiAUHgVtGH0
TVアニメ『魔都精兵のスレイブ2』ノンクレジットOP｜鬼頭明里「光よ、僕に。」	https://www.youtube.com/watch?v=zgLov1TFHL4
TVアニメ「どうせ、恋してしまうんだ。」第2期ノンクレジットオープニング映像 | ME:I「LとR」	https://www.youtube.com/watch?v=0Lxu3LIY-m4
TVアニメ「どうせ、恋してしまうんだ。」第2期ノンクレジットエンディング映像 | berry meet「初恋」	https://www.youtube.com/watch?v=ycgs83FGgJA
TVアニメ『呪術廻戦』第3期「死滅回游 前編」ノンクレジットEDムービー／EDテーマ：jo0ji「よあけのうた」｜毎週木曜深夜0時26分（24時26分）～MBS/TBS系28局にて放送中!!	https://www.youtube.com/watch?v=-i8LR9-WVps
TVアニメ「エリスの聖杯」ノンクレジットOP映像公開 | TBS系28局・BS11にて放送中！	https://www.youtube.com/watch?v=ozfUpxMXx5k
TVアニメ『「お前ごときが魔王に勝てると思うな」と勇者パーティを追放されたので、王都で気ままに暮らしたい』（おまごと）ノンクレジットオープニング映像｜2026年1月より放送・配信中！	https://www.youtube.com/watch?v=CUdMc-TYOIs
TVアニメ『「お前ごときが魔王に勝てると思うな」と勇者パーティを追放されたので、王都で気ままに暮らしたい』（おまごと）ノンクレジットエンディング映像｜2026年1月より放送・配信中！	https://www.youtube.com/watch?v=2q2mJyyQBhc
TVアニメ『呪術廻戦』第3期「死滅回游 前編」ノンクレジットOPムービー／OPテーマ：King Gnu「AIZO」｜毎週木曜深夜0時26分（24時26分）～MBS/TBS系28局にて放送中!!	https://www.youtube.com/watch?v=Xr032EhUDPw
TVアニメ『透明男と人間女～そのうち夫婦になるふたり～』ノンクレジットエンディングムービー｜ 石原夏織「星眼鏡」	https://www.youtube.com/watch?v=QzpVZuNRyGo
TVアニメ『魔王の娘は優しすぎる!!』ノンクレジットエンディング映像 第1話｜ジャヒー(CV.大橋彩香),ドゥ(CV.久野美咲),アーリマン(CV.大塚明夫)「いっこにこにこ」	https://www.youtube.com/watch?v=Rn-Epwvu64Q
TVアニメ「アルネの事件簿」ノンテロップOP Ver.Lewis/Sou「Q.E.D.」	https://www.youtube.com/watch?v=CebPc_NsjiI
TVアニメ『穏やか貴族の休暇のすすめ。』ノンクレジットオープニング映像｜牧島 輝「Gypso」	https://www.youtube.com/watch?v=tAJCwoSxojU
TVアニメ『穏やか貴族の休暇のすすめ。』ノンクレジットエンディング映像｜直田姫奈「うっすら」	https://www.youtube.com/watch?v=TEMxiB1qZ6c
『地獄先生ぬ～べ～』 第2クール ノンクレED映像 / Hell Teacher: Jigoku Sensei Nube 2nd Cour Clean ED	https://www.youtube.com/watch?v=II0A080dreo
TVアニメ『魔王の娘は優しすぎる!!』第1話挿入歌｜ドゥ(CV.久野美咲)「たのしいかくれんぼ」	https://www.youtube.com/watch?v=ErCax4NNVlw
TVアニメ「綺麗にしてもらえますか。」ノンクレジットED | 清浦夏実「若葉のころ」	https://www.youtube.com/watch?v=kCERfeJ2HWI
TVアニメ「魔術師クノンは見えている」ノンクレOP	https://www.youtube.com/watch?v=e_VgQkPHhDE
TVアニメ『異世界の沙汰は社畜次第』ノンクレジットOP映像｜《2026年1月6日(火)放送開始！》	https://www.youtube.com/watch?v=d-1B7OkYQJc
【エンディング主題歌解禁】TVアニメ『ダーウィン事変』エンディング主題歌 a子「Turn It Up」ノンクレジットアニメ映像／毎週火曜24:00～放送中	https://www.youtube.com/watch?v=MFNM8RXPDuE
TVアニメ「死亡遊戯で飯を食う。」ノンクレジットOP映像｜  『￢Ersterbend』　作曲・編曲：LIN（MADKID）	https://www.youtube.com/watch?v=VugBZB4gNGk
TVアニメ『違国日記』ノンクレジットオープニング映像｜TOMOO「ソナーレ」	https://www.youtube.com/watch?v=g_nDJVMvSD8
TVアニメ『ダーウィン事変』オープニング主題歌 Official髭男dism「Make Me Wonder」ノンクレジットアニメ映像／2026.01.06 24:00～ ON AIR	https://www.youtube.com/watch?v=wTDmqzeugx8
TVアニメ「綺麗にしてもらえますか。」ノンクレジットOP | ゆう。「綺麗。」	https://www.youtube.com/watch?v=kinVGoEF3O4
TVアニメ『勇者パーティを追い出された器用貧乏』ノンクレジットオープニング｜常闇トワ「シルベ」	https://www.youtube.com/watch?v=Jp6G6iiKMBc
【ノンクレジットED】TVアニメ『幼馴染とはラブコメにならない』｜小玉ひかり「あまのじゃく」	https://www.youtube.com/watch?v=UgDL_Y4Qi8Y
【ノンクレジットOP】TVアニメ『幼馴染とはラブコメにならない』｜HoneyWorks meets 水萌汐・火威灯・月見るな・日向春（CV：久住琳・芹澤優・平塚紗依・山本悠有希）「あいらびゅ」	https://www.youtube.com/watch?v=6bCKqFGK5ko
TVアニメ『ヴィジランテ -僕のヒーローアカデミア ILLEGALS-』ノンクレジットエンディングムービー | EDテーマ：シャイトープ「ミス・ユー」	https://www.youtube.com/watch?v=S3HQmsf7BSY
TVアニメ『ヴィジランテ -僕のヒーローアカデミア ILLEGALS-』第2期 オープニングムービー | OPテーマ：すりぃ「CATCH!!!」	https://www.youtube.com/watch?v=bJFqYBcIMcc
TVアニメ『違国日記』ノンクレジットエンディング映像｜ Bialystocks「言伝」	https://www.youtube.com/watch?v=fyzUQiDSXqs
TVアニメ「拷問バイトくんの日常」ノンクレジットオープニングムービー| 2026年1月4日(日)より放送・配信開始！	https://www.youtube.com/watch?v=KOhrAtk6BLw
TVアニメ『勇者パーティーにかわいい子がいたので、告白してみた。』ノンクレジット特殊エンディング映像：「YES！サマーラブ」	https://www.youtube.com/watch?v=-KjRdQjMRes
TVアニメ『花ざかりの君たちへ』ノンクレジットオープニング映像｜YOASOBI「アドレナ」	https://www.youtube.com/watch?v=lU1wZMytGvY
TVアニメ『貴族転生 ～恵まれた生まれから最強の力を得る～』ノンクレジットED映像│「You'll Be In My Heart ～そばに～」アリーチェ(CV:橘 杏咲)	https://www.youtube.com/watch?v=ohFsMWho5z4
TVアニメ『貴族転生 ～恵まれた生まれから最強の力を得る～』ノンクレジットOP映像│「Break off」SUPER★DRAGON	https://www.youtube.com/watch?v=iw0oJHZiP30
TVアニメ『シャンピニオンの魔女』ノンクレジットエンディング  2026年1月8日深夜1時58分から放送開始！	https://www.youtube.com/watch?v=jCP_ZA_ga30
TVアニメ『シャンピニオンの魔女』ノンクレジットオープニング  2026年1月8日深夜1時58分から放送開始！	https://www.youtube.com/watch?v=FXq7zmbs1ws
TVアニメ『SI-VIS: The Sound of Heroes』第2クール ノンクレジットED映像 ｜「Singing Over」SI-VIS	https://www.youtube.com/watch?v=XvVSfO0hpTc
TVアニメ『SI-VIS: The Sound of Heroes』第2クール ノンクレジットOP映像 ｜「スーパーノヴァ」SI-VIS	https://www.youtube.com/watch?v=COu-9u67kRg
TVアニメ「DIGIMON BEATBREAK」ノンクレジットエンディングムービー②／iLiFE!「BRAVE GROOVE」	https://www.youtube.com/watch?v=Jun6mWprKLY
TVアニメ「多聞くん今どっち！？」ノンクレジットオープニング映像｜F/ACE「Sweet Magic」	https://www.youtube.com/watch?v=cugf5FQ4fLE
【リゼロ】1st season ノンクレジットOP・EDまとめ｜TVアニメ『Re:ゼロから始める異世界生活』	https://www.youtube.com/watch?v=SybjG993gT8
TVアニメ『鎧真伝サムライトルーパー』オープニング映像／blank paper「YOAKE」	https://www.youtube.com/watch?v=kHUPdA8H6qk
『地獄先生ぬ～べ～』 第2クール ノンクレOP映像 / Hell Teacher: Jigoku Sensei Nube 2nd Cour Clean OP	https://www.youtube.com/watch?v=hYx3JeSqDYg
【プリオケ】ONENESS HARMONY |「プリンセッション・オーケストラ」エンディングムービー	https://www.youtube.com/watch?v=mn9MF5Nh0Os
【プリオケ】FUTURE SESSION|「プリンセッション・オーケストラ」オープニングムービー	https://www.youtube.com/watch?v=Lrh24AZPl6k
【ウイニングライブシーン】NEXT FRONTIER／オグリキャップ・タマモクロス・ディクタストライカ｜アニメ『ウマ娘 シンデレラグレイ』第22話より	https://www.youtube.com/watch?v=167895lxqW4
第11話特殊EDノンクレジット映像「リリィ［Another ver.］」近江汐莉（CV:石川由依）｜TVアニメ「私を喰べたい、ひとでなし」	https://www.youtube.com/watch?v=6zZI6mzSNTo
アニメ 『終末のワルキューレⅢ』 ノンクレジットオープニング／"Record of Ragnarok III" OP Movie	https://www.youtube.com/watch?v=RolcW5_vcRU
「Caligula -カリギュラ-」ノンクレジットエンディング｜柏葉琴乃（村川梨衣）、守田鳴子（小澤亜李）、篠原美笛（高橋李依）、神楽鈴奈（田中美海）「HYPNO」	https://www.youtube.com/watch?v=hWxY8qyzjFU
「Caligula -カリギュラ-」ノンクレジットオープニング｜式島律（沢城千春）、佐竹笙悟（武内駿輔）「パラダイムボックス」	https://www.youtube.com/watch?v=_U6hYZZpMMw
アニメ 『終末のワルキューレⅢ』 ノンクレジットエンディング／"Record of Ragnarok III" ED Movie	https://www.youtube.com/watch?v=vQ9YyoCxVeg
「結城友奈は勇者である -大満開の章-」ノンクレジットオープニング｜讃州中学勇者部「アシタノハナタチ」	https://www.youtube.com/watch?v=t3EMGCuadQU
「結城友奈は勇者である -鷲尾須美の章-」ノンクレジットオープニング｜三森すずこ「エガオノキミへ」	https://www.youtube.com/watch?v=k92-Qw8Ru8A
「結城友奈は勇者である -結城友奈の章-」ノンクレジットエンディング｜讃州中学勇者部「Aurora Days」	https://www.youtube.com/watch?v=gFqK32eJayw
「結城友奈は勇者である -鷲尾須美の章-」ノンクレジットエンディング｜鷲尾須美(CV:三森すずこ)、乃木園子(CV:花澤香菜)、三ノ輪銀(CV:花守ゆみり)「ともだち」	https://www.youtube.com/watch?v=_oxCNqdarSU
「結城友奈は勇者である -鷲尾須美の章-」ノンクレジットエンディング｜鷲尾須美(CV:三森すずこ)、乃木園子(CV:花澤香菜)、三ノ輪銀(CV:花守ゆみり)「やくそく」	https://www.youtube.com/watch?v=HLoMblnuWjw
「結城友奈は勇者である -勇者の章-」ノンクレジットエンディング｜讃州中学勇者部「勇者たちのララバイ」	https://www.youtube.com/watch?v=H4LL1XoPlvc
「結城友奈は勇者である -結城友奈の章-」ノンクレジットオープニング｜讃州中学勇者部「ホシトハナ」	https://www.youtube.com/watch?v=EjOhpzbY4_4
「結城友奈は勇者である -大満開の章-」ノンクレジットエンディング｜讃州中学勇者部「地平線の向こうへ」	https://www.youtube.com/watch?v=E7TSANPr8gw
「結城友奈は勇者である -勇者の章-」ノンクレジットオープニング｜讃州中学勇者部「ハナコトバ」	https://www.youtube.com/watch?v=9OwfbiwWryU
「結城友奈は勇者である -鷲尾須美の章-」ノンクレジットエンディング｜三ノ輪銀(CV:花守ゆみり)「たましい」	https://www.youtube.com/watch?v=6FrZUYGUhmY
「ダイヤのA」ノンクレジットエンディング｜日笠 陽子「Seek Diamonds」	https://www.youtube.com/watch?v=tpoBqgynpDE
「ダイヤのA」ノンクレジットオープニング｜Tom-H@ck featuring 大石昌良「Go EXCEED!!」	https://www.youtube.com/watch?v=_V814dBgcrE
「ゆるゆり なちゅやちゅみ！」ノンクレジットオープニング｜七森中☆ごらく部「ゆるゆりんりんりんりんりん」	https://www.youtube.com/watch?v=xLVGf7LA9ik
「ゆるゆり♪♪」ノンクレジットオープニング｜七森中☆ごらく部「いぇす！ゆゆゆ☆ゆるゆり♪♪」	https://www.youtube.com/watch?v=m4KMtUQAtDc
「ゆるゆり さん☆ハイ！」ノンクレジットエンディング｜七森中☆ごらく部「あっちゅ～ま青春！」	https://www.youtube.com/watch?v=l4jDbz1Cao8
「ゆるゆり なちゅやちゅみ！+」ノンクレジットオープニング｜七森中☆ごらく部「ゆりしゅらしゅしゅしゅ」	https://www.youtube.com/watch?v=fUUjKqIc4z0
「ゆるゆり、」ノンクレジットオープニング｜七森中☆ごらく部「ゆるゆり、てんやわんや☆」	https://www.youtube.com/watch?v=cWWvwfNdiU8
「ゆるゆり なちゅやちゅみ！」ノンクレジットエンディング｜七森中☆ごらく部「アフタースクールデイズ」	https://www.youtube.com/watch?v=XPP8W8c7GWo
「ゆるゆり」ノンクレジットオープニング映像｜七森中☆ごらく部「ゆりゆららららゆるゆり大事件」	https://www.youtube.com/watch?v=Kibkl14vf_g
「ゆるゆり」ノンクレジットエンディング映像｜七森中☆ごらく部「マイペースでいきましょう」	https://www.youtube.com/watch?v=EOCYfas0laI
「ゆるゆり さん☆ハイ！」ノンクレジットオープニング｜七森中☆ごらく部「ちょちょちょ!ゆるゆり☆かぷりっちょ!!!」	https://www.youtube.com/watch?v=5rLy6mCtNCc
「ゆるゆり なちゅやちゅみ！+」ノンクレジットエンディング｜七森中☆ごらく部「おひるねゆにばーす」	https://www.youtube.com/watch?v=4MnPLa89Tpk
「Rio RainbowGate!」ノンクレジットオープニング｜らぶルーレッツ（リオ・ミント・リナ・リンダ）「世界と一緒にまわろうよ！」	https://www.youtube.com/watch?v=v5PUkTRru8A
「Rio RainbowGate!」ノンクレジットエンディング｜ULTRA-PRISM「みらくる☆ちゃんす」	https://www.youtube.com/watch?v=nPXvJnFwsjE
「咲-Saki-」ノンクレジットオープニング｜橋本みゆき「Glossy:MMM」	https://www.youtube.com/watch?v=t0i2A9FfIag
「咲-Saki-」ノンクレジットエンディング｜龍門渕高校ver｜宮永咲（植田佳奈）、原村和（小清水亜美）「残酷な願いの中で」	https://www.youtube.com/watch?v=p_HhwB6SUZs
「咲-Saki- 全国編」ノンクレジットエンディング｜橋本みゆき「TRUE GATE」	https://www.youtube.com/watch?v=r19_Rim7nvs
「咲-Saki-」ノンクレジットエンディング｜宮永咲（植田佳奈）、原村和（小清水亜美）、片岡優希（釘宮理恵）、竹井久（伊藤静）、染谷まこ（白石涼子）「熱烈歓迎ワンダーランド」	https://www.youtube.com/watch?v=motxoIFWi6M
「咲-Saki- 全国編」ノンクレジットエンディング｜宮守女子高校「この手が奇跡を選んでる  宮守女子高校 ver.」	https://www.youtube.com/watch?v=jl8OtLvEq0A
「咲-Saki-」ノンクレジットエンディング｜宮永咲（植田佳奈）、原村和（小清水亜美）、片岡優希（釘宮理恵）、竹井久（伊藤静）、染谷まこ（白石涼子）「四角い宇宙で待ってるよ」	https://www.youtube.com/watch?v=bn5m-wZCqwU
「咲-Saki- 阿知賀編」ノンクレジットエンディング｜高鴨穏乃（悠木碧）、新子憧（東山奈央）、松実玄（花澤香菜）、松実宥（MAKO）、鷺森灼（内山夕実）「SquarePanicSerenade」	https://www.youtube.com/watch?v=Z_plkUXkiFc
「咲-Saki-」ノンクレジットエンディング｜鶴賀学園ver｜宮永咲（植田佳奈）、原村和（小清水亜美）「残酷な願いの中で」	https://www.youtube.com/watch?v=UMMSJeZfoCQ
「咲-Saki- 全国編」ノンクレジットエンディング｜姫松高校「この手が奇跡を選んでる  姫松高校 ver.」	https://www.youtube.com/watch?v=TuKKtXpNLLI
「咲-Saki- 阿知賀編」ノンクレジットエンディング｜橋本みゆき「Futuristic Player」	https://www.youtube.com/watch?v=FG79YzKAxic
「咲-Saki-」ノンクレジットエンディング｜風越女子高校ver｜宮永咲（植田佳奈）、原村和（小清水亜美）「残酷な願いの中で」	https://www.youtube.com/watch?v=DCNmfM-J8Jg
「咲-Saki- 阿知賀編」ノンクレジットオープニング｜StylipS「TSU・BA・SA」	https://www.youtube.com/watch?v=EQr6T1GA3Kw
「咲-Saki- 阿知賀編」ノンクレジットオープニング｜StylipS「MIRACLE RUSH」	https://www.youtube.com/watch?v=CrmKIK325is
「咲-Saki- 全国編」ノンクレジットオープニング｜橋本みゆき「New SPARKS!」	https://www.youtube.com/watch?v=B2k5Ce-Bj9g
「咲-Saki-」ノンクレジットオープニング｜Little Non「bloooomin'」	https://www.youtube.com/watch?v=8tDTlIdwe08
「咲-Saki- 全国編」ノンクレジットエンディング｜永水女子高校「この手が奇跡を選んでる  永水女子高校 ver.」	https://www.youtube.com/watch?v=3iPROIWFQx8
「しゅごキャラ!」ノンクレジットエンディング｜Buono!「ガチンコでいこう!」	https://www.youtube.com/watch?v=zkHO3BmT-K8
「しゅごキャラ!! どきっ」ノンクレジットエンディング｜Buono!「co・no・mi・chi」	https://www.youtube.com/watch?v=x1Sdnl0qgsc
「しゅごキャラ!」ノンクレジットオープニング｜Buono!「みんなだいすき」	https://www.youtube.com/watch?v=vnzWAedmY5g
「しゅごキャラ!! どきっ」ノンクレジットオープニング｜しゅごキャラエッグ!「しゅごしゅご!」	https://www.youtube.com/watch?v=v5tM3piIf5E
「しゅごキャラ!! どきっ」ノンクレジットオープニング｜ガーディアンズ4 「School Days」	https://www.youtube.com/watch?v=nrnQ3PYh21U
「しゅごキャラ!! どきっ」ノンクレジットエンディング｜Buono!「MY BOY」	https://www.youtube.com/watch?v=e4-ijmomMp0
「しゅごキャラ!! どきっ」ノンクレジットオープニング｜しゅごキャラエッグ!「みんなのたまご」	https://www.youtube.com/watch?v=ZV4nRlNispQ
「しゅごキャラ!! どきっ」ノンクレジットオープニング｜ガーディアンズ4「 おまかせ♪ガーディアン」	https://www.youtube.com/watch?v=Vg4jW1EjCL8
「しゅごキャラ!」ノンクレジットエンディング｜Buono!「恋愛ライダー」	https://www.youtube.com/watch?v=QUA2g6T2aj4
「しゅごキャラ!! どきっ」ノンクレジットエンディング｜Buono!「ロッタラロッタラ」	https://www.youtube.com/watch?v=Ls3omAyxvHw
「しゅごキャラ!」ノンクレジットオープニング｜Buono!「こころのたまこ」	https://www.youtube.com/watch?v=PGr1xValDrI
「しゅごキャラ!」ノンクレジットエンディング｜Buono!「Kiss!Kiss!Kiss!」	https://www.youtube.com/watch?v=HDW6YI0VDlk
「しゅごキャラ!」ノンクレジットエンディング｜Buono!「ホントのじぶん」	https://www.youtube.com/watch?v=9LGZHMfxBwk
「しゅごキャラ!! どきっ」ノンクレジットエンディング｜Buono!「Take It Easy!」	https://www.youtube.com/watch?v=163IqtNzS1I
TVアニメ『グノーシア』ノンクレジットエンディングムービー[RED] |梅田サイファー「FLOOR KILLER」【10/11より毎週土曜24:00～放送】	https://www.youtube.com/watch?v=SQhNzGFc6BA
『僕のヒーローアカデミア FINAL SEASON』EDノンクレジット映像 Type-2 ／EDテーマ：「 I 」BUMP OF CHICKEN／ヒロアカED	https://www.youtube.com/watch?v=Ps3-Ab96Ius
『僕のヒーローアカデミア FINAL SEASON』OPノンクレジット映像 Type-3／OPテーマ：「THE REVO」ポルノグラフィティ／ヒロアカOP	https://www.youtube.com/watch?v=86Bu1sqcIxI
【プリオケ】第32話  オルケリア ＆陽ノ下なつ「光の栞をはさんで」｜毎週日曜あさ9:00～TVアニメ放送中	https://www.youtube.com/watch?v=LlAJ3S1dON4
TVアニメ『BLEACH 千年血戦篇-訣別譚-』ノンクレジットオープニングムービー｜「STARS」w.o.d.	https://www.youtube.com/watch?v=AR1ecFmd8yw
第8話特殊ED映像「後悔の傷口 -episode Ayame-」｜TVアニメ「私を喰べたい、ひとでなし」	https://www.youtube.com/watch?v=n0kcyUKIkSg
TVアニメ「ワンダンス」ノンクレジットエンディング映像｜ELSEE「Wondrous」	https://www.youtube.com/watch?v=41CE0k_cxpM
TVアニメ「ワンダンス」ノンクレジットオープニング映像｜BE:FIRST「Stare In Wonder」	https://www.youtube.com/watch?v=kUFrJ5XO3bU
【SAGAアリーナライブ ダイジェスト】劇場版『ゾンビランドサガ ゆめぎんがパラダイス』　絶賛公開中!!	https://www.youtube.com/watch?v=GTHgvbvvBlo
TVアニメ『まじっく快斗1412』第1期最終話24話特別ノンクレジットED映像　「恋の寿命」ガリレオ・ガリレイ	https://www.youtube.com/watch?v=etKF_DtCn5E
【プリオケ】第29話 花の騎士シンシア×花の騎士ピュリティ「Monochrome Eden」｜毎週日曜あさ9:00～TVアニメ放送中	https://www.youtube.com/watch?v=2OcXcAwrc18
“Chainsaw Man  The Movie: Reze Arc”   "Jane slept in the church" ／劇場版『チェンソーマン レゼ篇』「ジェーンは教会で眠った」	https://www.youtube.com/watch?v=1gGX5ajpPr8
TVアニメ『まじっく快斗1412』第2クールノンクレジットED映像　「恋の寿命」ガリレオ・ガリレイ	https://www.youtube.com/watch?v=FKZNxh2N8Hc
【Overture本編映像 解禁！】劇場版『ゾンビランドサガ ゆめぎんがパラダイス』　絶賛公開中!!	https://www.youtube.com/watch?v=xDMpspdfjRM
【公式】アニメ「ポケットモンスター ライジングアゲイン」オープニングテーマ「アイオライト」	https://www.youtube.com/watch?v=Tq96N_RzpFE
『忍者と極道』ノンクレジットエンディング |  Fear, and Loathing in Las Vegas「Until You Die Out」	https://www.youtube.com/watch?v=afh1W9cJ3MI
『ワンパンマン』第3期ノンクレジットED | One-Punch Man Season 3 ED | 古川慎 - そこに有る灯り	https://www.youtube.com/watch?v=DsWsyXCv8bQ
『ワンパンマン』第3期ノンクレジットOP | One-Punch Man Season 3 OP | JAM Project feat.BABYMETAL - Get No Satisfied !	https://www.youtube.com/watch?v=Mo6yWVF6Md0
TVアニメ『SI-VIS: The Sound of Heroes』第1クールOP映像 -Five Heroes Assemble-	https://www.youtube.com/watch?v=cMsf6zqNdfI
TVアニメ『SI-VIS: The Sound of Heroes』第1クールED映像 - Five Heroes Assemble -	https://www.youtube.com/watch?v=JH37O7NrSd0
TVアニメ『まじっく快斗1412』第2クールノンクレジットOP映像　「アイのシナリオ」CHiCO with HoneyWorks	https://www.youtube.com/watch?v=lPuC4cMor5w
imase 「渦」 ノンクレジット映像 | TVアニメ『BEYBLADE X』 新エンディングテーマ	https://www.youtube.com/watch?v=Kds0NENdh2M
第4話ノンクレジットED主題歌「太陽、なってあげよっか？」社 美胡（CV:ファイルーズあい）｜TVアニメ「私を喰べたい、ひとでなし」	https://www.youtube.com/watch?v=DZRKVZy2P8A
アニメ『龍族Ⅱ -The Mourner's Eyes-』ノンクレジットOPムービー｜「WE ARE MADE」鷺巣詩郎	https://www.youtube.com/watch?v=eg5fHKcO0bE
アニメ『龍族Ⅱ -The Mourner's Eyes-』ノンクレジットEDムービー｜「Giver」ASCA	https://www.youtube.com/watch?v=WVtyXoMXRLw
【限定公開】PHOENIX / 鐘 嵐珠(CV.法元明菜)【映画『ラブライブ！虹ヶ咲学園スクールアイドル同好会 完結編 第1章』ダンスシーン映像】	https://www.youtube.com/watch?v=daUIydkp3zQ
【ノンクレジットOP】「Monster」Da-iCE｜アニメ「モンスターストライク　デッドバースリローデッド」	https://www.youtube.com/watch?v=BGSHV0HZxoo
TVアニメ「キングダム」第6シリーズ：ノンクレジットED/友成空「咆哮」	https://www.youtube.com/watch?v=PtDyORrf4oc
TVアニメ「キングダム」第6シリーズ：ノンクレジットOP/いきものがかり「生きて、燦々」	https://www.youtube.com/watch?v=WbW8Z6TFW7o
エンディングムービー‐「Magia」Kalafina｜魔法少女まどか☆マギカ「始まりの物語／永遠の物語」TV Edition	https://www.youtube.com/watch?v=XF-Rf3hBvFY
オープニングムービー‐「コネクト」ClariS｜魔法少女まどか☆マギカ「始まりの物語／永遠の物語」TV Edition	https://www.youtube.com/watch?v=UmxpKC6F53A
TVアニメ『グノーシア』ノンクレジットEDムービー|凛として時雨「Loo% Who%」【10/11より毎週土曜24:00～放送】	https://www.youtube.com/watch?v=rdGH98W_7s0
『ゾンビランドサガ』振り返り映像【LIVE編】 / 劇場版10.24（金）公開	https://www.youtube.com/watch?v=7wLi4opVU6Q
『僕のヒーローアカデミア FINAL SEASON』OPノンクレジット映像 Type-2／OPテーマ：「THE REVO」ポルノグラフィティ／ヒロアカOP	https://www.youtube.com/watch?v=s1s7pj6mluQ
TVアニメ『千歳くんはラムネ瓶のなか』ノンクレジットオープニング映像｜「ライアー」Kucci	https://www.youtube.com/watch?v=pjGmDIrNgHw
TVアニメ『素材採取家の異世界旅行記』ノンクレジットオープニング映像：Nornis「Prologue」	https://www.youtube.com/watch?v=duuH0xajH7o
ハク。「夢中猫」ノンクレジット主題歌映像｜WEBアニメ『うごく！ねこむかしばなし』	https://www.youtube.com/watch?v=n4GJdJcvjRA
アニメ『龍族Ⅱ -The Mourner's Eyes-』第2話特殊EDノンクレジット映像｜毎週水曜24時30分より放送中	https://www.youtube.com/watch?v=no2hkG1rdzY
TVアニメ『千歳くんはラムネ瓶のなか』ノンクレジットエンディング映像｜「陽炎」サイダーガール	https://www.youtube.com/watch?v=ca7_nIyte3I
『とんでもスキルで異世界放浪メシ2』ノンクレジットエンディング│chelmico「SALT AND PEPPER」	https://www.youtube.com/watch?v=-b1QYdfssp0
#キミ越え ノンクレジットオープニング映像｜OPテーマCHiCO with HoneyWorks「くすぐったい。」｜TVアニメ『キミと越えて恋になる』	https://www.youtube.com/watch?v=c_WXTTQszCU
『3年Z組銀八先生』ノンクレジットエンディング映像｜「Underclass HERO」 LONGMAN	https://www.youtube.com/watch?v=nejdFT00jK4
『異世界かるてっと３』オープニングノンクレジット | 2025年10月13日(月)より3期放送・配信開始！	https://www.youtube.com/watch?v=NwSaAjwNBrw
『嘆きの亡霊は引退したい』第2クールノンクレジットエンディング｜i☆Ris「夢へのヒトカケラ」	https://www.youtube.com/watch?v=UzEkknrWe7Y
TVアニメ『#野生のラスボスが現れた！』ノンクレジットエンディング映像│#長瀬有花「ミギヒダリ」（#作詞・作曲 meiyo）	https://www.youtube.com/watch?v=czNlpUbNf8A
【ノンクレED】『暗殺者である俺のステータスが勇者よりも明らかに強いのだが』ノンクレジットエンディング│ BONNIE PINK『Like Gravity』【10月より放送＆配信中！】#ステつよ	https://www.youtube.com/watch?v=3zI6ItNOVFQ
TVアニメ「ちゃんと吸えない吸血鬼ちゃん」ノンクレジットOP | H△G「青春のシルエット」	https://www.youtube.com/watch?v=bA4e44Q-m6k
TVアニメ「ちゃんと吸えない吸血鬼ちゃん」ノンクレジットED | H△G, 石川月菜（CV.田中美海）「線香花火」	https://www.youtube.com/watch?v=7oF3fKRlLf0
TVアニメ『ガチアクタ』第2クールノンクレジットOP映像／Mori Calliope「LET’S JUST CRASH」	https://www.youtube.com/watch?v=AqWR546Xy8A
TVアニメ『ガチアクタ』第2クールノンクレジットED映像／カラノア「番」	https://www.youtube.com/watch?v=08TGBLLK8RE
アニメ『龍族Ⅱ -The Mourner's Eyes-』第1話特殊EDノンクレジット映像｜毎週水曜24時30分より放送中	https://www.youtube.com/watch?v=9j41U-B7bH0
アニメ「青のオーケストラ Season2」ノンクレジットオープニング　Galileo Galilei「アマデウス」	https://www.youtube.com/watch?v=W6A7WnorYl4
アニメ『ウマ娘 シンデレラグレイ』第2クールノンテロップED映像｜オグリキャップ (CV.高柳知葉)、タマモクロス (CV.大空直美)「ふたり」	https://www.youtube.com/watch?v=DM7zIKHz7Dw
TVアニメ『SI-VIS: The Sound of Heroes』第1クール ノンクレジットED映像 -Four Heroes Edition-｜「FRIENDS ＆ SMILE」SI-VIS	https://www.youtube.com/watch?v=DwN9TQt3zvY
【プリオケ】FUTURE SESSION|「プリンセッション・オーケストラ」オープニングムービー	https://www.youtube.com/watch?v=cZzd9TZfXjI
【プリオケ】ONENESS HARMONY |「プリンセッション・オーケストラ」エンディングムービー	https://www.youtube.com/watch?v=DrLJqpdtC60
アニメ『東島丹三郎は仮面ライダーになりたい』ノンクレジットエンディング映像【ワンモアタイム】	https://www.youtube.com/watch?v=7c0AiPEyMxQ
アニメ『東島丹三郎は仮面ライダーになりたい』ノンクレジットオープニング映像【Wanna be】	https://www.youtube.com/watch?v=-CFZk7EDkRA
TVアニメ『グノーシア』ノンクレジットOPムービー|MAISONdes「化けの皮 feat. こぼ・かなえる, 重音テト, Giga & TeddyLoid」【10/11より毎週土曜24:00～放送】	https://www.youtube.com/watch?v=8UO5su3pjB4
TVアニメ『終末ツーリング』ノンクレジットオープニングムービー｜Conton Candy「Touring」	https://www.youtube.com/watch?v=ihRZ-XcFBxA
『SPY×FAMILY』Season 3 エンディング主題歌 幾田りら「Actor」アニメ映像(ノンクレジット) ／毎週土曜23:00～放送中	https://www.youtube.com/watch?v=e0wrj-qP4LI
『僕のヒーローアカデミア FINAL SEASON』EDノンクレジット映像／EDテーマ：「 I 」BUMP OF CHICKEN／ヒロアカED	https://www.youtube.com/watch?v=K0v0lTbZnvM
TVアニメ『野原ひろし 昼メシの流儀』ノンクレジットオープニング映像｜Mega Shinnosuke「ごはん食べヨ」	https://www.youtube.com/watch?v=i2XITie-LVQ
練馬編ノンクレジットオープニング映像 | 超学生「阿弥陀籤」【#桃源暗鬼 】	https://www.youtube.com/watch?v=yI3PSYmU8ig
テレビアニメ『しゃばけ』ノンクレジットエンディング映像｜KAFUN「脈脈」	https://www.youtube.com/watch?v=vvohWnyaXBY
TVアニメ『無限ガチャ』ノンクレジットエンディング｜Nowlu「シロガラス」	https://www.youtube.com/watch?v=KVvP1mvJ2D4
TVアニメ『転生悪女の黒歴史』ノンクレジットOP映像｜KID PHENOMENON「Black Flame」	https://www.youtube.com/watch?v=0RE32bX4Qto
TVアニメ「永久のユウグレ」ノンクレジットエンディング映像｜Hana Hope「Two Of Us」	https://www.youtube.com/watch?v=gSzBX2LXNjw
TVアニメ「太陽よりも眩しい星」ノンクレジットOP映像 |♪秦 基博「Stellar Days」	https://www.youtube.com/watch?v=Bn_V31fD-eI
TVアニメ『不器用な先輩。』ノンクレジットOP映像│「不器用なI love you」angela	https://www.youtube.com/watch?v=oqjw64hS_DU
TVアニメ『転生悪女の黒歴史』ノンクレジットED映像｜Zerofrom「リジェネ」	https://www.youtube.com/watch?v=4wUwWP-WJ7I
アニメ『不滅のあなたへ Season3』ノンクレジットED映像／浜渦正志「Recollections」	https://www.youtube.com/watch?v=eKj5htNLsQU
Perfume新曲「ふめつのあなた」／アニメ『不滅のあなたへ Season3』ノンクレジットOP映像	https://www.youtube.com/watch?v=0Ldw59S5B8c
『とんでもスキルで異世界放浪メシ2』ノンクレジットオープニング│CENT(セントチヒロ・チッチ)「yummy goodday」	https://www.youtube.com/watch?v=uEk_lA3yczY
TVアニメ「顔に出ない柏田さんと顔に出る太田君」第１話ED映像	https://www.youtube.com/watch?v=GCbdXDZFp-U
TVアニメ「顔に出ない柏田さんと顔に出る太田君」第１話OP映像	https://www.youtube.com/watch?v=u08MfluiFTA
劇場版『チェンソーマン レゼ篇』オープニングムービー 　主題歌：米津玄師「IRIS OUT」“Chainsaw Man  The Movie: Reze Arc”  Opening Movie	https://www.youtube.com/watch?v=ux3QETpLcPs
TVアニメ『素材採取家の異世界旅行記』ノンクレジットオープニング映像：Nornis「Prologue」	https://www.youtube.com/watch?v=L2HNKUVN6Qc
『3年Z組銀八先生』ノンクレジットオープニング映像｜「桜風」 ぼっちぼろまる	https://www.youtube.com/watch?v=a8ZVyJiYpjQ
『嘆きの亡霊は引退したい』第2クールノンクレジットオープニング｜安野希世乃「アルゴリズム」	https://www.youtube.com/watch?v=IYWXJUpttHw
TVアニメ『デブとラブと過ちと！』ノンクレジットOP｜GANG PARADE「Happy Yummy Lucky Yummy」	https://www.youtube.com/watch?v=XwSPbxP4l-8
TVアニメ「笑顔のたえない職場です。」ノンクレジットOP | HoneyWorks feat.ハコニワリリィ「絶対称賛！」	https://www.youtube.com/watch?v=nzMUyT4Lcfc
TVアニメ「笑顔のたえない職場です。」ノンクレジットED | Sizuk「Thankful」	https://www.youtube.com/watch?v=kAWZAbv6II4
TVアニメ【ギルティホール】ノンクレジットエンディング｜橘あさひ「愛・夢Guilty」	https://www.youtube.com/watch?v=439fX2wHpFA
TVアニメ『悪食令嬢と狂血公爵』ノンクレジットオープニング映像AVAM「シュガリー・ストーリー」	https://www.youtube.com/watch?v=lZaZF9V-rG0
TVアニメ『悪食令嬢と狂血公爵』ノンクレジットエンディング映像土岐隼一「希望光度」	https://www.youtube.com/watch?v=Lnz4i8LErZg
【ノンクレOP】『暗殺者である俺のステータスが勇者よりも明らかに強いのだが』ノンクレジットオープニング│VESPERBELL 『一閃』【テレ東・BSフジ・アニマックスほか放送中】#ステつよ	https://www.youtube.com/watch?v=LWeHkXwBEfM
TVアニメ『#野生のラスボスが現れた！』ノンクレジットオープニング映像│#岸田教団&THE明星ロケッツ「レベルを上げて物理で殴る」	https://www.youtube.com/watch?v=mSZMx0mpcJ4
TVアニメ『アルマちゃんは家族になりたい』ノンクレジットオープニング映像｜「ドラマチック・オーバーレイ」ZAQ	https://www.youtube.com/watch?v=9MqsPMdLVHM
TVアニメ『アルマちゃんは家族になりたい』ノンクレジットエンディング映像｜「ありふれてたい」花譜	https://www.youtube.com/watch?v=-MHfE_rpJWA
TVアニメ『父は英雄、母は精霊、娘の私は転生者。』ノンクレジットOP映像 | 果歩「魔法」	https://www.youtube.com/watch?v=iheljbMWAP8
TVアニメ『父は英雄、母は精霊、娘の私は転生者。』ノンクレジットED映像 | ゆいにしお「Family」	https://www.youtube.com/watch?v=UnOtggEneK8
TVアニメ『機械じかけのマリー』ノンクレジットエンディング映像　 マリー（CV：東山奈央）「Cross heart～偽りのない気持ち」	https://www.youtube.com/watch?v=oNMMum8vY60
TVアニメ『機械じかけのマリー』ノンクレジットオープニング映像　 春茶「ホントトウソ」	https://www.youtube.com/watch?v=dFOpi6ZSzS4
TVアニメ『羅小黒戦記』日本版エンディング映像〈第1話〉 | Aimer「Pastoral」	https://www.youtube.com/watch?v=hCvzUTmxfY4
TVアニメ「渡くんの××が崩壊寸前」第2クールノンテロップED映像／平手友梨奈	https://www.youtube.com/watch?v=LXE81S0RAkE
TVアニメ『ウィッチウォッチ』25話ノンクレジットエンディング｜はしメロ「ときはなて！」	https://www.youtube.com/watch?v=9NQcp8RTtns
アニメ『ウマ娘 シンデレラグレイ』第2クールノンテロップOP映像｜10-FEET「スパートシンドローマー」	https://www.youtube.com/watch?v=zaontFJPfbI
TVアニメ「DIGIMON BEATBREAK」ノンクレジットエンディングムービー／冨岡 愛「beat up」	https://www.youtube.com/watch?v=Je4IjQqlD84
TVアニメ「DIGIMON BEATBREAK」ノンクレジットオープニングムービー／MADKID「Mad Pulse」	https://www.youtube.com/watch?v=wlmn_P8YHr0
TVアニメ「友達の妹が俺にだけウザい」ノンクレジットED	https://www.youtube.com/watch?v=MS06iiurI0g
TVアニメ「友達の妹が俺にだけウザい」ノンクレジットOP	https://www.youtube.com/watch?v=lcNQ9w5vhFU
TVアニメ「らんま1/2」第2期 ノンクレジットエンディング｜にしな「パンダガール」 ／ "Ranma1/2" Season 2 Ending Movie	https://www.youtube.com/watch?v=X-SOSlnkXAc
【ノンクレジットOP】TVアニメ『味方が弱すぎて補助魔法に徹していた宮廷魔法師、追放されて最強を目指す』｜秋山黄色「Quest」	https://www.youtube.com/watch?v=DS_SxUGLs8k
【ノンクレジットED】TVアニメ『味方が弱すぎて補助魔法に徹していた宮廷魔法師、追放されて最強を目指す』｜aruma「欠片」	https://www.youtube.com/watch?v=G9blq2RvhOo
TVアニメ『終末ツーリング』ノンクレジットエンディングムービー｜Myuk「グライド」	https://www.youtube.com/watch?v=7S6QlyfnSb4
『僕のヒーローアカデミア FINAL SEASON』OPノンクレジット映像 Type-1／OPテーマ：「THE REVO」ポルノグラフィティ／ヒロアカOP	https://www.youtube.com/watch?v=5ALFVv_tdYw
TVアニメ「ドラえもん」ノンクレジットエンディング映像｜Tani Yuuki『もしものがたり』	https://www.youtube.com/watch?v=vvcsRM8qFcY
練馬編ノンクレジットエンディング映像 | eill「ACTION」【#桃源暗鬼 】	https://www.youtube.com/watch?v=WHUpja-jFVk
TVアニメ「渡くんの××が崩壊寸前」第2クールノンテロップOP映像／shallm	https://www.youtube.com/watch?v=spkbC8mqdWk
TVアニメED映像「最後にひとつだけお願いしてもよろしいでしょうか」｜シユイ「インフェリア」	https://www.youtube.com/watch?v=OIZd_vynwmU
TVアニメOP映像「最後にひとつだけお願いしてもよろしいでしょうか」｜CHiCO with HoneyWorks「戦場の華」	https://www.youtube.com/watch?v=DSYj9FLVqMY
TVアニメ『無限ガチャ』ノンクレジットオープニング｜丁「閃より雷や、更りや高き」	https://www.youtube.com/watch?v=_2Wreo9BrsU
テレビアニメ『しゃばけ』ノンクレジットオープニング映像｜くじら「いのちのパレヱド」	https://www.youtube.com/watch?v=VniEEcIswxc
鉄血10周年記念│『機動戦士ガンダム 鉄血のオルフェンズ』特別編 ノンクレジットOP映像│ MAN WITH A MISSION「Blaze」	https://www.youtube.com/watch?v=KTLdwbUn-jg
TVアニメ「永久のユウグレ」ノンクレジットオープニング映像｜Uru「プラットフォーム」	https://www.youtube.com/watch?v=FCJ7klVnaq4
ノンクレジットED主題歌「リリィ」八百歳比名子（CV:上田麗奈）｜TVアニメ「私を喰べたい、ひとでなし」	https://www.youtube.com/watch?v=7fNDrLOl_nI
ノンクレジットOP主題歌「贄-nie-」吉乃｜TVアニメ「私を喰べたい、ひとでなし」	https://www.youtube.com/watch?v=11CW6yxaU8E
TVアニメ『破産富豪 The Richest Man in GAME』ノンクレジットOP／いれいす 『Empty Heart』	https://www.youtube.com/watch?v=nbXh4td4byU
『Let's Play クエストだらけのマイライフ』ノンクレジットエンディング｜久保田利伸「Left & Right」	https://www.youtube.com/watch?v=i9yIl98XyHc
TVアニメ『破産富豪 The Richest Man in GAME』ノンクレジットED／眞白かのん 『ピカループ』	https://www.youtube.com/watch?v=Lir9OKfmYAQ
アニメ『暗殺教室』再放送ノンクレジットOP映像③／GENIC「ENDER」	https://www.youtube.com/watch?v=DpXlprBZMQs
アニメ『暗殺教室』再放送ノンクレジットED映像②／七海うらら「Infinity karat」	https://www.youtube.com/watch?v=0H1DDYH--Lw
TVアニメ「ある日、お姫様になってしまった件について」ノンクレジットエンディング映像｜XAI「その瞳で」	https://www.youtube.com/watch?v=qHXg39FZDoU
TVアニメ「ある日、お姫様になってしまった件について」ノンクレジットオープニング映像｜Daoko「いいよ」	https://www.youtube.com/watch?v=NOA0YP51JZo
TVアニメ「矢野くんの普通の日々」ノンクレジットエンディング｜iScream「Better Off」	https://www.youtube.com/watch?v=LCgZptmyAhk
TVアニメ「矢野くんの普通の日々」ノンクレジットオープニング｜FANTASTICS「POP LIFE」	https://www.youtube.com/watch?v=wS-lmrs7h-0
『SPY×FAMILY』Season 3 オープニング主題歌スピッツ「灯を護る」アニメ映像(ノンクレジット) ／2025.10.04 23:00～ON AIR	https://www.youtube.com/watch?v=PcmmU4aEQu0
TVアニメ『SANDA』オープニング映像｜yama「アダルトチックチルドレン」	https://www.youtube.com/watch?v=U1qcMPqzYN4
TVアニメ『SANDA』ノンクレジットエンディング映像｜崎山蒼志「ダイアリー」	https://www.youtube.com/watch?v=PwOKS7BiJ50
TVアニメ「らんま1/2」第2期 ノンクレジットオープニング｜水曜日のカンパネラ「ウォーアイニー」 ／ "Ranma1/2" Season 2 Opening Movie	https://www.youtube.com/watch?v=QQ94onekjWE
【プリオケ】第24話 オルケリア「ゼッタイ歌姫宣言ッ！」｜毎週日曜あさ9:00～TVアニメ放送中	https://www.youtube.com/watch?v=fAGEsOsN8Oo
鉄血10周年記念 │『機動戦士ガンダム 鉄血のオルフェンズ（第2期）』第1クール ノンクレジットOP映像 │ SPYAIR「RAGE OF DUST」	https://www.youtube.com/watch?v=av0KHu7a9QE
TVアニメ『よふかしのうた Season2』第12夜「Call of the Night」ノンクレジット・エンディング映像　♪Creepy Nuts「よふかしのうた」	https://www.youtube.com/watch?v=pFvJaDwnwXk
「TO BE HERO X」ノンクレジットOPムービーver.X ｜SawanoHiroyuki[nZk]:Rei & SennaRin「INERTIA」	https://www.youtube.com/watch?v=G66mjVMVp0w
【プリオケ】第23話 オルケリア「Super Higher Dreamer!!!」｜毎週日曜あさ9:00～TVアニメ放送中	https://www.youtube.com/watch?v=TBO8MWM04hQ
【プリオケ】第22話 バンド・スナッチ「Perfect Showdown! 」｜毎週日曜あさ9:00～TVアニメ放送中	https://www.youtube.com/watch?v=wKhetckxbfM
TVアニメ「Turkey!」ノンクレジットOP｜戸倉家の姫たち『ヒャクニチソウ』	https://www.youtube.com/watch?v=-V4zQpTOVJw
TVアニメ『暗殺教室』第１期再放送ノンクレジット・ED映像 E組30人Ver.│♪新エンディング・テーマ：あたらよ「ツキノフネ」	https://www.youtube.com/watch?v=MgySfmKdHTk
【スペシャルED】TVアニメ「ばっどがーる」| 瑠璃葉るら(CV.花井美春)「はーと掻き回してアゲル」	https://www.youtube.com/watch?v=IgqIpKWD0wU
【プリオケ】ゼッタイ歌姫宣言ッ！|「プリンセッション・オーケストラ」オープニングムービー・完全版【歌詞つき】	https://www.youtube.com/watch?v=SwSllMPREDU
TVアニメ『ダンダダン』HAYASii「Hunting Soul」【lyric video】	https://www.youtube.com/watch?v=XoodunTw0kw
TVアニメ『Summer Pockets』2nd EDノンクレジット映像	https://www.youtube.com/watch?v=sQh2Fp8YWEI
TVアニメ『Summer Pockets』2nd OPノンクレジット映像	https://www.youtube.com/watch?v=P8IeLiFTHK8
【プリオケ】第17話 識辺かがり「SOULISM」｜毎週日曜あさ9:00～TVアニメ放送中	https://www.youtube.com/watch?v=n4zVvYWfGiU
アニメ「青春ブタ野郎はサンタクロースの夢を見ない」ノンクレジットエンディング映像 |「水平線は僕の古傷」赤城郁実	https://www.youtube.com/watch?v=C7JnK625UnY
アニメ『怪獣８号』第２期ノンクレジットED｜OneRepublic「Beautiful Colors」｜毎週土曜23時～放送・配信	https://www.youtube.com/watch?v=R5AHlP2cny0
アニメ『怪獣８号』第２期ノンクレジットOP｜AURORA「You Can't Run From Yourself」｜毎週土曜23時～放送・配信	https://www.youtube.com/watch?v=rH8FCwzOdpI
【ノンクレジットED】TVアニメ『ぬきたしTHE ANIMATION』	https://www.youtube.com/watch?v=J8YZhx86wdU
【ノンクレジット映像】TVアニメ「カードファイト!! ヴァンガード Divinez デラックス決勝編」EDテーマ『残痕字』MyGO!!!!!	https://www.youtube.com/watch?v=RwS6Q2hnIA4
TVアニメ『カラオケ行こ！』ノンクレジットOP | Ayumu Imazu「HOWL」	https://www.youtube.com/watch?v=Jh9atzsn2MM
TVアニメ『うたごえはミルフィーユ』ノンクレジットオープニング映像	https://www.youtube.com/watch?v=EFtH1vL2TZM
『New PANTY & STOCKING with GARTERBELT』ノンクレジットオープニング映像	https://www.youtube.com/watch?v=4AXQpImawSQ
TVアニメ『帝乃三姉妹は案外、チョロい。』エンディング映像｜「One Road」帝乃二琥（CV.古賀葵）	https://www.youtube.com/watch?v=FTsXmDzsBMU
「自動販売機に生まれ変わった俺は迷宮を彷徨う2nd season」ノンクレジットエンディング　相羽あいな「僕だけの地平線」	https://www.youtube.com/watch?v=lS4-iBLiQL8
「自動販売機に生まれ変わった俺は迷宮を彷徨う2nd season」オープニング　BRADIO「未来サイダー」	https://www.youtube.com/watch?v=2wSAIf9xb3w
『彼女、お借りします』第4期　リーガルリリー「ぼくのベガ」｜ノンクレジットエンディング	https://www.youtube.com/watch?v=4G_FxiIALwo
【ノンクレジットOP】TVアニメ『ぬきたしTHE ANIMATION』【全面規制ver.】	https://www.youtube.com/watch?v=WS0QwamioRY
TVアニメ『ふたりソロキャンプ』ノンテロップED｜オーイシマサヨシ「ふたりキャンプ feat.SPECIAL OTHERS」	https://www.youtube.com/watch?v=FiprFdhKpq4
TVアニメ『ふたりソロキャンプ』ノンテロップOP｜スカート「灯りは遠く」	https://www.youtube.com/watch?v=8TkTZeCJc3M
【ノンクレジット映像】TVアニメ「カードファイト!! ヴァンガード Divinez デラックス決勝編」EDテーマ『紫炎』Roselia	https://www.youtube.com/watch?v=eX3vA-AjCgQ
Roselia「紫炎」（TVアニメ「カードファイト!! ヴァンガード Divinez デラックス決勝編」ED映像）	https://www.youtube.com/watch?v=VxQQKMGmzcE
TVアニメ「Turkey!」ノンクレジットED｜太陽と踊れ月夜に唄え『もしも』	https://www.youtube.com/watch?v=2F2UrZJHUug
TVアニメ「Turkey!」ノンクレジットOP｜長野県一刻館高校ボウリング部『ヒャクニチソウ』	https://www.youtube.com/watch?v=ZUcsckCrr7U
TVアニメ『水属性の魔法使い』ノンクレジットオープニング	https://www.youtube.com/watch?v=wxdHpj7r6Rc
TVアニメ『水属性の魔法使い』ノンクレジットエンディング	https://www.youtube.com/watch?v=C8kHWlQDTx0
TVアニメ『帝乃三姉妹は案外、チョロい。』エンディング映像｜「曖昧グラフィティ」帝乃一輝（CV.天海由梨奈）	https://www.youtube.com/watch?v=qIeLqPMjk6s
『転生したら第七王子だったので、気ままに魔術を極めます 第2期』ノンクレジットエンディング映像｜岬なこ「Meteor」	https://www.youtube.com/watch?v=LV0EaKjqMAo
TVアニメ『帝乃三姉妹は案外、チョロい。』オープニング映像｜「君にふさわしい奇跡」日曜日のメゾンデ	https://www.youtube.com/watch?v=FRJkSEKZ0Ss
アニメ『BULLET/BULLET』ノンクレジットエンディング映像	https://www.youtube.com/watch?v=Z3-arFGHmU0
ちゃんみな  WORK HARD (『BULLET/BULLET』 ノンクレジットOP映像)	https://www.youtube.com/watch?v=zCvfrOnhShU
#わたなれ ノンクレジットエンディング映像｜EDテーマフィロソフィーのダンス「迷っちゃうわ」｜TVアニメ『わたしが恋人になれるわけないじゃん、ムリムリ!（※ムリじゃなかった!?）』	https://www.youtube.com/watch?v=iVAVffggNlw
TVアニメ『SAKAMOTO DAYS』第2クール オープニング映像│Kroi「Method」サカモトデイズ Opening Movie	https://www.youtube.com/watch?v=YNYkTXknYjE
TVアニメ『鬼人幻燈抄』第2クールノンクレジットオープニング｜[Alexandros] 「Ash」	https://www.youtube.com/watch?v=8iesR7f3IwU
TVアニメ『鬼人幻燈抄』第2クールノンクレジットエンディング｜FAKE TYPE.「円鈴」	https://www.youtube.com/watch?v=-U4tkSI_cyg
TVアニメ『ガチアクタ』ノンクレジットOP映像／Paledusk「HUGs」	https://www.youtube.com/watch?v=JxX7WU5DQug
「瑠璃の宝石」ノンクレジットエンディング映像｜Hana Hope『サファイア』	https://www.youtube.com/watch?v=CtA_47WtzzY
TVアニメ『ぷにるはかわいいスライム』第2期“ぷにかわ”EDムービー(ノンクレジット)／EDテーマ「青と夏」ぷにる（CV：篠原 侑）	https://www.youtube.com/watch?v=dWtvWZ50Uk0
TVアニメ『公女殿下の家庭教師』ノンクレジットEDムービー｜岡咲美保「少女のすゝめ」	https://www.youtube.com/watch?v=QMTfG-7RBcI
TVアニメ『公女殿下の家庭教師』ノンクレジットOPムービー｜前島亜美「Wish for you」	https://www.youtube.com/watch?v=rbruZu_xiDA
「光が死んだ夏」ノンクレジットエンディング「あなたはかいぶつ」TOOBOE：The Summer Hikaru Died Ending	https://www.youtube.com/watch?v=_dq21OHPJTk
「光が死んだ夏」ノンクレジットオープニング「再会」Vaundy：The Summer Hikaru Died Opening	https://www.youtube.com/watch?v=UP7la6a1H1g
TVアニメ「その着せ替え人形は恋をする」Season 2│PiKi「Kawaii Kaiwai」ノンクレジットエンディング映像	https://www.youtube.com/watch?v=75WraMAZ0Lo
アニメ「フェルマーの料理」ノンクレジットED「Change Over」DXTEEN	https://www.youtube.com/watch?v=0CM2i95JvwE
TVアニメ「気絶勇者と暗殺姫」クレジット入りOP映像：吉乃「天伝バラバラ」	https://www.youtube.com/watch?v=R3Ab2YGGq8Q
TVアニメ「気絶勇者と暗殺姫」ノンクレジットOP：吉乃「天伝バラバラ」	https://www.youtube.com/watch?v=KwokenvxcbM
TVアニメ「気絶勇者と暗殺姫」ノンクレジットED：シエル（CV:佐伯伊織）アネモネ（CV:上田 瞳）ゴア（CV:白石晴香）「スキマジカン」	https://www.youtube.com/watch?v=KnU-i-_fe58
TVアニメ『9-nine- Ruler’s Crown』 |ノンクレジットエンディング映像「Pale Blaze」米倉千尋	https://www.youtube.com/watch?v=O41bylC8_MI
TVアニメ『桃源暗鬼』京都編　ノンクレジットオープニング映像	https://www.youtube.com/watch?v=bL7eFBy5Iz8
【ノンクレジット映像】TVアニメ「カードファイト!! ヴァンガード Divinez デラックス決勝編」EDテーマ『Drive Your Heart』Poppin'Party	https://www.youtube.com/watch?v=xj6tnuuMz-E
Poppin'Party「Drive Your Heart」（TVアニメ「カードファイト!! ヴァンガード Divinez デラックス決勝編」ED映像）	https://www.youtube.com/watch?v=RT5ShjIPQcI
『サイレント・ウィッチ 沈黙の魔女の隠しごと』ノンクレジットエンディング｜羊文学『mild days』｜7月4日より各局にて好評放送・配信中	https://www.youtube.com/watch?v=ZssInPdN6o8
TVアニメ『アークナイツ【焔燼曙明/RISE FROM EMBER】』ノンクレジットエンディング映像	https://www.youtube.com/watch?v=H-xK8jKq-9I
【30周年記念：期間限定公開中】『新機動戦記ガンダムW』ノンクレジットED 「It's Just Love!」	https://www.youtube.com/watch?v=776HUDfDkJ0
アニメ『Dr.STONE SCIENCE FUTURE』最終シーズン第2クールノンクレジットED映像／「no man’s world」音羽-otoha- (Ki/oon Music)	https://www.youtube.com/watch?v=slJjDE64mFY
アニメ『Dr.STONE SCIENCE FUTURE』最終シーズン第2クールノンクレジットOP映像／「SUPERNOVA」KANA-BOON (Ki/oon Music)	https://www.youtube.com/watch?v=HNYp4T0kMNU
TVアニメ『傷だらけ聖女より報復をこめて』ノンクレジットエンディング映像｜のんぴー「アビス」	https://www.youtube.com/watch?v=v4Ds22elMHo
TVアニメ『盾の勇者の成り上がり Season 4』ノンクレジットOP｜MADKID『Resolution』	https://www.youtube.com/watch?v=SJxVzZy_hF8
TVアニメ「クレバテス-魔獣の王と赤子と屍の勇者-」ノンクレジットED	https://www.youtube.com/watch?v=d4rp4rBPQks
TVアニメ「クレバテス-魔獣の王と赤子と屍の勇者-」ノンクレジットOP	https://www.youtube.com/watch?v=Y9X49sAp-M8
TVアニメ『CITY THE ANIMATION』ノンクレジットエンディング主題歌映像／TOMOO「LUCKY」	https://www.youtube.com/watch?v=bP9yvQKl02Q
TVアニメ『ニャイト・オブ・ザ・リビングキャット』ノンクレジットED映像｜WANIMA「Matatabi」	https://www.youtube.com/watch?v=gkWcg8wmu_8
TVアニメ「おそ松さん」第4期ノンクレジットOP／「おそ松さんのボンバシェー！」DA PUMP	https://www.youtube.com/watch?v=w_qoJn4-DUQ
TVアニメ「おそ松さん」第4期ノンクレジットED／「バディ」ひとみ from あたらよ＆松野家6兄弟	https://www.youtube.com/watch?v=Kd7GLhMtAXA
TVアニメ「ネクロノミ子のコズミックホラーショウ」ノンクレジットエンディング映像｜Vell「PANDORA feat.のあ(from カラフルピーチ)」	https://www.youtube.com/watch?v=6VgI1QcAE0Q
『彼女、お借りします』第4期　ClariS「Umitsuki」｜ノンクレジットオープニング	https://www.youtube.com/watch?v=VOdmjxK8QGQ
TVアニメ『盾の勇者の成り上がり Season 2』ノンクレジットED｜藤川千愛『ゆずれない』【Season 4放送開始記念特別公開】	https://www.youtube.com/watch?v=syucUN9w1Go
TVアニメ『盾の勇者の成り上がり』第1クール ノンクレジットED｜藤川千愛『きみの名前』【Season 4放送開始記念特別公開】	https://www.youtube.com/watch?v=uVlpOsqlT78
TVアニメ『盾の勇者の成り上がり』第2クール ノンクレジットED｜藤川千愛『あたしが隣にいるうちに』【Season 4放送開始記念特別公開】	https://www.youtube.com/watch?v=nLOixE0hX5Y
TVアニメ『盾の勇者の成り上がり』 第1クール ノンクレジットOP｜MADKID『RISE』【Season 4放送開始記念特別公開】	https://www.youtube.com/watch?v=MM5sYPakr7k
TVアニメ『盾の勇者の成り上がり』第2クールノンクレジットOP｜MADKID『FAITH』【Season 4放送開始記念特別公開】	https://www.youtube.com/watch?v=MKBEaATNe48
TVアニメ『盾の勇者の成り上がり Season 2』ノンクレジットOP｜MADKID『Bring Back』【Season 4放送開始記念特別公開】	https://www.youtube.com/watch?v=ERg7DNbSo7M
TVアニメ『CITY THE ANIMATION』ノンクレジットオープニング主題歌映像／Furui Riho「Hello」	https://www.youtube.com/watch?v=10eZAXGuVT4
ナナヲアカリ「ムリムリ進化論」｜TVアニメ『わたしが恋人になれるわけないじゃん、ムリムリ！（※ムリじゃなかった!?）』オープニング映像 #わたなれ	https://www.youtube.com/watch?v=rV_lQGGtPt0
TVアニメ『ぐらんぶる』Season 2ノンクレジットOP	https://www.youtube.com/watch?v=kHfGSs6A3xU
TVアニメ『ぐらんぶる』Season 2ノンクレジットED	https://www.youtube.com/watch?v=_gLM5qjn5Hk
TVアニメ『SAKAMOTO DAYS』第2クールノンクレジットエンディング│go!go!vanillas「ダンデライオン」サカモトデイズ Non-credit Ending Movie	https://www.youtube.com/watch?v=3u8JxBtxt5k
TVアニメ「フードコートで、また明日。」ノンクレジットオープニング映像｜7月7日（月）よりTOKYO MX他各局にて放送中！	https://www.youtube.com/watch?v=Mes1XCDZYTo
TVアニメ『出禁のモグラ』ノンクレジットオープニング映像 │ ♪syudou「神頼み」	https://www.youtube.com/watch?v=i0XigEENjpM
TVアニメ『カッコウの許嫁Season2』ノンクレジットOP｜asmi「君がくれたもの」	https://www.youtube.com/watch?v=RVOwhB5wEkA
TVアニメ『カッコウの許嫁Season2』ノンクレジットED｜22/7「あなたでなくちゃ」	https://www.youtube.com/watch?v=HsfGYPHErTg
TVアニメ「渡くんの××が崩壊寸前」ノンテロップED映像／PEDRO	https://www.youtube.com/watch?v=58BggoIdOdA
TVアニメ「渡くんの××が崩壊寸前」ノンテロップOP映像／『ユイカ』	https://www.youtube.com/watch?v=VWbhpovWyE8
TVアニメ『ニャイト・オブ・ザ・リビングキャット』ノンクレジットOP映像｜THE YELLOW MONKEY「CAT CITY」	https://www.youtube.com/watch?v=_Ki5aP9DBYw
TVアニメ『ゲーセン少女と異文化交流』ノンクレジットED｜「Amusing Flavor」リリー・ベイカー(CV：天城サリー)	https://www.youtube.com/watch?v=CldOd2aIo9s
TVアニメ『ゲーセン少女と異文化交流』ノンクレジットOP｜「ふたりのスタートボタン」リリー・ベイカー(CV：天城サリー)、草壁葵衣(CV：小山内怜央)	https://www.youtube.com/watch?v=BLX7qZwt--w
TEMPEST() - My Way【TVアニメ「ブサメンガチファイター」ノンクレジットOP映像】	https://www.youtube.com/watch?v=JZbUnWndHWk
TVアニメ「異世界黙示録マイノグーラ～破滅の文明で始める世界征服～」ノンクレジットOP | 佐々木李子「Majestic Catastrophe」	https://www.youtube.com/watch?v=HsgEZJbp58c
TVアニメ「異世界黙示録マイノグーラ～破滅の文明で始める世界征服～」ノンクレジットED | 寺島拓篤「more than W」	https://www.youtube.com/watch?v=JfgPB5nziX8
「瑠璃の宝石」ノンクレジットオープニング映像｜安田レイ『光のすみか』	https://www.youtube.com/watch?v=YDOARwO2SNk
TVアニメ『ぷにるはかわいいスライム』第2期“ぷにかわ”OPムービー(ノンクレジット)／OPテーマ「Brun-Brun」ぷにる（CV：篠原 侑）	https://www.youtube.com/watch?v=RhYMhoPx0O4
TVアニメ『うろんミラージュ＜ウィッチウォッチ＞』エンディングテーマ：ALI「FLASHBACK SYNDROME」	https://www.youtube.com/watch?v=qXjLhh6KZuM
TVアニメ『うろんミラージュ＜ウィッチウォッチ＞』オープニングテーマ：who-ya extended「Bitter end」	https://www.youtube.com/watch?v=X3yirXygazg
TVアニメ『地縛少年花子くん２』後編ノンクレジットエンディング	https://www.youtube.com/watch?v=zIPdM4fGk70
TVアニメ『地縛少年花子くん２』後編ノンクレジットオープニング	https://www.youtube.com/watch?v=5cevONCM6p4
【プリオケ】第13話 カリスト「エスコート ダイヤモンド」｜毎週日曜あさ9:00～TVアニメ放送中	https://www.youtube.com/watch?v=FzP1RcLdK40
【プリオケ】第13話 特殊エンディングムービー「使命は赤きセレナーデ」	https://www.youtube.com/watch?v=4804e25aGgg
「キミとアイドルプリキュア♪」後期エンディング主題歌「キミとルララ」(ノンテロップver)	https://www.youtube.com/watch?v=UqfS7TaV7xo
TVアニメ「雨と君と」ノンテロップエンディング映像	https://www.youtube.com/watch?v=XYJ1xCEUTxg
TVアニメ「雨と君と」ノンテロップオープニング映像	https://www.youtube.com/watch?v=OOmuZxXI4lU
TVアニメ『薫る花は凛と咲く』ノンクレジットエンディングムービー｜汐れいら「ハレの日に」	https://www.youtube.com/watch?v=W4fND8qaTtE
TVアニメ『薫る花は凛と咲く』ノンクレジットオープニングムービー｜キタニタツヤ「まなざしは光」	https://www.youtube.com/watch?v=8WLNNu78mUk
TVアニメ「その着せ替え人形は恋をする」Season 2│スピラ・スピカ「アオとキラメキ」オープニング映像	https://www.youtube.com/watch?v=TpJvHjyITMQ
【ノンクレジットOP】TVアニメ「ばっどがーる」| 天狼群「すーぱーびっぐらぶ！」	https://www.youtube.com/watch?v=HbocaCxe5gU
アニメ「フェルマーの料理」ノンクレジットOP「メイラード」OSHIKIKEIGO	https://www.youtube.com/watch?v=ByuXopW9FTg
アニメ「青春ブタ野郎はサンタクロースの夢を見ない」ノンクレジットエンディング映像 |「水平線は僕の古傷」広川卯月	https://www.youtube.com/watch?v=JZX93La1KwM
アニメ「青春ブタ野郎はサンタクロースの夢を見ない」ノンクレジットオープニング映像 | Conton Candy「スノウドロップ」	https://www.youtube.com/watch?v=T2dF1HIVEZs
TVアニメ『9-nine- Ruler’s Crown』 |ノンクレジットオープニング映像「ResoNAnce」あらき	https://www.youtube.com/watch?v=UpbWNBDQ4TQ
【ノンクレジット映像】TVアニメ「カードファイト!! ヴァンガード Divinez デラックス決勝編」OPテーマ『Feathered Dreams』Morfonica	https://www.youtube.com/watch?v=gr73cn_ny3k
Morfonica「Feathered Dreams」（TVアニメ「カードファイト!! ヴァンガード Divinez デラックス決勝編」OP映像）	https://www.youtube.com/watch?v=os_dduLV6Ao
「ずたぼろ令嬢は姉の元婚約者に溺愛される」ノンクレジットエンディング ｜ Myuk「マリー」	https://www.youtube.com/watch?v=LZnXIc0bM_4
「ずたぼろ令嬢は姉の元婚約者に溺愛される」ノンクレジットオープニング ｜ krage「月蝕」	https://www.youtube.com/watch?v=TxzfhanFwHI
『サイレント・ウィッチ 沈黙の魔女の隠しごと』ノンクレジットオープニング｜羊文学『Feel』｜2025年7月4日より毎週金曜24時00分～好評放送・配信中	https://www.youtube.com/watch?v=8dky0A7Gx1c
TVアニメ『よふかしのうた Season2』ノンクレジット・オープニング映像　♪オープニング・テーマ：Creepy Nuts「Mirage」	https://www.youtube.com/watch?v=l5S0JhqULAU
TVアニメ『よふかしのうたSeason2』ノンクレジット・エンディング映像　♪エンディング・テーマ：Creepy Nuts「眠れ」	https://www.youtube.com/watch?v=K5T_aKoN31Q
TVアニメ『フスに花束を。』ノンクレジットオープニング映像｜TWS「BLOOM (feat. Ayumu Imazu)」	https://www.youtube.com/watch?v=sUP7rjlcWkY
『転生したら第七王子だったので、気ままに魔術を極めます 第2期』ノンクレジットオープニング映像｜樋口楓「CALLING†」	https://www.youtube.com/watch?v=WZ-xST_J04g
TVアニメ「ダンダダン」第2期オープニング映像｜アイナ・ジ・エンド「革命道中」	https://www.youtube.com/watch?v=ZWjbvYWUMHo
TVアニメ「ダンダダン」第2期エンディング映像｜WurtS「どうかしてる」	https://www.youtube.com/watch?v=LxUeFYhLE0U
TVアニメ「追放者食堂へようこそ！」ノンクレジットED映像｜超ときめき宣伝部「まごころ My Heart」	https://www.youtube.com/watch?v=idskIUheaa4
TVアニメ「追放者食堂へようこそ！」ノンクレジットOP映像｜Dannie May「ユニーク」	https://www.youtube.com/watch?v=fu8Z_vVYuNg
TVアニメ『神椿市建設中。』ノンクレジットOP映像｜V.W.P「歌姫」	https://www.youtube.com/watch?v=xBQePsKtiDE
TVアニメ『強くてニューサーガ』ノンクレジットオープニングテーマ｜4s4ki「演者」	https://www.youtube.com/watch?v=_SpiB2tqgcg
【公式】ASTROBOY鉄腕アトム　オープニング「true blue」/ZONE	https://www.youtube.com/watch?v=WR4cKhe8i-M
TVアニメ『転生宗主の覇道譚　～すべてをみ込むサカナと這い上がる～』ノンクレジットED／阿薩Aza feat. 林魂&陳鵬傑「登頂 Remix」	https://www.youtube.com/watch?v=Uwb2nzVDbL4
TVアニメ『転生宗主の覇道譚　～すべてをみ込むサカナと這い上がる～』ノンクレジットOP／CROWN HEAD「鬼灯」	https://www.youtube.com/watch?v=rFQuAWU6MzI
『陰陽廻天 Re:バース』ノンクレジットエンディング｜9Lana「TURN OVER」	https://www.youtube.com/watch?v=nx8_hvbyB0A
TVアニメ「宇宙人ムームー」ノンクレジットED02「すばらしい日々」／さくらこ＆ムームー	https://www.youtube.com/watch?v=25WCwpxo9oI
『地獄先生ぬ～べ～』 ノンクレED映像 / Hell Teacher: Jigoku Sensei Nube Clean ED	https://www.youtube.com/watch?v=2or2lWw6RXA
TVアニメ「宇宙人ムームー」ノンクレジットOP02「MOVE MOVE」／a子	https://www.youtube.com/watch?v=tLH5iCkYcqo
【日々は過ぎれど飯うまし】  ~  .~	https://www.youtube.com/watch?v=EX33zENDqis
TVアニメ「フードコートで、また明日。」ノンクレジットエンディング映像｜7月7日（月）TOKYO MX他各局にて放送開始	https://www.youtube.com/watch?v=CLVx27ALbgs
TVアニメ『まったく最近の探偵ときたら』ノンクレジットエンディング映像｜「GORI☆GORI Feez e-Girl!!」真白(CV:花澤香菜)VS愉快なおじさんたち(CV:杉田智和)	https://www.youtube.com/watch?v=63MdWK5-Ogk
『陰陽廻天 Re:バース』ノンクレジットオープニング｜Who-ya Extended「CRY OUT CRY OVER」	https://www.youtube.com/watch?v=-Bdqz9qWD2Q
TVアニメ『まったく最近の探偵ときたら』ノンクレジットオープニング映像｜岡崎体育「Suffer」	https://www.youtube.com/watch?v=QEHlMHce05M
TVアニメ「ネクロノミ子のコズミックホラーショウ」ノンクレジットオープニング映像｜緑仙「確証論」	https://www.youtube.com/watch?v=xmNorNQsp4A
【ノンクレジットED】TVアニメ「ばっどがーる」| 天狼群「BAD SURPRISE」	https://www.youtube.com/watch?v=lGSdTT5XW_s
ユメミ誇レ！ユメ咲キ踊レ！ / 前橋ウィッチーズ | TVアニメ『前橋ウィッチーズ』第12話挿入歌	https://www.youtube.com/watch?v=7r8jYU9XhXE
「白豚貴族ですが前世の記憶が生えたのでひよこな弟育てます」#12 劇中歌 姫君に捧げる「野ばら」 ｜ ABEMAで独占・無料配信中！7月6日(日)より地上波放送開始！	https://www.youtube.com/watch?v=EHW0MDjt-YM
【クラシック★スターズ】「交響曲★STARS MELODY」Gran★MyStar｜Emotion 13「STARS MELODY」より	https://www.youtube.com/watch?v=GvOJzJ_sbXs
TVアニメ『ウィッチウォッチ』第２クールエンディング映像｜yutori「月と私のかくれんぼ」	https://www.youtube.com/watch?v=YQ0hXVdBTAQ
TVアニメ『ウィッチウォッチ』第２クールオープニング映像｜はしメロ「ときはなて！」	https://www.youtube.com/watch?v=L9YhOussuh8
『真・侍伝 YAIBA』ノンクレジットオープニング | BLUE ENCOUNT「BLADE -絆ver-」	https://www.youtube.com/watch?v=ZC3IC2GrPUw
『真・侍伝 YAIBA』ノンクレジットエンディング| 八木海莉電音遊戯「ACTION！」	https://www.youtube.com/watch?v=XLplKqU1M7c
アニメ『タコピーの原罪』ノンクレジットED映像｜Tele「がらすの線」	https://www.youtube.com/watch?v=uA50rpzCKqY
映画『小林さんちのメイドラゴン さみしがりやの竜』ノンテロップオープニング	https://www.youtube.com/watch?v=WXEEdxdxQ1g
TVアニメ『アークナイツ【焔燼曙明/RISE FROM EMBER】』ノンクレジットオープニング映像	https://www.youtube.com/watch?v=m6i-frdBemo
アニメ『タコピーの原罪』ノンクレジットOP映像｜ano「ハッピーラッキーチャッピー」	https://www.youtube.com/watch?v=ciFvLHCThdg
『地獄先生ぬ～べ～』 ノンクレOP映像 / Hell Teacher: Jigoku Sensei Nube Clean OP	https://www.youtube.com/watch?v=-_lYCBqyNYo
映画『ChaO』挿入歌「あなたのために」特別映像／ 8月15日(金)公開	https://www.youtube.com/watch?v=29UISMCp3Gc
TVアニメ『暗殺教室』再放送ノンクレジットOP映像②／須田景凪「ラストルック」	https://www.youtube.com/watch?v=LG0IXZfp_Ew
「マルカネ百貨店のうた REMIX」｜TVアニメ『ヴィジランテ -僕のヒーローアカデミア ILLEGALS-』毎週月曜23:00～放送中！	https://www.youtube.com/watch?v=CA0AXmr35Ps
【クラシック★スターズ】「レジスタンスの音域」Dis＝Cord｜Emotion 12「鉄槌-ジャッジメント-を」より	https://www.youtube.com/watch?v=4EJDa7EtBKc
【プリオケ】第12話 カリスト「使命は赤きセレナーデ  -Ver. First Blood- 」｜毎週日曜あさ9:00～TVアニメ放送中	https://www.youtube.com/watch?v=qBzsIL1QAYU
第12話エンディングテーマ「生まれ変わろうと」アズサ（CV:悠木 碧）【スライム倒して300年、知らないうちにレベルMAXになってました ～そのに～】	https://www.youtube.com/watch?v=RK00jWx3VVg
Wither / EIKO（CV.芹澤 優） | TVアニメ『前橋ウィッチーズ』第11話挿入歌	https://www.youtube.com/watch?v=WaDcHspuygc
【クラシック★スターズ】「交響曲★STARS MELODY」Gran★MyStar｜Emotion 11「音楽-恋-の Beat を灯せ」より	https://www.youtube.com/watch?v=BjvbJ_rqCgA
「Awakening Harmony」/ キュアズキューン(CV：南條愛乃)＆キュアキッス(CV：花井美春) Lyric Video	https://www.youtube.com/watch?v=bLpxiGJo1zQ
「白豚貴族ですが前世の記憶が生えたのでひよこな弟育てます」#09 劇中歌「帝国よ、そは永遠の楽土なり」 ｜ ABEMAで独占・無料配信中！7月6日(日)より地上波放送開始！	https://www.youtube.com/watch?v=W7UM7vmCv84
メジルシ / 前橋ウィッチーズ | TVアニメ『前橋ウィッチーズ』第10話挿入歌	https://www.youtube.com/watch?v=MziuJEfiIwQ
【クラシック★スターズ】「不可逆な時さえも･･･」モーツァルト(CV.伊東健人)｜Emotion 10「不可逆な音符-Note-」より	https://www.youtube.com/watch?v=dnP3-4nX6MM
挿入歌「MAD ODD WOO」歌：ペコラ（CV:田村ゆかり）【スライム倒して300年、知らないうちにレベルMAXになってました ～そのに～】	https://www.youtube.com/watch?v=3xxOmLlXMAA
MATSURI day PARTY!! / 前橋ウィッチーズ | TVアニメ『前橋ウィッチーズ』第9話挿入歌	https://www.youtube.com/watch?v=fXQK5yiBt54
【クラシック★スターズ】「Not a Marionette」ショパン(CV.安部 瞬)｜Emotion 09「ザラついた Nightmare」より	https://www.youtube.com/watch?v=jyCSg3SHjW8
「キミとアイドルプリキュア♪」キュアズキューン＆キュアキッス ステージシーン	https://www.youtube.com/watch?v=9w39VDmFivg
【毎週月曜24：00より好評放送中】TVアニメ「#コンパス20」ノンクレジット第4話スペシャルED│「Perfect Parfait Parade」	https://www.youtube.com/watch?v=A5g0FZX6478
Meteor Shower / 前橋ウィッチーズ | TVアニメ『前橋ウィッチーズ』第8話挿入歌	https://www.youtube.com/watch?v=dHk_fQPC9Aw
【クラシック★スターズ】「愛の夜想曲-ノクターン-」リスト(CV.石毛翔弥)｜Emotion 08「Love is freedom」より	https://www.youtube.com/watch?v=D4nsae31GtE
【プリオケ】第8話 オルケリア「TRIAD FORCE」｜毎週日曜あさ9:00～TVアニメ放送中	https://www.youtube.com/watch?v=qu2PqNvQVQc
【新章】アニメ『ウマ娘 シンデレラグレイ』第1クールノンテロップOP映像 ver.2｜[Alexandros]「超える」	https://www.youtube.com/watch?v=U8iHTbchhq0
TVアニメ「アポカリプスホテル」第6話挿入歌「アポカリプス」唄：朴美｜Blu-ray第2巻 特典サントラに収録！	https://www.youtube.com/watch?v=DX418om_4KQ
無敵☆PAYAPAYA / 前橋ウィッチーズ | TVアニメ『前橋ウィッチーズ』第6話挿入歌	https://www.youtube.com/watch?v=QWh88qCUmZY
【クラシック★スターズ】「NO FATE」Dis＝Cord｜Emotion 06「The first star」より	https://www.youtube.com/watch?v=iWJtPn0VWPI
【クラシック★スターズ】「グラン★プロローグ」Gran★MyStar｜Emotion 06「The first star」より	https://www.youtube.com/watch?v=v34qQovehwk
You Are My World / 前橋ウィッチーズ | TVアニメ『前橋ウィッチーズ』第5話挿入歌	https://www.youtube.com/watch?v=1gYwg8LvE1o
【クラシック★スターズ】「DESTINY IS MINE」ベートーヴェン(CV.内田雄馬)｜Emotion 05「吠え歌え創れ」より	https://www.youtube.com/watch?v=8rOZVd7a07A
【プリオケ】第5話 特殊エンディングムービー「人生は流星だ☆彡」	https://www.youtube.com/watch?v=_ixmMI0Xl_s
Sizuk/俊龍 - Para Bellum［feat.アリスリーゼ・ルゥ・ネビュリス9世（CV：雨宮天）］/TVアニメ「キミと僕の最後の戦場、あるいは世界が始まる聖戦 Season Ⅱ」ED主題歌	https://www.youtube.com/watch?v=5Oa9sAt61qw
TVアニメ『阿波連さんははかれない season2』／阿波連シスターズダンスムービー	https://www.youtube.com/watch?v=gkOAqptNmV8
【クラシック★スターズ】「甘き羽音に乱れて･･･」リスト(CV.石毛翔弥)｜Emotion 04「今宵は夢の戯れを」より	https://www.youtube.com/watch?v=UcmJQgT_KZU
アニメ『ウマ娘 シンデレラグレイ』第4話ウイニングライブシーン｜挿入歌：オグリキャップ (CV.高柳知葉)「BRIGHTEST HEART」	https://www.youtube.com/watch?v=JX2B1bZrclU
『真・侍伝 YAIBA』ノンクレジットオープニング | BLUE ENCOUNT「BLADE」	https://www.youtube.com/watch?v=aWGC4AvH7Sw
TVアニメ「華Doll* -Reinterpretation of Flowering-」ノンクレジットエンディング	https://www.youtube.com/watch?v=TkmrWXQAhkg
TVアニメ「華Doll* -Reinterpretation of Flowering-」ノンクレジットオープニング	https://www.youtube.com/watch?v=0q0AMUImbIc
TVアニメ『Summer Pockets』ノンクレジットED映像	https://www.youtube.com/watch?v=dD8acaodHRk
シャボン・テンション！/ 前橋ウィッチーズ | TVアニメ『前橋ウィッチーズ』第3話挿入歌	https://www.youtube.com/watch?v=QtS8RDFUZZw
シャボン・テンション！/ 前橋ウィッチーズ | TVアニメ『前橋ウィッチーズ』第3話挿入歌	https://www.youtube.com/watch?v=QtS8RDFUZZw
「白豚貴族ですが前世の記憶が生えたのでひよこな弟育てます」#01 劇中歌「野ばら」 ｜ 4月からABEMAで独占・無料配信中！	https://www.youtube.com/watch?v=P4NLQhzvm30
「白豚貴族ですが前世の記憶が生えたのでひよこな弟育てます」#02 劇中歌「ハバネラ」 ｜ 4月からABEMAで独占・無料配信中！	https://www.youtube.com/watch?v=5tB5fI_kfQg
「白豚貴族ですが前世の記憶が生えたのでひよこな弟育てます」ノンクレジットED ｜ 4月からABEMAで独占・無料配信中！	https://www.youtube.com/watch?v=JC5NZ8oGdfE
「白豚貴族ですが前世の記憶が生えたのでひよこな弟育てます」OP映像 ｜ 4月からABEMAで独占・無料配信中！	https://www.youtube.com/watch?v=4nBzqU0ruag
【クラシック★スターズ】「進化のエチュード」ショパン(CV.安部 瞬)｜Emotion 03「レンズ越しのリアル」より	https://www.youtube.com/watch?v=MPL5nEXmF4M
【待望】「カサマツ音頭」ウイニングライブシーン｜アニメ『ウマ娘 シンデレラグレイ』第3話より	https://www.youtube.com/watch?v=IfqQwUrcuWE
TVアニメ「日々は過ぎれど飯うまし」 ノンクレジットエンディング｜「味噌汁とバター」汐れいら	https://www.youtube.com/watch?v=8oGdZZ9y3Uw
TVアニメ「mono」ノンクレジットエンディング｜halca「ウィークエンドロール」	https://www.youtube.com/watch?v=Dki4Yekz8Gw
TVアニメ「mono」ノンクレジットオープニング｜シネフォト部「メニメリ・メモリーズ！」	https://www.youtube.com/watch?v=OssMWb7KIO8
アニメ『アン・シャーリー』ノンクレジットエンディング映像 | Laura day romance 「heart」	https://www.youtube.com/watch?v=oUTGoBChCIY
アニメ『アン・シャーリー』ノンクレジットオープニング映像 | とた「予感」	https://www.youtube.com/watch?v=UQD4mwWpoJc
「顔」（TVアニメ「BanG Dream! Ave Mujica」#13 挿入歌）	https://www.youtube.com/watch?v=6umH5XQpXws
TVアニメ「完璧すぎて可愛げがないと婚約破棄された聖女は隣国に売られる」ノンクレジットOP映像	https://www.youtube.com/watch?v=O3kOsmo9YcU
TVアニメ「宇宙人ムームー」ノンクレジットED「さよなら人類」／さくらこ＆ムームー	https://www.youtube.com/watch?v=zDao3I4cZzc
TVアニメ「宇宙人ムームー」ノンクレジットOP「ふしぎなきみ」／サバシスター	https://www.youtube.com/watch?v=uURH9LQlMEM
TVアニメ「アポカリプスホテル」ノンクレジットオープニング｜ aiko「skirt」	https://www.youtube.com/watch?v=oHs-XfeUjIU
『機動戦士Gundam GQuuuuuuX（ジークアクス）』ノンクレジットオープニング映像│米津玄師「Plazma」	https://www.youtube.com/watch?v=dcxhZTb_6zs
TVアニメ【ホールハークでつかまえて！】GENICが歌うオープニング主題歌「Hurray!!」ノンクレジットオープニング映像を公開！	https://www.youtube.com/watch?v=HDCnOnEp6kE
「紫雲寺家の子供たち」ノンクレジットED映像｜万里・清葉・謳華・南・ことの「LIKE YOU o(＞＜ = ＞＜)o LOVE YOU?」	https://www.youtube.com/watch?v=6Kb695VS4B4
【毎週月曜24：00より好評放送中】TVアニメ「#コンパス20」ノンクレジットエンディング│内田雄馬「ハートエイク」	https://www.youtube.com/watch?v=gcru4xtvBLY
TVアニメ『鬼人幻燈抄』ノンクレジットエンディング｜Hilcrhyme「千夜一夜 feat. 仲宗根泉 (HY)」	https://www.youtube.com/watch?v=Fof0jFaLqkk
TVアニメ『戦隊大失格』ノンクレジットエンディングムービー｜CBC/TBS系全国28局ネット「アガルアニメ」枠にて毎週日曜よる11時30分から放送中！(ディズニープラス スターで全話見放題 独占)	https://www.youtube.com/watch?v=e0Wv9Iu4EhE
TVアニメ『戦隊大失格』ノンクレジットオープニングムービー｜CBC/TBS系全国28局ネット「アガルアニメ」枠にて毎週日曜よる11時30分から放送中！(ディズニープラス スターで全話見放題 独占)	https://www.youtube.com/watch?v=TGgGPPQmtk4
スゴすぎ前橋ウィッチーズ！/ 前橋ウィッチーズ | TVアニメ『前橋ウィッチーズ』ノンクレジットオープニング映像	https://www.youtube.com/watch?v=n5M7y9i-30g
それぞれのドア/ 前橋ウィッチーズ | TVアニメ『前橋ウィッチーズ』ノンクレジットエンディング映像	https://www.youtube.com/watch?v=WKrdPYla3GU
TVアニメ『勘違いの工房主』ノンクレジットエンディング映像｜LOT SPiRiTS「春に消えて」	https://www.youtube.com/watch?v=J8RH_rAMekY
【クラシック★スターズ】「Kissとナハトムジーク」モーツァルト(CV.伊東健人)｜Emotion 02「ナハトムジークは翼に変える」より	https://www.youtube.com/watch?v=nD0au1eOZlA
TVアニメ『ウィッチウォッチ』エンディング映像｜Aooo「魔法はスパイス」	https://www.youtube.com/watch?v=n9sb98NNmTI
アニメ『ウマ娘 シンデレラグレイ』第1クールノンテロップED映像｜オグリキャップ (CV.高柳知葉)「∞」	https://www.youtube.com/watch?v=nJs0rcVwaqw
【期間限定公開中】「クラシック★スターズ」ノンクレジットED映像| Gran★MyStar「BEYOND★CLASSIC」	https://www.youtube.com/watch?v=VGIGdad5NRM
「TO BE HERO X」ノンクレジットEDムービー｜SennaRin「KONTINUUM」／毎週日曜朝9時30分放送中！	https://www.youtube.com/watch?v=gQ940ZInrTY
【プリオケ】君とつなぐオーケストラ |「プリンセッション・オーケストラ」エンディングムービー	https://www.youtube.com/watch?v=jZ5wMAXph-k
【プリオケ】ゼッタイ歌姫宣言ッ！|「プリンセッション・オーケストラ」オープニングムービー	https://www.youtube.com/watch?v=2390XLZujGg
「キミとアイドルプリキュア♪」キュアキュンキュン ステージシーン	https://www.youtube.com/watch?v=WESOZjGbCAk
『俺は星間国家の悪徳領主！』ノンクレジットエンディング｜藤咲凪「なんとなく」	https://www.youtube.com/watch?v=k6pHuMP6ObU
TVアニメ「日々は過ぎれど飯うまし」 ノンクレジットオープニング｜「そんなもんね」asmi	https://www.youtube.com/watch?v=ihJy6p71nuA
『九龍ジェネリックロマンス』エンディング映像（ノンクレジット）／毎週土曜23時より放送中	https://www.youtube.com/watch?v=XbRCujN2ql0
TVアニメ「スライム倒して300年、知らないうちにレベルMAXになってました ～そのに～」ノンクレジットエンディング映像：大西亜玖璃「イニミニマニモ」	https://www.youtube.com/watch?v=ZIzxsJZpcTo
TVアニメ「スライム倒して300年、知らないうちにレベルMAXになってました ～そのに～」ノンクレジットオープニング映像：小倉 唯「So☆Lucky」	https://www.youtube.com/watch?v=PWxYdRstDW8
TVアニメ「男女の友情は成立する？（いや、しないっ）」ノンクレジットED | 立花日菜「Dear my Soleil」	https://www.youtube.com/watch?v=b1E7qpFWpEM
TVアニメ『忍者と殺し屋のふたりぐらし』 ノンクレジットオープニング映像 | 花澤香菜「やれんの？エンドレス」	https://www.youtube.com/watch?v=hi6I0ZZhSDY
TVアニメ『忍者と殺し屋のふたりぐらし』 ノンクレジットエンディング映像 | HoneyWorks feat.ハコニワリリィ「にんころダンス」	https://www.youtube.com/watch?v=MbN_coeNJZk
TVアニメ『ロックは淑女の嗜みでして』ノンクレジットオープニング映像／BAND-MAID『Ready to Rock』	https://www.youtube.com/watch?v=yvQJMvms-ok
TVアニメ『ロックは淑女の嗜みでして』ノンクレジットエンディング映像／Little Glee Monster『夢じゃないならなんなのさ』	https://www.youtube.com/watch?v=_EOsEl8p1nk
「焚音打」（TVアニメ「BanG Dream! Ave Mujica」#13 挿入歌）	https://www.youtube.com/watch?v=Vsrni_0D1iU
TVアニメ『ゴリラの神から加護された令嬢は王立騎士団で可愛がられる』ノンクレジットオープニング映像｜仲村宗悟『イルミネイト』	https://www.youtube.com/watch?v=4HzcQhk7Rfc
TVアニメ『暗殺教室』再放送ノンクレジットOP映像①／友成空「黄色信号」	https://www.youtube.com/watch?v=IY5mbMwkFeM
TVアニメ『暗殺教室』第１期再放送ノンクレジット・ED映像│♪新エンディング・テーマ：あたらよ「ツキノフネ」	https://www.youtube.com/watch?v=DlbPN6IzaXU
TVアニメ『履いてください、鷹峰さん』ノンクレジットエンディング映像｜古川 慎「Hightail it」	https://www.youtube.com/watch?v=tREaqJGPbds
TVアニメ『未ル　わたしのみらい』ノンクレジットオープニング映像 V.W.P「愛詩」｜2025年4月2日（水）よりMBS、TOKYO MXにて放送中！	https://www.youtube.com/watch?v=mZ9vzsjGN1Q
TVアニメ「アポカリプスホテル」ノンクレジットエンディング｜ aiko「カプセル」	https://www.youtube.com/watch?v=jFa6KOzMmVI
【ある魔女が死ぬまで】ノンクレジットエンディング映像｜手嶌葵「花咲く道で」	https://www.youtube.com/watch?v=iVx61joVMbY
『機動戦士Gundam GQuuuuuuX（ジークアクス）』ノンクレジットエンディング映像│星街すいせい「もうどうなってもいいや」	https://www.youtube.com/watch?v=Rd3Gu4pQURY
「紫雲寺家の子供たち」ノンクレジットOP映像｜NACHERRY「ハニーレモン」	https://www.youtube.com/watch?v=MqKDozk20eA
TVアニメ『中禅寺先生物怪講義録　先生が謎を解いてしまうから。』ノンクレジットED／Sizuk「君の知らないこと」	https://www.youtube.com/watch?v=OQeNL5DuRFk
TVアニメ『中禅寺先生物怪講義録　先生が謎を解いてしまうから。』ノンクレジットOP／HoneyWorks feat.花譜「彼女は今、迷宮の中。」	https://www.youtube.com/watch?v=-hUpuao8KRQ
TVアニメ『鬼人幻燈抄』ノンクレジットオープニング｜NEE「コンティニュー」	https://www.youtube.com/watch?v=1-qts35mIkM
TVアニメ『ヴィジランテ -僕のヒーローアカデミア ILLEGALS-』ノンクレジットエンディングムービー｜EDテーマ：yutori「スピード」	https://www.youtube.com/watch?v=aUDgQs0lvRM
TVアニメ『ざつ旅 -That's Journey-』ノンクレジットオープニング映像｜harmoe「旅しよ！don't  you？」	https://www.youtube.com/watch?v=9se7Hsnbo9I
TVアニメ『阿波連さんははかれない season2』ノンクレジットエンディング映像｜shallm「トワイライト」	https://www.youtube.com/watch?v=GRZnN6p1PYc
TVアニメ『阿波連さんははかれない season2』ノンクレジットオープニング映像｜ずっと真夜中でいいのに。「微熱魔」	https://www.youtube.com/watch?v=a6WTDZQrbeE
【30周年記念：期間限定公開中】『新機動戦記ガンダムW』ノンクレジットOP　TWO-MIX「JUST COMMUNICATION」	https://www.youtube.com/watch?v=x3g_WfuW9yc
TVアニメ『ヴィジランテ -僕のヒーローアカデミア ILLEGALS-』オープニングムービー｜OPテーマ：こっちのけんと「けっかおーらい」	https://www.youtube.com/watch?v=PaXXwyA9aYE
【プリオケ】第1話 識辺かがり「STARLIGHT」｜毎週日曜あさ9:00～TVアニメ放送中	https://www.youtube.com/watch?v=g6IogmZzraE
夢よ、咲け！/ 前橋ウィッチーズ | TVアニメ『前橋ウィッチーズ』第1話挿入歌	https://www.youtube.com/watch?v=7CzM6LYg1MA
＜エンディング映像フル＞「The 1」muque／TVアニメ「ONE PIECE」	https://www.youtube.com/watch?v=DhUWbErUqlg
TVアニメ『勘違いの工房主』ノンクレジットオープニング映像｜MeseMoa.「FACSTORY」	https://www.youtube.com/watch?v=Q7xl8oNzS5A
『魔神創造伝ワタル』ノンクレジット 後期オープニング映像 ｜「創」SANTA	https://www.youtube.com/watch?v=woGuV1Wcspg
【クラシック★スターズ】「魂のために」ベートーヴェン(CV.内田雄馬)｜Emotion01「自分の魂のために」より	https://www.youtube.com/watch?v=HF2objeF5Tg
TVアニメ『ウィッチウォッチ』オープニング映像｜YOASOBI「Watch me!」	https://www.youtube.com/watch?v=a_NB6QkfzAM
アニメ『ウマ娘 シンデレラグレイ』第1クールノンテロップOP映像｜[Alexandros]「超える」	https://www.youtube.com/watch?v=BxUF9WQQZFI
『俺は星間国家の悪徳領主！』ノンクレジットオープニング｜最終未来少女「宇宙的MYSTERY」	https://www.youtube.com/watch?v=Ftw4vkl_V0s
TVアニメ『小市民シリーズ』第2期オープニング映像｜ヨルシカ「火星人」	https://www.youtube.com/watch?v=Tvusi5PSzo0
TVアニメ『小市民シリーズ』第2期エンディング映像｜やなぎなぎ「SugaRiddle」	https://www.youtube.com/watch?v=P4jTLEnAUEs
【ノンクレジット新ED】TVアニメ「ニートくノ一となぜか同棲はじめました」| 出浦白津莉、百地彩夢、和泉緋那、夏見叶愛『ダラシナイEveryday』	https://www.youtube.com/watch?v=x3D5ygF-1Co
【期間限定公開中】「クラシック★スターズ」ノンクレジットOP映像| 内田雄馬「シンギュラリスト」	https://www.youtube.com/watch?v=hcJknf3uskY
TVアニメ「片田舎のおっさん、剣聖になる」ノンクレジットオープニング映像 | 西川貴教「HEROES」	https://www.youtube.com/watch?v=X7CUKgkmjek
アニメ『黒執事 -緑の魔女編-』ノンクレジットオープニング映像【C shu Nie feat. HYDE「MAISIE」】	https://www.youtube.com/watch?v=WmLqVVnLl80
TVアニメ「片田舎のおっさん、剣聖になる」ノンクレジットエンディング映像 | FLOW「Alright!!!」	https://www.youtube.com/watch?v=0wiH32AE7Nw
『九龍ジェネリックロマンス』オープニング映像（ノンクレジット）／毎週土曜23時より放送中	https://www.youtube.com/watch?v=SJqaW0qQgZw
『真･侍伝 YAIBA』ノンクレジットエンディング | 音羽-otoha-「pineapple tart」	https://www.youtube.com/watch?v=gQ7FLSiKoaE
『えぶりでいホスト』ノンクレシットOP	https://www.youtube.com/watch?v=EoVjNmLkFEY
【オープニング映像ノンクレジット版】アニメ「ばいばい、アース」第2シーズン毎週金曜午後11:30～放送・配信中【オープニングテーマ：Who-ya Extended「Aufheben」】【WOWOW】	https://www.youtube.com/watch?v=q4mmS8pg-1M
TVアニメ『謎解きはディナーのあとで』ノンクレジット・オープニング映像│♪オープニング・テーマ：中島健人「MONTAGE」	https://www.youtube.com/watch?v=huKJQ4ShlQU
TVアニメ『謎解きはディナーのあとで』ノンクレジット・エンディング映像│♪エンディング・テーマ：BILLY BOO「ラプソディ」	https://www.youtube.com/watch?v=UpX4Eje5BDY
TVアニメ「男女の友情は成立する？（いや、しないっ）」ノンクレジットOP | HoneyWorks feat.ハコニワリリィ「質問、恋って何てしょうか?」	https://www.youtube.com/watch?v=-7h--XTyj8A
TVアニメ【BEYBLADE X】 TOMORROW X TOGETHER 「Rise」 ノンクレジットOPムービー	https://www.youtube.com/watch?v=wONjimYg078
TVアニメ【BEYBLADE X】 Jax Jones, Ado 「Stay Gold」 ノンクレジットEDムービー	https://www.youtube.com/watch?v=KubZLN5OY3M
『薬屋のひとりごと』第２期 第２クール ノンクレジットオープニング映像 | Mrs. GREEN APPLE「クスシキ」	https://www.youtube.com/watch?v=HrRxvh4bkHE
TVアニメ「WIND BREAKER Season 2」ノンクレジットエンディング映像「It’s myself」シャイトープ	https://www.youtube.com/watch?v=ySD7YVvd6Xw
TVアニメ「WIND BREAKER Season 2」ノンクレジットオープニング映像「BOYZ」SixTONES	https://www.youtube.com/watch?v=AWlUVr7Du04
【闇ヒーラー】ノンクレジットOP映像 ｜bokula. 「ライトメイカー」	https://www.youtube.com/watch?v=5LGyGq_H34A
TVアニメ「この恋で鼻血を止めて」ノンクレジットOP／LEEVELLES「Brand New Day」	https://www.youtube.com/watch?v=sRlX16LN-Dc
「ユア・フォルマ」ノンクレジットエンディング｜9Lana「ネオラダイト」	https://www.youtube.com/watch?v=fIPWSCZeVtM
TVアニメ『履いてください、鷹峰さん』ノンクレジットオープニング映像｜奥井雅美 with ボンジュール鈴木「Baby Baby Baby」	https://www.youtube.com/watch?v=yv9J-H3CsKA
【ある魔女が死ぬまで】ノンクレジットオープニング映像｜坂本真綾「Drops」	https://www.youtube.com/watch?v=PEP7a_FoIi4
TVアニメ【ホールハークでつかまえて！】ビール売り子の5人が歌うエンディングテーマ「ボールパークでShake! Don't Shake!」ノンクレジットエンディング映像を公開！	https://www.youtube.com/watch?v=00RIGf-Axfo
「ユア・フォルマ」ノンクレジットオープニング｜yama「GRIDOUT」	https://www.youtube.com/watch?v=Pluy1WKI-Vw
「聿日箋秋」（TVアニメ「BanG Dream! Ave Mujica」#13 挿入歌）	https://www.youtube.com/watch?v=lQuWN0biOBU
「天球(そら)のMsica」（TVアニメ「BanG Dream! Ave Mujica」#13 挿入歌）	https://www.youtube.com/watch?v=GMn4qO7zT0E
『LAZARUS ラザロ』Opening Movie(Short)｜「Vortex」Kamasi Washington	https://www.youtube.com/watch?v=40hxb3yJdUg
TVアニメ「ダーリン・イン・ザ・フランキス」ノンクレジットエンディング映像【 XX:me「トリカゴ」】	https://www.youtube.com/watch?v=lzofxdVkvqM
TVアニメ『GUILTY GEAR STRIVE: DUAL RULERS』ノンクレジットED【4月5日より毎週土曜放送開始】	https://www.youtube.com/watch?v=yYms8yv9cOA
TVアニメ「アルドノア・ゼロ」 ノンクレジットオープニング・エンディング映像集 【Blu-ray Disc BOX発売＆劇場上映記念】	https://www.youtube.com/watch?v=_xmyMKsvb9c
TVアニメ『GUILTY GEAR STRIVE: DUAL RULERS』ノンクレジットOP【4月5日より毎週土曜放送開始】	https://www.youtube.com/watch?v=str9FdJnEuo
【誰ソ彼ホテル】ノンクレジット特殊ED映像｜ALI PROJECT「誰ソ彼パピヨン回廊」	https://www.youtube.com/watch?v=x83vgazoR8Q
「キミとアイドルプリキュア♪」キュアウインク ステージシーン	https://www.youtube.com/watch?v=TT5T5xw_0Ho
TVアニメ『悪役令嬢転生おじさん』挿入歌入りアニメ映像｜グレイス＝憲三郎（CV:井上和彦、CV:M・A・O）「銀河鉄道999」	https://www.youtube.com/watch?v=VWrbxiCnAEk
「Crucifix X」（TVアニメ「BanG Dream! Ave Mujica」#10 挿入歌）	https://www.youtube.com/watch?v=v-dKrhA6_i0
「Imprisoned XII」（TVアニメ「BanG Dream! Ave Mujica」#10 挿入歌）	https://www.youtube.com/watch?v=1_0LTMNKYGo
【誰ソ彼ホテル】挿入歌｜金子このみ「白昼夢」	https://www.youtube.com/watch?v=hEbP9s5GZm0
「キミとアイドルプリキュア♪」キュアアイドル ステージシーン	https://www.youtube.com/watch?v=Xuh-wY65Qa4
アニメ『Duel Masters LOST ～月下の死神～』オープニングテーマ　月詠み「ナラティブ」ノンクレジット映像	https://www.youtube.com/watch?v=Q0kzBhf_Aow
「キミとアイドルプリキュア♪」オープニング主題歌「キミとアイドルプリキュア♪ Light Up！」(ノンテロップver)	https://www.youtube.com/watch?v=hYCs1sEZdsw
「キミとアイドルプリキュア♪」エンディング主題歌「Trio Dreams」(ノンテロップver)	https://www.youtube.com/watch?v=9PXNMf7LJKE
TVアニメ『黒岩メダカに私の可愛いが通じない』ノンクレジットエンディング映像｜逢田梨香子「Is this love?」	https://www.youtube.com/watch?v=Wx57MPMdRPo
TVアニメ「沖縄で好きになった子が方言すぎてツラすぎる」ノンクレジットED③ | ひーなー(CV.鬼頭明里)&かーなー(CV.ファイルーズあい)「Best Friend」	https://www.youtube.com/watch?v=6RDTexhipUY
『攻殻機動隊 S.A.C. 2nd GIG』 OPノンクレジット映像｜ “rise”	https://www.youtube.com/watch?v=WjLZvsRwqDQ
『攻殻機動隊 STAND ALONE COMPLEX』 OPノンクレジット映像｜“inner universe”	https://www.youtube.com/watch?v=xNkmz_sF-tE
TVアニメ「沖縄で好きになった子が方言すぎてツラすぎる」ノンクレジットED② | ひーなー(CV.鬼頭明里)&かーなー(CV.ファイルーズあい)「あなたに」	https://www.youtube.com/watch?v=xbKtZbuYIzE
TVアニメ「沖縄で好きになった子が方言すぎてツラすぎる」ノンクレジットED① | ひーなー(CV.鬼頭明里)&かーなー(CV.ファイルーズあい)「島人ぬ宝」	https://www.youtube.com/watch?v=47OIPSsTcGI
TVアニメ『君のことが大大大大大好きな100人の彼女』第2期ノンクレジットED ｜ EDテーマ：「Unmei?」	https://www.youtube.com/watch?v=LsWpwZ_04Pw
TVアニメ『全修。』#04挿入歌│超実在イグジスト＆メメルン(CV:宮野真守＆鈴木みのり)「僕は、超実在イグジストさ」 / “ZENSHU” #04 Insert Song	https://www.youtube.com/watch?v=0CwohmvsSbQ
TVアニメ『戦隊レッド 異世界で冒険者になる』ノンクレジットオープニング｜『Cuz I』牧島 輝	https://www.youtube.com/watch?v=HXTeszlOS5A
TVアニメ『戦隊レッド 異世界で冒険者になる』ノンクレジットエンディング｜『Explosive Heart』内田 彩	https://www.youtube.com/watch?v=VvU9-2c0Pds
TVアニメ『アラフォー男の異世界通販』ノンクレジットエンディング映像 ／TOKYO MX他にて毎週木曜22:30より放送中！！	https://www.youtube.com/watch?v=pGIdqQCIFDg
TVアニメ『マジック・メイカー　～異世界魔法の作り方～』ノンクレジットエンディング映像｜ハンブレッダーズ「夜明けの歌」	https://www.youtube.com/watch?v=q3ekEGSdRZw
TVアニメ『マジック・メイカー　～異世界魔法の作り方～』ノンクレジットオープニング映像｜XIIX「煌めき」	https://www.youtube.com/watch?v=uvjgeYYzCMc
TVアニメ『グリザイア：ファントムトリガー』ノンクレジットEDムービー：南條愛乃「ダンデライオン」	https://www.youtube.com/watch?v=aJrmb3mOzg4
TVアニメ『異修羅』第2期 ノンクレジットオープニング映像／ 「True Peak」 前島麻由	https://www.youtube.com/watch?v=oVfo_p4xYwk
TVアニメ『異修羅』第2期 ノンクレジットエンディング映像／ 「THE IOLITE」 sajou no hana	https://www.youtube.com/watch?v=dySwoaGL8JQ
【誰ソ彼ホテル】ノンクレジットエンディング映像｜りぶ「Twilight」	https://www.youtube.com/watch?v=fkrGALiyoio
【ノンクレジットED】TVアニメ「甘神さんちの縁結び」| ≠ME「神様の言うとーり！」	https://www.youtube.com/watch?v=w8XO-zGTEj8
【ノンクレジットOP】TVアニメ「甘神さんちの縁結び」| 甘神三姉妹「Pray Pray Pray」	https://www.youtube.com/watch?v=C9u0M5d1X2U
TVアニメ「没落予定の貴族だけど、暇だったから魔法を極めてみた」ノンクレジットED | 岡咲美保「JOY!!」	https://www.youtube.com/watch?v=9d5kv0oaIog
TVアニメ『黒岩メダカに私の可愛いが通じない』ノンクレジットエンディング映像｜前田佳織里「キュンアピ」	https://www.youtube.com/watch?v=XNf7xsdbH5A
TVアニメ『妖怪学校の先生はじめました！』第2クール ノンクレジットオープニング	https://www.youtube.com/watch?v=ZktP1rb1xZc
TVアニメ『全修。』ノンクレジットオープニング│BAND-MAID「Zen」 / “ZENSHU”  Opening Movie	https://www.youtube.com/watch?v=oygsxvHtU74
『魔神創造伝ワタル』ノンクレジットオープニング映像｜「POP UP!」 lol -エルオーエル-	https://www.youtube.com/watch?v=d7b7oVxFm-0
TVアニメ『FARMAGIA(ファーマギア)』ノンクレジットエンディング映像｜ そこに鳴る「miss-dystopia」	https://www.youtube.com/watch?v=mGcADNq-MUg
TVアニメ『地縛少年花子くん２』ノンクレジットエンディング	https://www.youtube.com/watch?v=fHJo53yt5rw
TVアニメ「魔法つかいプリキュア！！～MIRAI DAYS～」ノンクレジットOP映像	https://www.youtube.com/watch?v=y5dpB20vJ34
TVアニメ「魔法つかいプリキュア！！～MIRAI DAYS～」ノンクレジットED映像	https://www.youtube.com/watch?v=W6aQNrDD2Oc
TVアニメ「メダリスト」ノンクレジットエンディング映像｜ねぐせ。「アタシのドレス」	https://www.youtube.com/watch?v=2R8GebiQcds
【ノンクレジットED】TVアニメ「ニートくノ一となぜか同棲はじめました」| 出浦白津莉（CV.矢野妃菜喜）『にーとぴあ。』	https://www.youtube.com/watch?v=8klqUTJgiDc
アニメ『チ。 ―地球の運動について―』ノンクレジットエンディング映像「へび」ヨルシカ	https://www.youtube.com/watch?v=aJel-zCuABs
TVアニメ『ババンババンバンバンパイア』ノンクレジットエンディング映像  ♪ ぼっちぼろまる「NE-CHU-SHOW」	https://www.youtube.com/watch?v=mGIR3N4zsWE
TVアニメ『ババンババンバンバンパイア』ノンクレジットオープニング映像  ♪ BLUE ENCOUNT「Bloody Liar」	https://www.youtube.com/watch?v=2srNiLGo8Q0
TVアニメ『SAKAMOTO DAYS』ノンクレジットエンディング│Conton Candy「普通」│SAKAMOTO DAYS Ending	https://www.youtube.com/watch?v=8SpMHADYTD4
TVアニメ「Sランクモンスターの《ベヒーモス》だけど、猫と間違われてエルフ娘の騎士（ペット）として暮らしてます」ノンクレジットオープニング｜大渕野々花「最上級の心」（作詞/作編曲：川谷絵音）	https://www.youtube.com/watch?v=x4xVN05q43E
TVアニメ『FARMAGIA(ファーマギア)』ノンクレジットオープニング映像｜ ASIAN KUNG-FU GENERATION「ライフ イズ ビューティフル」	https://www.youtube.com/watch?v=jeZFZhQ2P8U
TVアニメ『凍牌～裏レート麻雀闘牌録～』ノンクレジット第2クールED「Tumbling Dice」/ えなこ × 草野華余子	https://www.youtube.com/watch?v=oLlZkRUochw
TVアニメ『青のミブロ』第2クールノンクレジットOP映像　「OOKAMI」梅田サイファー/毎週土曜夕方5時半～放送中！	https://www.youtube.com/watch?v=VvwpkhTxPcU
TVアニメ「メダリスト」ノンクレジットオープニング映像｜米津玄師「BOW AND ARROW」	https://www.youtube.com/watch?v=H3SUAiwfyp0
TVアニメ『青のミブロ』第2クールノンクレジットED映像　「フラグメント」osage/毎週土曜夕方5時半～放送中！	https://www.youtube.com/watch?v=4IlGeM-Vd6c
TVアニメ「沖縄で好きになった子が方言すぎてツラすぎる」ノンクレジットOP | HY「大大大好き」	https://www.youtube.com/watch?v=L9u-Edb3QjA
【ノンクレジットOP】TVアニメ「ニートくノ一となぜか同棲はじめました」| REAL AKIBA BOYZ loves 中川翔子『Neet In Jam』	https://www.youtube.com/watch?v=cNWLrTJnLVc
『薬屋のひとりごと』第２期ノンクレジットエンディング │ 平井 大「幸せのレシピ」	https://www.youtube.com/watch?v=WDL0jSFr6e8
TVアニメ『日本へようこそエルフさん。』ノンクレジットオープニング映像｜オープニング主題歌：佐々木李子「Palette Days」	https://www.youtube.com/watch?v=fek1ktzFgDY
TVアニメ『日本へようこそエルフさん。』ノンクレジットエンディング映像｜エンディング主題歌：樋口楓、叶「Yummy Yummy」	https://www.youtube.com/watch?v=1JYReMAqBOM
【ユーベルブラット】ノンクレジットED／ED主題歌：立花日菜「Stella」	https://www.youtube.com/watch?v=4VCsU3shAv4
【ユーベルブラット】ノンクレジットOP／OP主題歌：GARNiDELiA「罪人」	https://www.youtube.com/watch?v=X_de84u9gbE
アニメ「ギルドの受付嬢ですが、残業は嫌なのでボスをソロ討伐しようと思います」ノンクレジットエンディング映像｜2025年1月10日（金）より各局にて放送！	https://www.youtube.com/watch?v=VEb3rctB3dc
TVアニメ「トリリオンゲーム」第2クールノンクレジットオープニング映像｜宮本浩次「over the top」	https://www.youtube.com/watch?v=nX4BWfmpMpY
TVアニメ「トリリオンゲーム」第2クールノンクレジットエンディング映像｜imase「EGOIST」	https://www.youtube.com/watch?v=Z5AGCy5wgEQ
『薬屋のひとりごと』第２期ノンクレジットオープニング | 幾田りら「百花繚乱」	https://www.youtube.com/watch?v=wOleNo7T6_4
TVアニメ「どうせ、恋してしまうんだ。」ノンクレジットOP映像 | INI「Make It Count」	https://www.youtube.com/watch?v=ePpfnvzbye4
TVアニメ「どうせ、恋してしまうんだ。」第1話ノンクレジットED映像 | マルシィ「願いごと」	https://www.youtube.com/watch?v=cpwF9TMs6QE
TVアニメ『るろうに剣心 －明治剣客浪漫譚－ 京都動乱』第二クールOP映像｜yamaWurtS「BURN」	https://www.youtube.com/watch?v=ZEsyXCanlIA
TVアニメ『悪役令嬢転生おじさん』ノンクレジットED映像｜グレイス＝憲三郎（CV:井上和彦、CV:M・A・O）「マツケンサンバⅡ」	https://www.youtube.com/watch?v=FPLc7a2SN6A
TVアニメ『悪役令嬢転生おじさん』OP映像｜サイダーガール「Choose!!!」	https://www.youtube.com/watch?v=u9RuD4zUzJY
TVアニメ「もめんたりー・リリィ」ノンクレジットED	https://www.youtube.com/watch?v=6EdBj1plf2A
TVアニメ『不遇職【鑑定士】が実は最強だった』ノンクレジットオープニング│ASTERISM 「Crescendo」	https://www.youtube.com/watch?v=wmKDa_-uVhM
TVアニメ『不遇職【鑑定士】が実は最強だった』ノンクレジットエンディング│22/7「ロックは死なない」	https://www.youtube.com/watch?v=R2HXbSmdEV4
「Georgette Me, Georgette You」（TVアニメ「BanG Dream! Ave Mujica」エンディング映像）	https://www.youtube.com/watch?v=S4ErGLKCNCY
アニメ『Dr.STONE SCIENCE FUTURE』最終シーズン第1クールノンクレジットOP映像／ALI 「CASANOVA POSSE」	https://www.youtube.com/watch?v=fG07I9UlnoI
アニメ『Dr.STONE SCIENCE FUTURE』最終シーズン第1クール ノンクレジットED映像／BREIMEN 「Rolling Stone」	https://www.youtube.com/watch?v=dMexB5n52EQ
TVアニメ『暗殺教室』第1期ノンクレジットED映像／moumoon「Hello,shooting-star」	https://www.youtube.com/watch?v=psKopWmYkq0
TVアニメ『暗殺教室』第２期ノンクレジットOP映像②／3年E組うた担「バイバイ YESTERDAY」	https://www.youtube.com/watch?v=Y9JPLPJLrlk
TVアニメ『暗殺教室』第２期ノンクレジットOP映像①／3年E組うた担「QUESTION」	https://www.youtube.com/watch?v=7_V7Cet4M_M
TVアニメ『暗殺教室』第1期ノンクレジットOP映像③（第18話～22話）／3年E組うた担「自力本願レボリューション」	https://www.youtube.com/watch?v=QtsoCUPVW0E
TVアニメ『暗殺教室』第1期ノンクレジットOP映像②（第12話～17話）／3年E組うた担「自力本願レボリューション」	https://www.youtube.com/watch?v=1SYK0dfO6Iw
「KiLLKiSS」（TVアニメ「BanG Dream! Ave Mujica」#1 挿入歌）	https://www.youtube.com/watch?v=W0DCsoJPCa8
TVアニメ『暗殺教室』第1期ノンクレジットOP映像①／3年E組うた担「青春サツバツ論」	https://www.youtube.com/watch?v=mQS_iWWp1sQ
【誰ソ彼ホテル】ノンクレジットオープニング映像｜吉澤嘉代子「たそかれ」	https://www.youtube.com/watch?v=DmNAuizS7uY
【公式】『SHIROBAKO』第2クールOP主題歌 奥井雅美「宝箱 TREASURE BOX」ノンクレジット映像	https://www.youtube.com/watch?v=VrFMv_uzH2Y
【公式】『SHIROBAKO』第2クールED主題歌 どーなつ◎くいんてっと「プラチナジェット」ノンクレジット映像	https://www.youtube.com/watch?v=-g9pX3A69so
TVアニメ『Unnamed Memory』 ノンクレジットOP 映像／TRUE「Unsung ballad」	https://www.youtube.com/watch?v=s7W_8drfG7o
TVアニメ『Unnamed Memory』 ノンクレジットED 映像／Arika「inclusion」	https://www.youtube.com/watch?v=19BOWE8r02M
TVアニメ『外れスキル《木の実マスター》』ノンクレジットエンディング映像｜TrySail「そんな僕らの冒険譚！」	https://www.youtube.com/watch?v=z46lY1p_i_g
TVアニメ『外れスキル《木の実マスター》』ノンクレジットオープニング映像｜アーリオ・オーリオ・エ・ペペロンチーノ×雪花ラミィ「ブレイブリーダンス」	https://www.youtube.com/watch?v=3EDhBl4AUQg
【ノンクレジットED】TVアニメ「花は咲く、修羅の如く」| さとう。『朗朗』	https://www.youtube.com/watch?v=dDsg4mDwf1c
【ノンクレジットOP】TVアニメ「花は咲く、修羅の如く」| SHISHAMO『自分革命』	https://www.youtube.com/watch?v=BT0eNKgINGU
『ハニーレモンソーダ』ノンクレジットエンディング│＆TEAM 「Wonderful World」 │Honey Lemon Soda Ending	https://www.youtube.com/watch?v=_d8qsD6bjhg
『ハニーレモンソーダ』ノンクレジットオープニング│＆TEAM「Magic Hour 」 │Honey Lemon Soda Opening ノンクレOP	https://www.youtube.com/watch?v=Fc_JMby6dAs
TVアニメ「没落予定の貴族だけど、暇だったから魔法を極めてみた」ノンクレジットOP | saji「Wonderlust!!」	https://www.youtube.com/watch?v=IPq9ROWnsuA
TVアニメ「この会社に好きな人がいます」ノンクレジットED｜pachae「ふたりじめ」	https://www.youtube.com/watch?v=C6fZ9BET0Z0
TVアニメ「この会社に好きな人がいます」ノンクレジットOP｜ポルカドットスティングレイ「あのね、」	https://www.youtube.com/watch?v=i8p6Zfp48RU
TVアニメ『魔法使いの約束』ノンクレジットED	https://www.youtube.com/watch?v=ti21tnWfYTM
TVアニメ『魔法使いの約束』ノンクレジットOP	https://www.youtube.com/watch?v=LgV4SmtPEaQ
TVアニメ『想星のアクエリオン Myth of Emotions』ノンクレジットOP映像｜「創聖のアクエリオン Myth of Emotions Ver.」AKINO from bless4・福山芳樹	https://www.youtube.com/watch?v=-xbPB-XtwGU
TVアニメ『全修。』ノンクレジットエンディング│Sou「ただ、君のままで」 / “ZENSHU”  Ending Movie	https://www.youtube.com/watch?v=hVuPwbnH1RQ
「妃教育から逃げたい私」ノンクレジットED｜DIALOGUE＋「アリバイなカーテシー」	https://www.youtube.com/watch?v=xYUvu-6AY24
「妃教育から逃げたい私」ノンクレジットOP｜福山 潤「君としか恋しない」	https://www.youtube.com/watch?v=pSdXFEuwMtc
TVアニメ『シャングリラ・フロンティア』2nd Season 第2クールノンクレジットOP映像｜Awich「Frontiers」	https://www.youtube.com/watch?v=lXVlZvB6FEg
TVアニメ『シャングリラ・フロンティア』2nd Season 第2クールノンクレジットED映像｜CVLTE「realitYhurts.」	https://www.youtube.com/watch?v=Rn77dK9X7ZY
TVアニメ『青の祓魔師 終夜篇』EDムービー｜シユイ「オーバーラップ」	https://www.youtube.com/watch?v=eNcS0S61X4A
TVアニメ『青の祓魔師 終夜篇』OPムービー｜amazarashi「痛覚」	https://www.youtube.com/watch?v=vuhGe1FEot4
『俺だけレベルアップな件 Season 2』ノンクレジットEDムービー｜TK from 凛として時雨「UN-APEX」	https://www.youtube.com/watch?v=TxqbWB0BJkk
『俺だけレベルアップな件 Season 2』ノンクレジットOPムービー｜LiSA「ReawakeR (feat. Felix of Stray Kids)」	https://www.youtube.com/watch?v=sgnYEfM7U2U
『SAKAMOTO DAYS』ノンクレジットオープニング│Vaundy「走れSAKAMOTO」│SAKAMOTO DAYS Opening	https://www.youtube.com/watch?v=zkOYWw0u8as
TVアニメ「空色ユーティリティ」ノンクレジットエンディング映像｜矢作萌夏「水平線」	https://www.youtube.com/watch?v=qheTAOqwkWU
アニメ「ギルドの受付嬢ですが、残業は嫌なのでボスをソロ討伐しようと思います」ノンクレジットオープニング映像｜2025年1月10日(金)より各局にて放送開始！	https://www.youtube.com/watch?v=g5yCkyCZ6ZA
TVアニメ「クラスの大嫌いな女子と結婚することになった。」ノンクレジットオープニング映像 | 2025年1月3日より毎週金曜23時30分より放送！	https://www.youtube.com/watch?v=iUaZd98Dp3M
TVアニメ「クラスの大嫌いな女子と結婚することになった。」ノンクレジットエンディング｜「スキキライも追い越して」桜森朱音（CV.矢野妃菜喜）＆石倉陽鞠（CV.鈴代紗弓）＆北条糸青（CV.稗田寧々）	https://www.youtube.com/watch?v=ZuzB0xTxmNQ
TVアニメ『アラフォー男の異世界通販』 ノンクレジットオープニング映像／TOKYO MX他にて2025年1月9日（木）22:30より放送開始！！	https://www.youtube.com/watch?v=dnPmbhvzy6U
アニメ「わたしの幸せな結婚」第二期 ノンクレジットオープニング｜りりあ。「幸せな約束。」【2025年1月6日(月)より放送開始】	https://www.youtube.com/watch?v=1yKA0LwGy1g
TVアニメ『アオのハコ』第2クールノンクレジットED │ TOMOO「コントラスト」 │ Blue Box Ending  2	https://www.youtube.com/watch?v=pAjs2GWEZvI
TVアニメ『アオのハコ』第2クールノンクレジットOP │マカロニえんぴつ「然らば」 │ Blue Box Opening 2	https://www.youtube.com/watch?v=jj7DnKGG148
TVアニメ「空色ユーティリティ」オープニング映像｜オーイシマサヨシ「主人公になろう！ feat.鈴木愛理」	https://www.youtube.com/watch?v=XQ8IZMaUOnU
TVアニメ「天久鷹央の推理カルテ」エンディングムービー｜ゴスペラーズ「will be fine feat. Anly」	https://www.youtube.com/watch?v=ERMGHEDtyy0
TVアニメ「天久鷹央の推理カルテ」オープニングムービー｜Aimer「SCOPE」	https://www.youtube.com/watch?v=qCOCq2Gay84
TVアニメ「もめんたりー・リリィ」ノンクレジットOP	https://www.youtube.com/watch?v=aTdDYP7-KXA
TVアニメ『ささやくように恋を唄う』ノンクレジットED　 ローレライ（歌：水上スイ）「メリトクラシー」	https://www.youtube.com/watch?v=NPs3HByxigA
アニメ『多数欠』最終回ノンクレジットEDムービー　フルサイズver.／最終回EDテーマ：弌誠『GAME OVER』	https://www.youtube.com/watch?v=Tqh47DWG3ic
TVアニメ「ありふれた職業で世界最強 season 3」後期ノンクレジットED【iScream「Metamorphosis」】	https://www.youtube.com/watch?v=RkJT_KCEV0o
TVアニメ「ありふれた職業で世界最強 season 3」ノンクレジットOP【Void_Chords feat. MindaRyn「Compass」】	https://www.youtube.com/watch?v=AbRyFs5Eg0s
アニメ『SAO オルタナティブ ガンゲイル･オンラインⅡ』EPISODE12エンディング｜神崎エルザ starring ReoNa「Oh UnHappy Day」	https://www.youtube.com/watch?v=m-gW-aS4Lyg
【25年春アニメ】TVアニメ『Summer Pockets』ノンクレジットOP映像	https://www.youtube.com/watch?v=REuUOArc0W4
アニメ「わたしの幸せな結婚」第二期 ノンクレジットエンディング｜伊東歌詞太郎「月影おくり」【2025年1月6日より放送開始】	https://www.youtube.com/watch?v=94qv2oMhLmE
TVアニメ「Aランクパーティを離脱した俺は、元教え子たちと迷宮深部を目指す。」ノンクレジットED【2025年1月11日(土)放送開始】	https://www.youtube.com/watch?v=OPuiXYfOjcI
TVアニメ「Aランクパーティを離脱した俺は、元教え子たちと迷宮深部を目指す。」ノンクレジットOP【2025年1月11日(土)放送開始】	https://www.youtube.com/watch?v=B-ZimvnPnL4
【祝30周年】OVA「KEY THE METAL IDOL 」ノンテロップオープニング	https://www.youtube.com/watch?v=MaBI0g2uU18
「KiLLKiSS」（TVアニメ「BanG Dream! Ave Mujica」オープニング映像）	https://www.youtube.com/watch?v=FWXkipC-vqs
『ワンパンマン』第2期ノンクレジットOP | One-Punch Man Season 2 Opening | JAM Project - 静寂のアポストル	https://www.youtube.com/watch?v=qR6NtzkeqCI
『ワンパンマン』第1期ノンクレジットOP | One-Punch Man Season 1 Opening | JAM Project - THE HERO!! ～怒れる拳に火をつけろ～	https://www.youtube.com/watch?v=oZU6QvWHBxY
『ワンパンマン』第2期ノンクレジットED | One-Punch Man Season 2 Ending | 古川慎 - 地図が無くても戻るから	https://www.youtube.com/watch?v=MeK5M0M8U8A
『ワンパンマン』第1期ノンクレジットED | One-Punch Man Season 1 Ending | 森口博子 - 星より先に見つけてあげる	https://www.youtube.com/watch?v=6MXzlLq7L9I
「TO BE HERO X」ノンクレジットOPムービー｜SawanoHiroyuki[nZk]:Rei「INERTIA」／25年4月日曜朝9時30分放送開始！	https://www.youtube.com/watch?v=8QJ8KNdhkiA
アニメ「コードギアス 反逆のルルーシュR2」オープニング／FLOW「WORLD END」	https://www.youtube.com/watch?v=yySkwG-reF4
アニメ『BEASTARS FINAL SEASON』 Part1ノンクレジットED│由薫「Feel Like This」	https://www.youtube.com/watch?v=ltZ8-uUMde0
アニメ『BEASTARS FINAL SEASON』 Part1ノンクレジットOP│神前 暁/ issei「Into the world」	https://www.youtube.com/watch?v=gOTNI5smH2E
【公式】『天体のメソッド』ED主題歌 fhna「星屑のインターリュード」ノンクレジット映像	https://www.youtube.com/watch?v=fu2LrpHQATY
【公式】『天体のメソッド』OP主題歌 Larval Stage Planning「Stargazer」ノンクレジット映像	https://www.youtube.com/watch?v=cmKGmynH6hM
アニメ『マーダーミステリー・オブ・ザ・デッド』ノンクレジットED（ムルムル仮面オフver）	https://www.youtube.com/watch?v=Spc_-j5rGpY
アニメ『マーダーミステリー・オブ・ザ・デッド』ノンクレジットOP（ムルムル仮面オフver）	https://www.youtube.com/watch?v=KrNSvFHDemc
2025年1月1日放送TVアニメ『グリザイア：ファントムトリガー』ノンクレジットOPムービー：上杉真央「ゼロ・イグニッション」	https://www.youtube.com/watch?v=XhCZhzRgBCs
アニメ「15周年 コードギアス 反逆のルルーシュR2」オープニング／FLOW&ORANGE RANGE「デイドリーム ビリーヴァー」	https://www.youtube.com/watch?v=3KMsJnpbewo
アニメ「15周年 コードギアス 反逆のルルーシュR2」エンディング／BLUE ENCOUNT「Z.E.R.O.」	https://www.youtube.com/watch?v=W7C6ZVIcjSE
アニメ「コードギアス 反逆のルルーシュR2」エンディング／ALI PROJECT「わが臈たし悪の華」	https://www.youtube.com/watch?v=en5z25yXuy8
アニメ「15周年 コードギアス 反逆のルルーシュR2」エンディング／山下優太郎「無色透明」	https://www.youtube.com/watch?v=akEq7M2k6jQ
アニメ「コードギアス 反逆のルルーシュR2」エンディング／ORANGE RANGE「シアワセネイロ」	https://www.youtube.com/watch?v=e7k0SUrxhSQ
アニメ『マーダーミステリー・オブ・ザ・デッド』ノンクレジットOP	https://www.youtube.com/watch?v=zhiE4CNy6K4
アニメ『マーダーミステリー・オブ・ザ・デッド』ノンクレジットED	https://www.youtube.com/watch?v=0BUeZbq7hzs
アニメ「15周年 コードギアス 反逆のルルーシュR2」オープニング／ロザリーナ「Face2」	https://www.youtube.com/watch?v=E49wg-5IyPY
アニメ「コードギアス 反逆のルルーシュR2」オープニング／ORANGE RANGE「O2」	https://www.youtube.com/watch?v=HgGcePdMsDY
TVアニメ「らんま1/2」ノンクレジットオープニング(あかねショートへアver.)｜ano「許婚っきゅん」/"Ranma1/2" Opening Movie Akane short hair ver.	https://www.youtube.com/watch?v=DAjS4rGPMGo
アニメ「コードギアス 反逆のルルーシュ」オープニング／ジン「解読不能」（Another ver.）	https://www.youtube.com/watch?v=xSvLzF__1M0
TVアニメ『ぷにるはかわいいスライム』“ぷにかわ”MV第2弾／「ともに」ぷにる（CV：篠原 侑）／毎週日曜23時45分～放送中	https://www.youtube.com/watch?v=JnUBfiyt_Ro
アニメ「コードギアス 反逆のルルーシュ」オープニング／FLOW「COLORS」（Another ver.）	https://www.youtube.com/watch?v=IJyoYy0Efag
TVアニメ「らんま1/2」ノンクレジットエンディング(あかねショートへアver.)｜りりあ。「あんたなんて。」/"Ranma1/2"Ending Movie Akane short hair ver.	https://www.youtube.com/watch?v=paBbpHHZUbE
TVアニメ『少女終末旅行』ノンクレジットオープニング｜「動く、動く」チト(CV:水瀬いのり)、ユーリ(CV:久保ユリカ)	https://www.youtube.com/watch?v=ZzGjs0hsZaU
TVアニメ『少女終末旅行』ノンクレジットエンディング｜「More One Night」チト(CV:水瀬いのり)、ユーリ(CV:久保ユリカ)	https://www.youtube.com/watch?v=FRMX_U6BZTg
アニメ「15周年 コードギアス 反逆のルルーシュ」エンディング／C shu Nie「SAKURA BURST」	https://www.youtube.com/watch?v=hKFFbafJc6I
アニメ「コードギアス 反逆のルルーシュ」エンディング／SunSet Swish「モザイクカケラ」	https://www.youtube.com/watch?v=2HeZZIWDwvI
アニメ『Duel Masters LOST ～追憶の水晶～』エンディングテーマ　ニイカ（CV：菱川花菜）「カンターレ」ノンクレジット映像	https://www.youtube.com/watch?v=443SyO3ZqXk
アニメ「15周年 コードギアス 反逆のルルーシュ」オープニング／藍井エイル「PHOENIX PRAYER」	https://www.youtube.com/watch?v=MImbwKKPki4
アニメ「コードギアス 反逆のルルーシュ」オープニング／ジン「解読不能」	https://www.youtube.com/watch?v=piT9VI2zy5o
アニメ『魔王2099』ノンクレジットオープニングムービー【シユイ「ホロウ」】	https://www.youtube.com/watch?v=bgVG-IZ8uaU
アニメ『魔王2099』ノンクレジットエンディングムービー【sekai「スピラ」】	https://www.youtube.com/watch?v=6G0TQljuwxM
TVアニメ『青のミブロ』ノンクレジットOP映像　「青」SPYAIR　/毎週土曜夕方5時半～放送中！	https://www.youtube.com/watch?v=3D1tx3jHLoo
アニメ『SAO オルタナティブ ガンゲイル･オンラインⅡ』ノンクレジットエンディング｜レン starring 楠木ともり「Little Dancer」	https://www.youtube.com/watch?v=6wMpA2muYt8
TVアニメ「ドラゴンボールDAIMA」ノンクレジットエンディング映像 | 「NAKAMA」	https://www.youtube.com/watch?v=rbbA5ILUE5k
TVアニメ「ドラゴンボールDAIMA」ノンクレジットオープニング映像 | 「ジャカ☆ジャ～ン」	https://www.youtube.com/watch?v=poQlNeb7a-U
TVアニメ【BEYBLADE X】Perfume「Cosmic Treat」 ノンクレジットEDムービー	https://www.youtube.com/watch?v=64RJNhGr3nI
TVアニメ『FAIRY TAIL 100年クエスト』ノンクレジットオープニング/THE RAMPAGE 「Endless Happy-Ending」	https://www.youtube.com/watch?v=ZeIneHTb1l8
アニメ「15周年 コードギアス 反逆のルルーシュ」エンディング／TK from 凛として時雨「Will-ill」	https://www.youtube.com/watch?v=_CPtFVbXEDM
TVアニメ『やり直し令嬢は竜帝陛下を攻略中』ノンクレジットオープニング映像／sajou no hana「淡く微か」	https://www.youtube.com/watch?v=S3ZAxe8pxwc
アニメ『多数欠』第２クールノンクレジットEDムービー／EDテーマ：相羽あいな『REASONS』｜毎週火曜深夜～ 日本テレビ、ＢＳ日テレ、RAB青森放送にて順次放送中	https://www.youtube.com/watch?v=ohKzL2cDASo
TVアニメ「妻、小学生になる。」ノンクレジット・エンディング	https://www.youtube.com/watch?v=8vJUhWB16Hw
TVアニメ『きのこいぬ』ノンクレジットオープニング｜HY「きのこいぬ」｜毎週木曜21時～放送配信中	https://www.youtube.com/watch?v=aAD7eeeP8Js
TVアニメ「ありふれた職業で世界最強 season 3」ノンクレジットOP【Void_Chords feat. MindaRyn「Unending Wish」】	https://www.youtube.com/watch?v=FhG6WEFzaeo
TVアニメ「ありふれた職業で世界最強 season 3」ノンクレジットED【DOBERMAN INFINITY「The other story」】	https://www.youtube.com/watch?v=Y5PdJwqcpUg
TVアニメ『妖怪学校の先生はじめました！』ノンクレジットエンディング	https://www.youtube.com/watch?v=ctBxsF7iH28
TVアニメ『妖怪学校の先生はじめました！』ノンクレジットオープニング	https://www.youtube.com/watch?v=VbCSBV4SbWc
アニメ「コードギアス 反逆のルルーシュ」エンディング／ALI PROJECT「勇侠青春謳」	https://www.youtube.com/watch?v=rq692c0Pi1E
アニメ『魔王2099』Chapter1 Original Opening Movie【シユイ「ホロウ」】	https://www.youtube.com/watch?v=7iCUeGOzzf8
TVアニメ『シャングリラ・フロンティア』ノンクレジットED映像｜音羽-otoha-「闇夜のダンサー -Dancer in the Dark Night」	https://www.youtube.com/watch?v=hyiO1JXu8AY
TVアニメ『シャングリラ・フロンティア』ノンクレジットOP映像｜LiSA「QUEEN」	https://www.youtube.com/watch?v=pFRamQ0gruQ
【限定公開】Bubble Rise/澁谷かのん、ウィーン・マルガレーテ、鬼塚冬毬【TVアニメ『ラブライブ！スーパースター!!』3期 第2話挿入歌】	https://www.youtube.com/watch?v=13tq2ij9tZU
TVアニメ『青の祓魔師 雪ノ果篇』 EDムービー｜「ツララ」Yobahi	https://www.youtube.com/watch?v=P7tNoy-TEhs
TVアニメ『凍牌～裏レート麻雀闘牌録～』ノンクレジットOP「ギャンブリングホール」 / オーイシマサヨシ	https://www.youtube.com/watch?v=RKkdoGusUrU
TVアニメ『凍牌～裏レート麻雀闘牌録～』ノンクレジットED「プラスティック・ショーケース」／ #太陽と踊れ月夜に唄え	https://www.youtube.com/watch?v=DS0pUcpw8vE
TVアニメ「まほなれ」ノンクレジットエンディング映像｜halca「瞬間最大風速」	https://www.youtube.com/watch?v=hLjB8Eaz_c4
アニメ『SAO オルタナティブ ガンゲイル･オンラインⅡ』ノンクレジットオープニング｜ReoNa「GG」	https://www.youtube.com/watch?v=Rb--zCKzExg
TVアニメ「戦国妖狐 千魔混沌編」最終クール ノンクレジットED	https://www.youtube.com/watch?v=G6UaPF9OKY8
アニメ『チ。 ―地球の運動について―』ノンクレジットオープニング映像「怪獣」サカナクション	https://www.youtube.com/watch?v=eZAocot63s8
TVアニメ『ひとりぼっちの異世界攻略』ノンクレジットOP｜吉乃「ODD NUMBER」	https://www.youtube.com/watch?v=MzktlJ_gNKs
TVアニメ『るろうに剣心 －明治剣客浪漫譚－ 京都動乱』第一クールED映像｜NOMELON NOLEMON「光接天」	https://www.youtube.com/watch?v=M5wza_yOe2k
TVアニメ「結婚するって、本当ですか」ノンクレジットED映像｜「つまりは」ゴホウビ	https://www.youtube.com/watch?v=jSegLT2EK4I
TVアニメ「結婚するって、本当ですか」ノンクレジットOP映像｜「キラキラ」HoneyWorks feat.ハコニワリリィ	https://www.youtube.com/watch?v=2CyQVAOGeLU
オリジナルTVアニメーション『ネガポジアングラー』ノンクレジットオープニング／Van de Shop 「イト」	https://www.youtube.com/watch?v=4cTV5fWkqew
TVアニメ「星降る王国のニナ」ノンクレジットオープニング映像｜♪坂本真綾「nina」	https://www.youtube.com/watch?v=K6SDFHlE36w
TVアニメ「星降る王国のニナ」ノンクレジットエンディング映像｜♪東山奈央「星の伝言」	https://www.youtube.com/watch?v=2lBbBCa5A7I
アニメ「15周年 コードギアス 反逆のルルーシュ」オープニング／FLOW「DICE」	https://www.youtube.com/watch?v=sj0bhM4doso
『カミエラビ GOD.app』ノンクレジットEDムービー／LEEVELLES「幸福のすゝめ」【KamiErabi GOD.app Ending Movie】	https://www.youtube.com/watch?v=KWg_Hp_CSbA
【リゼロ】ノンクレジットオープニング映像 | 「Reweave」鈴木このみ	https://www.youtube.com/watch?v=wKvBpv2idRc
【リゼロ】ノンクレジットエンディング映像 | 「NOX LUX」MYTH & ROID	https://www.youtube.com/watch?v=aPzI7S3MVI4
TVアニメ『やり直し令嬢は竜帝陛下を攻略中』ノンクレジットエンディング映像／花たん「gradation」	https://www.youtube.com/watch?v=lZupPsZ2TiU
TVアニメ『アクロトリップ』ノンクレジットOP | 水瀬いのり「フラーグム」	https://www.youtube.com/watch?v=0-pJcCT5hjo
【ノンクレジットOP】TVアニメ「甘神さんちの縁結び」| ももいろクローバーZ「やわく恋して～ずっと僕らでいられますように～」	https://www.youtube.com/watch?v=QLR1yLA1kow
『嘆きの亡霊は引退したい』ノンクレジットエンディング｜P丸様。「すくりぃむ！」	https://www.youtube.com/watch?v=BVMjA_dCE6c
【公式】『SHIROBAKO』第1クールED主題歌 宮森あおい&安原絵麻&坂木しずか(cv.木村珠莉&佳村はるか&千菅春香) 「Animetic Love Letter」ノンクレジット映像	https://www.youtube.com/watch?v=u4wj6H1iHoM
【公式】『SHIROBAKO』第1クールOP主題歌 石田燿子「COLORFUL BOX」ノンクレジット映像	https://www.youtube.com/watch?v=Tv8yJbgnxz0
【シャニアニ2nd】第1話ストレイライト「Wandering Dream Chaser」｜毎週金曜25:23～TVアニメ放送中【アイドルマスター】	https://www.youtube.com/watch?v=Kfkk-UWTByA
TVアニメ『精霊幻想記2』ノンクレジットエンディングムービー　♪エンディングテーマ：諏訪ななか「春待歌」	https://www.youtube.com/watch?v=_P5ahKOlyuI
TVアニメ『精霊幻想記2』ノンクレジットオープニングムービー　♪オープニングテーマ：大西亜玖璃「アウフタクト」	https://www.youtube.com/watch?v=YnIUTZIim9w
TVアニメ「夏目友人帳 漆」ノンクレジットエンディング映像 | 近藤利樹「こまりわらい」	https://www.youtube.com/watch?v=JeityPnYDiA
TVアニメ「夏目友人帳 漆」ノンクレジットオープニング映像 | 柏木ひなた「Alca」	https://www.youtube.com/watch?v=Jw_ntlenxlA
TVアニメ『来世は他人がいい』ノンクレジットオープニング映像│♪オープニング主題歌：THE ORAL CIGARETTES「UNDER and OVER」	https://www.youtube.com/watch?v=t2it6C75HOs
TVアニメ『来世は他人がいい』ノンクレジットエンディング映像│♪エンディング主題歌：吉乃「なに笑ろとんねん」	https://www.youtube.com/watch?v=06LF26kBEGg
『鴨乃橋ロンの禁断推理』2nd SeasonノンクレジットOP／ハンブレッダーズ「フィードバックを鳴らして」	https://www.youtube.com/watch?v=fY7wIRwsc5w
TVアニメ「ハイガクラ」ノンテロップエンディング映像	https://www.youtube.com/watch?v=X_w9uzos4Ns
TVアニメ「ハイガクラ」ノンテロップオープニング映像	https://www.youtube.com/watch?v=r1VzCMRITMI
TVアニメ『ぷにるはかわいいスライム』“ぷにかわ”OPムービー(ノンクレジット)／OPテーマ「ぎゅむ！」ぷにる（CV：篠原 侑）	https://www.youtube.com/watch?v=CvU3Q67I7Nk
TVアニメ『ぷにるはかわいいスライム』“ぷにかわ”EDムービー(ノンクレジット)／EDテーマ「唱」ぷにる（CV：篠原 侑）	https://www.youtube.com/watch?v=pNBnUIbkbmA
アニメ『BECK』ノンクレジットオープニング映像｜BEAT CRUSADERS "HIT IN THE USA"	https://www.youtube.com/watch?v=xg91QwPT0v0
『僕のヒーローアカデミア』7期第20話(No.158)「少女のエゴ」特殊EDノンクレジット映像／EDテーマ：「六等星」ざらめ	https://www.youtube.com/watch?v=j5-yDfToyEc
アニメ「コードギアス 反逆のルルーシュ」オープニング／FLOW「COLORS」	https://www.youtube.com/watch?v=ny3Mh1fojl0
『僕のヒーローアカデミア』7期第19話(No.157)「I AM HERE」特殊EDノンクレジット映像／EDテーマ：「六等星」ざらめ	https://www.youtube.com/watch?v=9iYbzACYrME
【推しの子】B小町 / POP IN 2【MV short】	https://www.youtube.com/watch?v=c7E-tgmFuzw
【限定公開】Let’s be ONE / Liella!【TVアニメ『ラブライブ！スーパースター!!』3期OP主題歌】	https://www.youtube.com/watch?v=mZ3DPE5mgH8
【限定公開】DAISUKI FULL POWER / Liella!【TVアニメ『ラブライブ！スーパースター!!』3期ED主題歌】	https://www.youtube.com/watch?v=B3JAxDoYOs4
TVアニメ『パーティーから追放されたその治癒師、実は最強につき』ノンクレジットOP(立花日菜／最強？最高！Brave My Heart)	https://www.youtube.com/watch?v=FdtmFBCe_fE
TVアニメ『パーティーから追放されたその治癒師、実は最強につき』ノンクレジットED(Sizuk／Only)	https://www.youtube.com/watch?v=8317RnkzsrU
TVアニメ「君は冥土様。」EDノンクレジット映像｜2024年10月5日（土）より好評放送中	https://www.youtube.com/watch?v=IniiUUdmXBU
TVアニメ「君は冥土様。」OPノンクレジット映像｜2024年10月5日（土）より好評放送中	https://www.youtube.com/watch?v=AD4wjqCmC98
TVアニメ「らんま1/2」 ノンクレジットエンディング｜りりあ。「あんたなんて。」 ／ "Ranma1/2" Ending Movie	https://www.youtube.com/watch?v=Sy-CYyfmO6g
TVアニメ『青の祓魔師 雪ノ果篇』OPムービー｜Reol「RE RESCUE」	https://www.youtube.com/watch?v=xCl03BRIing
アニメ『チ。 ―地球の運動について―』ノンクレジットエンディング映像「アポリア」ヨルシカ	https://www.youtube.com/watch?v=F541MRFhXX8
TVアニメ第2期『ブルーロック VS. U-20 JAPAN』ノンクレジットOP映像|UNISON SQUARE GARDEN「傍若のカリスマ」｜10月5日(土)より放送スタート！	https://www.youtube.com/watch?v=VhneiPkG_W0
TVアニメ『BLEACH 千年血戦篇-相剋譚-』ノンクレジットエンディングムービー	https://www.youtube.com/watch?v=yujUC1U43mo
TVアニメ『魔王様、リトライ！Ｒ』ノンクレジットエンディング│MIMiNARI　「クランシック feat. 北澤ゆうほ」毎週土曜日22時30分～TOKYO MX他にて放送中！	https://www.youtube.com/watch?v=sSDOFDgZEdk
TVアニメ『魔王様、リトライ！Ｒ』ノンクレジットオープニング│ASCA「明日世界が終わるとしても」毎週土曜日22時30分～TOKYO MX他にて放送中！	https://www.youtube.com/watch?v=647kBVt-NHQ
『七つの大罪 黙示録の四騎士』第2期ノンクレジットオープニング／OPテーマ「MMH」UVERworld	https://www.youtube.com/watch?v=voU_s5mekVQ
【シャニアニ】アニメ「アイドルマスター シャイニーカラーズ 2nd season」ノンクレジットオープニング「プリズムフレア」｜毎週金曜25:23～TVアニメ放送中【アイドルマスター】	https://www.youtube.com/watch?v=RnCJv5ueK3A
TVアニメ「まほなれ」ノンクレジットオープニング映像｜PUFFYとついでにTOOBOE「コラージュ」	https://www.youtube.com/watch?v=-SssTHzMoBw
TVアニメ「合コンに行ったら女がいなかった話」ノンテロップオープニング映像	https://www.youtube.com/watch?v=W4YKPLS7o8o
『ダンジョンに出会いを求めるのは間違っているだろうかⅤ 豊穣の女神篇』ED映像	https://www.youtube.com/watch?v=axVO4pRoK4s
『ダンジョンに出会いを求めるのは間違っているだろうかⅤ 豊穣の女神篇』OP映像	https://www.youtube.com/watch?v=fhW9sMKdLxc
TVアニメ「株式会社マジルミエ」ノンクレジットオープニング映像｜まふまふ「オーダーメイド」	https://www.youtube.com/watch?v=NkK9iXTxA74
TVアニメ「株式会社マジルミエ」ノンクレジットエンディング映像｜syudou「ワークアウト」	https://www.youtube.com/watch?v=R6oIaWuN0lk
TVアニメ『BLEACH 千年血戦篇-相剋譚-』ノンクレジットオープニングムービー	https://www.youtube.com/watch?v=gFQZgwMC1As
TVアニメ「トリリオンゲーム」ノンクレジットオープニング映像｜&TEAM「Beat the odds」	https://www.youtube.com/watch?v=eSyq6t3Fn0E
TVアニメ「トリリオンゲーム」ノンクレジットエンディング映像｜Klang Ruler「アンビリーバブル」	https://www.youtube.com/watch?v=G2Ywy1cTGLQ
TVアニメ『ひとりぼっちの異世界攻略』ノンクレジットED｜鯨木「ハローとグッバイ」	https://www.youtube.com/watch?v=4IuUgjvZiK4
TVアニメ『るろうに剣心 －明治剣客浪漫譚－ 京都動乱』第一クールOP映像｜キタニタツヤなとり「いらないもの」	https://www.youtube.com/watch?v=03KqrRhvjw4
TVアニメ「ダンダダン」エンディング映像｜ずっと真夜中でいいのに。「TAIDADA」	https://www.youtube.com/watch?v=s8SSPUQvUzI
TVアニメ「メカウデ」ノンクレジットED｜「karma」セツコ(空白ごっこ)produced by 澤野弘之	https://www.youtube.com/watch?v=qceCQ4zUHlU
TVアニメ「ダンダダン」オープニング映像｜Creepy Nuts「オトノケ」	https://www.youtube.com/watch?v=Nw_XzGZ35As
『アオのハコ』ノンクレジットエンディング│Eve「ティーンエイジブルー」│ Blue Box Ending	https://www.youtube.com/watch?v=2k8zlyquTOs
『アオのハコ』ノンクレジットオープニング│Official髭男dism「Same Blue」│ Blue Box Opening	https://www.youtube.com/watch?v=d0jg9hNHqn8
TVアニメ『アクロトリップ』ノンクレジットED | カノエラナ「リバーシブルベイベー」	https://www.youtube.com/watch?v=PIMc3L81u6U
TVアニメ『ダンジョンの中のひと』第12話特殊ED ノンクレジット映像 ｜ナナヲアカリ「ブループリント」(ふたりの青 edit)	https://www.youtube.com/watch?v=Wy82hjiUhSo
『神之塔 -Tower of God- 工房戦』ノンクレジットエンディング映像 | Stray Kids「Falling Up」	https://www.youtube.com/watch?v=H_IS0nTeeM8
TVアニメ「歴史に残る悪女になるぞ」ノンクレジットED	https://www.youtube.com/watch?v=jt9yt_Zk5gs
TVアニメ「歴史に残る悪女になるぞ」ノンクレジットOP	https://www.youtube.com/watch?v=7PfH9VeoPTU
【ノンクレジットED】TVアニメ「甘神さんちの縁結び」| 甘神三姉妹「君に恋を結んで」	https://www.youtube.com/watch?v=TC0cyKYyeJ4
『嘆きの亡霊は引退したい』ノンクレジットオープニング｜Lezel「葛藤Tomorrow」	https://www.youtube.com/watch?v=j66_MdDhs-Y
TVアニメ「メカウデ」ノンクレジットOP｜「VORTEX」セツコ(空白ごっこ)produced by 澤野弘之	https://www.youtube.com/watch?v=uyOtJLa2ZWk
TVアニメ『最凶の支援職【話術士】である俺は世界最強クランを従える』ノンクレジットOP｜「Tactics」 KOHTA YAMAMOTO feat. SAIKI	https://www.youtube.com/watch?v=CE5QnB9jkoc
『神之塔 -Tower of God- 工房戦』ノンクレジットオープニング映像 | Stray Kids「NIGHT」	https://www.youtube.com/watch?v=mJBtlJ5SquU
TVアニメ「らんま1/2」 ノンクレジットオープニング｜ano「許婚っきゅん」 ／ "Ranma1/2" Opening Movie	https://www.youtube.com/watch?v=RFYP-tY6xOg
TVアニメ『2.5次元の誘惑』第2クールノンクレジットオープニング映像｜2024年7月から放送中！	https://www.youtube.com/watch?v=_sGXpDFcnxQ
TVアニメ『2.5次元の誘惑』第2クールノンクレジットED映像｜2024年7月から放送中！	https://www.youtube.com/watch?v=a2OgsC9McPo
TVアニメ「金色のコルダ～primo passo～」テーマソング｜ノンクレジットオープニング映像【高画質版】｜カノン『Brand New Breeze』	https://www.youtube.com/watch?v=yrPhQ3ZRF4Q
TVアニメ『菜なれ花なれ』12話挿入歌｜PoMPoMs「花になれ」ノンクレジットムービー	https://www.youtube.com/watch?v=o-2XRZLAqZ0
『転生貴族、鑑定スキルで成り上がる 第2期』ノンクレジットOP映像｜PassCode「SKILLAWAKE」	https://www.youtube.com/watch?v=1qwqQYtRv6E
YOASOBI「UNDEAD」｜『〈物語〉シリーズ オフ&モンスターシーズン』ノンクレジットED映像 しのぶフューチャーVer.	https://www.youtube.com/watch?v=OzxcrFqTcqQ
【ロシデレ】「ハナモヨイ 」｜ノンクレジットエンディング(第12話)	https://www.youtube.com/watch?v=spO_gsp-uUs
TVアニメ『SHY』東京奪還編 ノンクレジットEDムービー｜第23話エンディングテーマ「月篝 ～満月 ver.～」天王寺曖 (CV.小岩井ことり) & ウツロ/天王寺昧 (CV.上田 瞳)	https://www.youtube.com/watch?v=NH6pjx1lmdk
【ロシデレ】「気まぐれロマンティック」｜ノンクレジットエンディング(第11話)	https://www.youtube.com/watch?v=-5HZqR6OfYI
【ロシデレ】「こいのうた」｜ノンクレジットエンディング(第10話)	https://www.youtube.com/watch?v=tqdEDUyrJ1k
アニメ『村井の恋』ノンクレジットOP｜莉犬(すとぷり)「へんしん!」	https://www.youtube.com/watch?v=_nLhynAm1wY
夜桜四怨が歌う22話挿入歌「マジカル☆ぴょん デストロイ」｜【日5】TVアニメ『夜桜さんちの大作戦』	https://www.youtube.com/watch?v=riqQoSrpku8
アニメ「負けヒロインが多すぎる！」ノンクレジットED映像【feel my soul】	https://www.youtube.com/watch?v=FYuKV7m_CqM
【ロシデレ】「ワールドイズマイン」｜ノンクレジットエンディング(第9話)	https://www.youtube.com/watch?v=HrHPgipTDAU
アニメ『ケンガンアシュラ』Season2 ノンクレジット2ndエンディング｜Jin Dogg「NANI?」	https://www.youtube.com/watch?v=Y7TnSVuPoeY
アニメ『ケンガンアシュラ』Season2 ノンクレジット2ndオープニング｜HEY-SMITH「Feel My Pain」	https://www.youtube.com/watch?v=QXsc5PiGwlM
TRUMPシリーズTVアニメ『デリコズ・ナーサリー』ノンクレジットエンディング映像「Prayer」Anonymouz	https://www.youtube.com/watch?v=UncfURXxLN8
『君の知らない物語』supercell｜『化物語』ノンクレジットED映像	https://www.youtube.com/watch?v=rZZzlY8vUf8
【ロシデレ】「ラブ・ストーリーは突然に」｜ノンクレジットエンディング(第7話)	https://www.youtube.com/watch?v=eBDoVnddW58
『僕のヒーローアカデミア THE MOVIE ユアネクスト』オープニング映像＜ノンクレジット＞／OP主題歌：「ホムンクルス」Vaundy／ヒロアカ劇場版OP	https://www.youtube.com/watch?v=4W6-FlB-Xro
アニメ「負けヒロインが多すぎる！」ノンクレジットED映像【CRAZY FOR YOU】	https://www.youtube.com/watch?v=GyckNS-qOcM
【ノンクレジットOP】TVアニメ『ノラガミ ARAGOTO』狂乱 Hey Kids!! / THE ORAL CIGARETTES	https://www.youtube.com/watch?v=WTZRgj6Afes
【ロシデレ】「秘密の言葉」｜ノンクレジットエンディング(第6話)	https://www.youtube.com/watch?v=2O4k95zmNz8
【ロシデレ】「小さな恋のうた」｜ノンクレジットエンディング(第5話)	https://www.youtube.com/watch?v=0ronVoomulM
『多数欠』ノンクレジットOP／ビバラッシュ「エンペラータイム」	https://www.youtube.com/watch?v=nOIQRGL5kgQ
TVアニメ『SHY』東京奪還編 ノンクレジットEDムービー｜第17話エンディングテーマ「ボクらのLove & Peace」ミェンロン/リー＝ミンミン (CV.村瀬 歩)	https://www.youtube.com/watch?v=0DqA4viJUg8
アニメ『ATRI-My Dear Moments-』ノンクレジットエンディング｜22/7「YESとNOの間に」	https://www.youtube.com/watch?v=UQ6uXU88zhM
「なぜ僕の世界を誰も覚えていないのか？」ノンクレジットOP | Unlucky Morpheus「世界輪廻」	https://www.youtube.com/watch?v=8GyIY9RAQEs
「なぜ僕の世界を誰も覚えていないのか？」ノンクレジットED | 好芻「途切れないで」	https://www.youtube.com/watch?v=11XzUteA7x8
TVアニメ『義妹生活』ノンクレジットエンディング｜「水槽のブランコ」Kitri	https://www.youtube.com/watch?v=wkSVOJ3MTkw
【公式】『TARI TARI』OP主題歌 AiRI「Dreamer」ノンクレジット映像	https://www.youtube.com/watch?v=1TC-a06pAdE
TVアニメ「戦国妖狐　千魔混沌編」ノンクレジットOP	https://www.youtube.com/watch?v=Mgxm-NCrRqw
TVアニメ「戦国妖狐　千魔混沌編」ノンクレジットED	https://www.youtube.com/watch?v=Y16vPV5Bw0k
【ロシデレ】「ハレ晴レユカイ」｜ノンクレジットエンディング（第4話）	https://www.youtube.com/watch?v=tdMxdWc3NG0
『caramel ribbon cursetard』「撫物語」ノンクレジットOP映像｜『〈物語〉シリーズ オフ&モンスターシーズン』	https://www.youtube.com/watch?v=yhL7GvLbSyw
TVアニメ『杖と剣のウィストリア』ノンクレジットエンディング映像｜TRUE「フローズン」	https://www.youtube.com/watch?v=luke9AYCN7g
coldrain「VENGEANCE」 | 「NINJA KAMUI」ノンクレジットオープニング	https://www.youtube.com/watch?v=H9hCSJDjyP8
Jessica Gelinas「Eye Operners」 | 「NINJA KAMUI」ノンクレジットエンディング	https://www.youtube.com/watch?v=ok40mAuxlnY
『キン肉マン』完璧超人始祖編ノンクレジットED｜キン肉マン(CV:宮野真守)「超人」	https://www.youtube.com/watch?v=u0dgneH1D_4
TVアニメ『夜桜さんちの大作戦』第2クールノンクレジットOP（fripSide  feat. Yoshino Nanjo／Secret Operation）	https://www.youtube.com/watch?v=f7QJtQL-LFU
アニメ「負けヒロインが多すぎる！」オープニング映像【毎週土曜24:30~放送/配信中】	https://www.youtube.com/watch?v=7GJOBkIgWHc
アニメ『ATRI-My Dear Moments-』ノンクレジットオープニング｜乃木坂46「あの光」	https://www.youtube.com/watch?v=kOXRAha4h0g
TVアニメ『逃げ上手の若君』ノンクレジットオープニングムービー｜DISH//「プランA」	https://www.youtube.com/watch?v=XmpgKUcm2nI
TVアニメ『杖と剣のウィストリア』ノンクレジットオープニング映像｜PENGUIN RESEARCH「Fire and Fear」	https://www.youtube.com/watch?v=VJLJ15yIQlI
【ロシデレ】「想い出がいっぱい」｜ノンクレジットエンディング(第3話)	https://www.youtube.com/watch?v=L3Arh1ccQuI
TVアニメ「恋は双子で割り切れない」ノンクレジットエンディング映像｜「ハニーシトロン」（神宮寺琉実（CV.後本萌葉）、神宮寺那織（CV.内田真礼））	https://www.youtube.com/watch?v=svsAfBvxFk4
TVアニメ『異世界失格』ノンクレジットエンディング｜前島麻由「さよなら、素晴らしき世界よ」	https://www.youtube.com/watch?v=sj-MjCtEed4
TVアニメ『この世界は不完全すぎる』ノンクレジットED┃ED主題歌「LOOP」NACHERRY	https://www.youtube.com/watch?v=iWstQFHq_8I
TVアニメ『この世界は不完全すぎる』ノンクレジットOP┃OP主題歌「No Complete」Liyuu	https://www.youtube.com/watch?v=WgArLplKsnU
TVアニメ『SHY』東京奪還編 ノンクレジットEDムービー｜第15話エンディングテーマ「月篝 (TV Size)」天王寺曖 (CV.小岩井ことり)	https://www.youtube.com/watch?v=iHttutjKDFw
TVアニメ『ザ・ファブル』第２クールノンクレジットEDムービー【ALI『BEYOND feat. MaRI』】	https://www.youtube.com/watch?v=NLZE46gmeH8
【ノンクレジットOP】TVアニメ「エルフさんは痩せられない。」| REAL AKIBA BOYZ loves 田口華有&AiRyA from REAL AKIBA BAND「フライド☆プライド」	https://www.youtube.com/watch?v=s0k6D5dCkCA
アニメ「負けヒロインが多すぎる！」ノンクレジットED映像【LOVE 2000】	https://www.youtube.com/watch?v=2czbGCYz6gk
『僕のヒーローアカデミア』ヒロアカ7期第2クールOPノンクレジット映像／OPテーマ：「カーテンコール」優里	https://www.youtube.com/watch?v=b3f6Shks9g4
『僕のヒーローアカデミア』ヒロアカ7期第2クールEDノンクレジット映像／EDテーマ：「六等星」ざらめ	https://www.youtube.com/watch?v=ULEk2BWoIPI
アニメ『血界戦線』ノンクレジットED／♪：「シュガーソングとビターステップ」UNISON SQUARE GARDEN	https://www.youtube.com/watch?v=mcsEhkGprbg
【オープニング映像ノンクレジット版】アニメ「ばいばい、アース」毎週金曜午後11:30～放送・配信中  ♪オープニングテーマ：ASCA「FACELESS」【WOWOW】	https://www.youtube.com/watch?v=xdpPkwqPSuM
アニメ『NieR:Automata Ver1.1a』第2クールノンクレジットオープニングムービー：LiSA「ブラックボックス」	https://www.youtube.com/watch?v=mAo9SVHRebA
TVアニメ『FAIRY TAIL 100年クエスト』ノンクレジットオープニング/Da-iCE「Story」	https://www.youtube.com/watch?v=NhGC9GDzmxQ
TVアニメ『FAIRY TAIL 100年クエスト』ノンクレジットエンディング/僕が見たかった青空「友よ　ここでサヨナラだ」	https://www.youtube.com/watch?v=plFrzmWj5co
テレビアニメ『先輩はおとこのこ』OPムービー｜「我がまま」くじら	https://www.youtube.com/watch?v=KV8HGbACPzM
TVアニメ『ハズレ枠の【状態異常スキル】で最強になった俺がすべてを蹂躙するまで』ノンクレジット映像 Hakubi「pray」	https://www.youtube.com/watch?v=3uxhejwjMdA
「キミと僕の最後の戦場、あるいは世界が始まる聖戦 Season Ⅱ」ノンクレジットOP | 「セナカアワセ」AliA	https://www.youtube.com/watch?v=jKek2NBLQ3c
TVアニメ「恋は双子で割り切れない」ノンクレジットエンディング映像｜「ハニーシトロン」-Strings Arrange-	https://www.youtube.com/watch?v=tiuH0EkbgJo
【ロシデレ】「可愛くてごめん」｜ノンクレジットエンディング（第2話）	https://www.youtube.com/watch?v=O9S2bWkaiMI
TVアニメ「疑似ハーレム」ノンクレジットOP映像 ／ ゴホウビ「ブラウス」	https://www.youtube.com/watch?v=ygO6OgrZhLI
TVアニメ「疑似ハーレム」ノンクレジットED映像／七倉凛(CV:早見沙織)「アドリブ」	https://www.youtube.com/watch?v=8jppMQSi_rE
TVアニメ「恋は双子で割り切れない」ノンクレジットオープニング映像｜「パラレルなハート」(内田真礼)	https://www.youtube.com/watch?v=RNQ3j8EIHM8
【ノンクレジットOP】『下の階には澪がいる』／SWEET REVENGE「Might Just」	https://www.youtube.com/watch?v=fSsdcm9yS8I
【ノンクレジットED】TVアニメ『ノラガミ』 ハートリアライズ/Tia｜2024/9/9まで	https://www.youtube.com/watch?v=inWYbShD54s
TVアニメ『異世界失格』ノンクレジットオープニング｜伊東歌詞太郎「修羅日記」	https://www.youtube.com/watch?v=JBI0TI79-Kk
【ノンクレジットOP】TVアニメ『ノラガミ』 午夜の待ち合わせ/Hello Sleepwalkers｜2024/9/9まで	https://www.youtube.com/watch?v=36rkVIr_hsA
【ノンクレジットED】いつも二人がいいね / ミラ&深森白夜（CV：小野友樹&中原麻衣）TVアニメ『かつて魔法少女と悪は敵対していた。』	https://www.youtube.com/watch?v=lpD1zv1L5oc
【ノンクレジットOP】未完成ランデヴー / Lezel　TVアニメ『かつて魔法少女と悪は敵対していた。』	https://www.youtube.com/watch?v=_RquZ0L9FBI
TVアニメ『狼と香辛料 MERCHANT MEETS THE WISE WOLF』第2クール ノンクレジットエンディング	https://www.youtube.com/watch?v=7wI1M1sbKX0
TVアニメ『ダンジョンの中のひと』ノンクレジットOP｜TrySail「マイクロレボリューション」	https://www.youtube.com/watch?v=ya6edm0JpzE
TVアニメ『ダンジョンの中のひと』ノンクレジットED｜ナナヲアカリ「ブループリント」	https://www.youtube.com/watch?v=sqC0LEj-AEg
「真夜中ぱんチ」ノンクレジットED｜真咲（CV.長谷川育美）「編集点」	https://www.youtube.com/watch?v=v1P8uQHzGL4
「真夜中ぱんチ」ノンクレジットOP｜りぶ、苺子、譜風、十景、ゆき 「ギミギミ」	https://www.youtube.com/watch?v=Ayc7sfRrQRg
TVアニメ『狼と香辛料 MERCHANT MEETS THE WISE WOLF』第2クール ノンクレジットオープニング	https://www.youtube.com/watch?v=w2v9imRQeaI
ノンクレジットオープニング映像 / TVアニメ『VTuberなんだが配信切り忘れたら伝説になってた』【ぶいでん】	https://www.youtube.com/watch?v=DSMWe8f-h3o
TVアニメ『白い砂のアクアトープ』ノンクレジットOP2 / ARCANA PROJECT「とめどない潮騒に僕たちは何を歌うだろうか」	https://www.youtube.com/watch?v=uv3ezoksDBA
TVアニメ『白い砂のアクアトープ』ノンクレジットED2 / 相沢梨紗 (でんぱ組.inc)「新月のダ・カーポ」	https://www.youtube.com/watch?v=JBu13XsDknM
TVアニメ『白い砂のアクアトープ』ノンクレジットED / Mia REGINA「月海の揺り籠」	https://www.youtube.com/watch?v=HEx_5YVfC10
TVアニメ『ザ・ファブル』第２クールノンクレジットOPムービー【梅田サイファー『スイッチ』】	https://www.youtube.com/watch?v=4pjTttQfj-w
TVアニメ『菜なれ花なれ』ノンクレジットエンディング映像｜PoMPoMs「with」	https://www.youtube.com/watch?v=J-lAV3RWN4g
TVアニメ『菜なれ花なれ』ノンクレジットオープニング映像｜PoMPoMs「Cheer for you!」	https://www.youtube.com/watch?v=BqKQFjoTyQY
TVアニメ『逃げ上手の若君』 ノンクレジットエンディングムービー｜ぼっちぼろまる「鎌倉STYLE」	https://www.youtube.com/watch?v=VNl4J9b_xhE
TVアニメ『夜桜さんちの大作戦』第2クールノンクレジットED（ASOBI同盟 ／結婚行進曲）	https://www.youtube.com/watch?v=gm3I1aaeVk8
TVアニメ「小市民シリーズ」ノンクレジットOP映像｜Eve「スイートメモリー」	https://www.youtube.com/watch?v=kk6meRqr-o4
TVアニメ「小市民シリーズ」ノンクレジットED映像｜ammo「意解けない」	https://www.youtube.com/watch?v=UxoqXIo82Xo
TVアニメ『天穂のサクナヒメ』ノンクレジットEDムービー／EDテーマ：Little Glee Monster「ORIGAMI」｜毎週土曜23:00~放送中!	https://www.youtube.com/watch?v=H23w64GQP0k
TVアニメ『天穂のサクナヒメ』ノンクレジットOPムービー／OPテーマ：いきものがかり「晴々！」｜毎週土曜23:00~放送中!	https://www.youtube.com/watch?v=gQPP-pRIIEs
TVアニメ『モブから始まる探索英雄譚』ノンクレジットオープニング映像｜「Up Start」天月-あまつき-	https://www.youtube.com/watch?v=5IrMyZmXIzA
TVアニメ『モブから始まる探索英雄譚』ノンクレジットエンディング映像｜「ストロボ・ファンタジー」May'n	https://www.youtube.com/watch?v=2oJOca2VhwU
YOASOBI「UNDEAD」｜『〈物語〉シリーズ オフ&モンスターシーズン』ノンクレジットED映像 なでこパストVer.	https://www.youtube.com/watch?v=jAAZDIGWcio
TVアニメ「魔導具師ダリヤはうつむかない」ノンテロップエンディング	https://www.youtube.com/watch?v=sb1K6hsxldQ
TVアニメ「魔導具師ダリヤはうつむかない」ノンテロップオープニング	https://www.youtube.com/watch?v=B7QUeS7x54E
アニメ『NieR:Automata Ver1.1a』エンディングムービー（Lyric Ver.）	https://www.youtube.com/watch?v=NL4Cg9Evark
TVアニメ『2.5次元の誘惑』第1クールノンクレジットED映像｜2024年7月から放送中！	https://www.youtube.com/watch?v=i_E6t628wPw
TVアニメ『2.5次元の誘惑』第1クールノンクレジットOP映像｜2024年7月から放送中！	https://www.youtube.com/watch?v=eBJV3GgxPf0
テレビアニメ『先輩はおとこのこ』EDムービー｜「あれが恋だったのかな feat. にしな」くじら	https://www.youtube.com/watch?v=5EaNlGbuTcA
TVアニメ「女神のカフェテラス」OP映像| 小玉ひかり「チャージ！」	https://www.youtube.com/watch?v=e1JaRnpbsdE
TVアニメ「女神のカフェテラス」ED映像| アーリオ・オーリオ・エ・ペペロンチーノ「なっちゃった！」	https://www.youtube.com/watch?v=Po7eAWWfW3c
TVアニメ『俺は全てを【パリイ】する～逆勘違いの世界最強は冒険者になりたい～』ノンクレジットエンディング映像｜「ノーギフテッド」ウタヒメドリーム オールスターズ	https://www.youtube.com/watch?v=jDOVyKXG06Y
TVアニメ『俺は全てを【パリイ】する～逆勘違いの世界最強は冒険者になりたい～』ノンクレジットオープニング映像｜「AMBITION」桜木舞華 【ウタヒメドリーム】 (CV:鈴木杏奈)	https://www.youtube.com/watch?v=jYyApBsD78o
TVアニメ『義妹生活』ノンクレジットオープニング｜「天使たちの歌」fhna	https://www.youtube.com/watch?v=z9HCfY560CM
TVアニメ『ハズレ枠の【状態異常スキル】で最強になった俺がすべてを蹂躙するまで』ノンクレジット映像　超学生「Hazure」	https://www.youtube.com/watch?v=WqbamADmmgo
【ロシデレ】ノンクレジットOP｜「1番輝く星」アーリャ（CV：上坂すみれ）	https://www.youtube.com/watch?v=WMdXTiLrT2g
【ロシデレ】「学園天国」｜ノンクレジットエンディング（第1話）	https://www.youtube.com/watch?v=wiciFs4eZg0
TVアニメ「しかのこのこのここしたんたん」ノンクレジットエンディング映像『シカせんべいのうた』	https://www.youtube.com/watch?v=ZUZUpBWxacE
TVアニメ「しかのこのこのここしたんたん」ノンクレジットオープニング映像『シカ色デイズ』	https://www.youtube.com/watch?v=ZZvIVRQ4E7I
【推しの子】第2期ノンクレジットオープニング｜GEMN「ファタール」	https://www.youtube.com/watch?v=PAcf55v6zqQ
【推しの子】第2期ノンクレジットエンディング｜羊文学「Burning」	https://www.youtube.com/watch?v=JuS4iuhG-vc
「魔王軍最強の魔術師は人間だった」ノンクレジットED | KOHTA YAMAMOTO feat. 明智マヤ「I still」	https://www.youtube.com/watch?v=H0QSSy1hi90
「魔王軍最強の魔術師は人間だった」ノンクレジットOP | KOHTA YAMAMOTO feat. Shun Ikegai「Ctrl C」	https://www.youtube.com/watch?v=aOnEHhNYLqk
『僕の妻は感情がない』ノンクレジットエンディング映像：清水美依紗「Wave」 | My Wife Has No Emotion | Noncredit Ending Movie	https://www.youtube.com/watch?v=ITdKglqfZzM
『僕の妻は感情がない』ノンクレジットオープニング映像：ときのそら「おかえりなさい」 | My Wife Has No Emotion | Noncredit Opening Movie	https://www.youtube.com/watch?v=3jgLG016l2Y
TVアニメ『新米オッサン冒険者、最強パーティに死ぬほど鍛えられて無敵になる。』ノンクレジットオープニング映像│オープニングテーマ：串田アキラ「荒野に咲けよ冒険者たち」	https://www.youtube.com/watch?v=RQ1jZPZaGzg
TVアニメ『SHY』東京奪還編 ノンクレジットEDムービー｜エンディングテーマ「そばにいるよ」シャイ/紅葉山テル (CV.下地紫野)＆小石川惟子 (CV.東山奈央)	https://www.youtube.com/watch?v=CE1JcYx6u-0
TVアニメ『SHY』東京奪還編 ノンクレジットOPムービー｜オープニング主題歌「WILLSHINE」PassCode	https://www.youtube.com/watch?v=9TBVQm3d4jI
TVアニメ「烏は主を選ばない」ノンクレジットEDムービー | 志方あきこ「とこしえ」 | NHK総合 毎週土曜 23:45 放送中	https://www.youtube.com/watch?v=r8rwPxAca_o
【ガールズバンドクライ】第13話挿入歌「運命の華」	https://www.youtube.com/watch?v=QwdXJv_gMQM
7/5 放送開始／Premieres June 27 TVアニメ「異世界スーサイド・スクワッド」ノンクレジットED／Suicide Squad ISEKAI Non Credit ED Movie	https://www.youtube.com/watch?v=J9KfHf114Fo
【公式】『グラスリップ』OP主題歌 ChouCho「夏の日と君の声」ノンクレジット映像	https://www.youtube.com/watch?v=RpxFkmeFV1A
『転生したらスライムだった件』第3期ED第二弾「Miracle soup」	https://www.youtube.com/watch?v=gXBZk6HNhSU
『転生したらスライムだった件』第3期OP第二弾「レナセールセレナーデ」	https://www.youtube.com/watch?v=drryAMQ_dfY
7/5 放送開始／Premieres June 27 TVアニメ「異世界スーサイド・スクワッド」オープニング映像／Suicide Squad ISEKAI OP Movie	https://www.youtube.com/watch?v=XmtzBDNArzA
【ガールズバンドクライ】第11話挿入歌「空白とカタルシス」	https://www.youtube.com/watch?v=tr8psNtqYxg
【ガールズバンドクライ】第11話挿入歌「Cycle Of Sorrow」	https://www.youtube.com/watch?v=UnIWvcARb8U
『リンカイ！』ノンクレジットエンディング映像「Override!」	https://www.youtube.com/watch?v=R1X6yaW51xg
『リンカイ！』ノンクレジットオープニング映像 佐々木李子「Windshifter」	https://www.youtube.com/watch?v=Z6yVMoOTPfg
【公式】『フリップフラッパーズ』OP主題歌 ZAQ「Serendipity」ノンクレジット映像	https://www.youtube.com/watch?v=swQDiWpz-4s
TVアニメ『ガールズバンドクライ』第7話挿入歌「名もなき何もかも」	https://www.youtube.com/watch?v=WrWga0k-fzE
アニメ「コードギアス 奪還のロゼ」エンディング／満島ひかり「ロゼ(Prod.TeddyLoid)」	https://www.youtube.com/watch?v=u0nHMnETTT4
TVアニメ「ダンジョン飯」ノンクレジットエンディング(第2シーズン)5人ver｜「キラキラの灰」リーガルリリー	https://www.youtube.com/watch?v=REFKofX3-9o
TVアニメ「ダンジョン飯」ノンクレジットオープニング(第2シーズン)5人ver｜「運命」sumika	https://www.youtube.com/watch?v=p4m7TnJuoXc
アニメ「コードギアス 奪還のロゼ」オープニング／MIYAVI「Running In My Head」	https://www.youtube.com/watch?v=5zRfzTVcHKU
アニメ『アズールレーン』ノンクレジットOP／♪：「graphite/diamond」May'n	https://www.youtube.com/watch?v=Uxfei0GmZlQ
アニメ『モンスター娘のいる日常』ノンクレジットOP／♪：「最高速 Fall in Love」	https://www.youtube.com/watch?v=6ZAGcpjPIrI
アニメ『 はねバド！』ノンクレジットOP／♪：「ふたりの羽根」YURiKA	https://www.youtube.com/watch?v=8FQTZew3Bhc
アニメ『血界戦線』ノンクレジットOP／♪：「Hello,world!」BUMP OF CHICKEN	https://www.youtube.com/watch?v=0nkJ8wPseSM
TVアニメ『ささやくように恋を唄う』ノンクレジットED　木野ひまり（CV.嶋野花）「ギフティ」	https://www.youtube.com/watch?v=1fpyQj93vtk
TVアニメ『THE NEW GATE』ノンクレジットオープニング映像│オープニングテーマ：Sou「世界を射抜いて」	https://www.youtube.com/watch?v=bQjgt4NN-S4
【MV】『渋谷アクアリウム』 / JELEE  |  TVアニメ「夜のクラゲは泳げない」第5話劇中歌	https://www.youtube.com/watch?v=CJ4vp1LCOW8
TVアニメ『ガールズバンドクライ』第5話挿入歌「視界の隅 朽ちる音」	https://www.youtube.com/watch?v=hqxzJhn4RZs
TVアニメ「魔法科高校の劣等生」第3シーズン スティープルチェース編 ノンクレジットエンディング映像｜2024年5月3日（金）より各局にて好評放送中！	https://www.youtube.com/watch?v=-h7x_irpKfE
【MV】『月の温度』 / JELEE  |  TVアニメ「夜のクラゲは泳げない」第4話劇中歌	https://www.youtube.com/watch?v=idSdN33PAwk
TVアニメ『デート・ア・ライブV』ノンクレジットオープニングテーマ映像｜富田美憂「Paradoxes」	https://www.youtube.com/watch?v=gYhSqoXtvcU
TVアニメ『戦隊大失格』ノンクレジットEDムービー｜TBS系全国28局ネットにて毎週日曜午後4時30分から放送中／ディズニープラスにて毎週日曜17:00より配信中	https://www.youtube.com/watch?v=2hbv4s7m1s0
【MV】『最強ガール』 / JELEE  |  TVアニメ「夜のクラゲは泳げない」第3話劇中歌	https://www.youtube.com/watch?v=6G3W2VFI4mU
アニメ『怪獣８号』ノンクレジットED｜OneRepublic「Nobody」｜毎週土曜23時～放送・配信	https://www.youtube.com/watch?v=aiCMXJ4zKWA
アニメ『怪獣８号』ノンクレジットOP｜YUNGBLUD「Abyss」｜毎週土曜23時～放送・配信	https://www.youtube.com/watch?v=CFjI21M9wZs
TVアニメ『HIGHSPEED toile』ノンクレジットED映像「ファンファーレ」SCANDAL	https://www.youtube.com/watch?v=59SpS2-Towg
TVアニメ『ガールズバンドクライ』第3話挿入歌「声なき魚」	https://www.youtube.com/watch?v=sCDwSCYEWoY
TV アニメ「魔王学院の不適合者Ⅱ」2ndクール ノンクレジットOP映像｜BURNOUT SYNDROMES×東山奈央｜魔王	https://www.youtube.com/watch?v=3rJM-6TMUtY
「シャドウバースＦ」アーク編ノンクレジットＯＰ	https://www.youtube.com/watch?v=PuTiDfhlftQ
TVアニメ『声優ラジオのウラオモテ』ノンクレジットOP	https://www.youtube.com/watch?v=41iopUrNkgw
TVアニメ『この素晴らしい世界に祝福を！３』ノンクレジットエンディング映像【このすば】	https://www.youtube.com/watch?v=tH18QK26IOA
歌種やすみ(CV:伊藤美来)＆夕暮夕陽(CV:豊田萌絵) / 揺れ恋ゆららか！(TVアニメ「声優ラジオのウラオモテ」挿入歌)	https://www.youtube.com/watch?v=irauzsN8xIQ
【シャニアニ】第2話アンティーカ「バベルシティ・グレイス」ライブシーン｜Blu-ray発売中！【アイドルマスター】	https://www.youtube.com/watch?v=Fhhmp_4ozGM
TVアニメ『Lv2からチートだった元勇者候補のまったり異世界ライフ』ノンクレジットOP｜フェンリース（CV:釘宮理恵)「旦那様とのラブラブ・ラブソング」	https://www.youtube.com/watch?v=PKyn_Msy9Bc
無職転生2期OP②／「無職転生Ⅱ ～異世界行ったら本気だす～」第2クール ノンクレジットオープニング／「オン・ザ・フロントライン」ヒトリエ	https://www.youtube.com/watch?v=kQ5Zfgpirwc
無職転生2期ED②／「無職転生Ⅱ ～異世界行ったら本気だす～」第2クール ノンクレジットエンディング／「守りたいもの」大原ゆい子	https://www.youtube.com/watch?v=1C_cjVx66PE
【ブルアカTVアニメ】 ノンクレED「真昼の空の月」	https://www.youtube.com/watch?v=d0rctEnBwsQ
TVアニメ『ACCA13区監察課』ノンクレジットエンディング / 結城アイラ「ペールムーンがゆれてる」	https://www.youtube.com/watch?v=QcghQpfX1UI
TVアニメ『ACCA13区監察課』ノンクレジットオープニング / ONE Ⅲ NOTES「Shadow and Truth」	https://www.youtube.com/watch?v=KwTT53qWf8o
TVアニメ『戦隊大失格』ノンクレジットOPムービー｜TBS系全国28局ネットにて毎週日曜午後4時30分から放送中／ディズニープラスにて毎週日曜17:00より配信中	https://www.youtube.com/watch?v=bG0cGW35-TI
TVアニメ『響け！ユーフォニアム３』ノンクレジットエンディング映像	https://www.youtube.com/watch?v=VBNklQKX_IU
TVアニメ『夜桜さんちの大作戦』ノンクレジットED（CHiCO ／fam!）	https://www.youtube.com/watch?v=OD2tCxMYv0o
TVアニメ『響け！ユーフォニアム３』ノンクレジットオープニング映像	https://www.youtube.com/watch?v=1ns78jyf0fw
TVアニメ『夜桜さんちの大作戦』ノンクレジットOP（いきものがかり／運命ちゃん）	https://www.youtube.com/watch?v=0NQ5NYjPr9U
【ノンクレジットED】TVアニメ「夜のクラゲは泳げない」| ツルシマアンナ「1日は25時間。」	https://www.youtube.com/watch?v=zK3tqEnm-Gs
【ノンクレジットOP】TVアニメ「夜のクラゲは泳げない」| カノエラナ「イロドリ」	https://www.youtube.com/watch?v=Nm-50XXPnoU
TVアニメ『ガールズバンドクライ』ノンクレジットエンディング｜トゲナシトゲアリ「誰にもなれない私だから」	https://www.youtube.com/watch?v=Go6wsJwKf4c
TVアニメ『うる星やつら』ノンクレジットOP 【MAISONdes「バイマイダーリン feat. みきまりあ, ニト。」】| 毎週木曜日24時55分からフジテレビ"ノイタミナ"ほかにて放送中！	https://www.youtube.com/watch?v=fvYT-qeZGY8
TVアニメ『うる星やつら』ノンクレジットED【MAISONdes「春紛い feat. アユニ・D, ニト。」】| 毎週木曜日24時55分からフジテレビ"ノイタミナ"ほかにて放送中！	https://www.youtube.com/watch?v=BkD2Z9gz_f8
TVアニメ『響け！ユーフォニアム３』第一回 ノンクレジットオープニング映像【ディスコ・キッド】	https://www.youtube.com/watch?v=2QnDkpiAfKs
TVアニメ『この素晴らしい世界に祝福を！３』ノンクレジットオープニング映像【このすば】	https://www.youtube.com/watch?v=nPJhLiqv8Jc
喧嘩独学ED／TVアニメ『喧嘩独学』ノンクレジットエンディング／「バイラルハック」Crab 蟹 Club	https://www.youtube.com/watch?v=2sbV4LIgkIM
TV アニメ『Unnamed Memory』ノンクレジットED 映像／Arika「blan_」	https://www.youtube.com/watch?v=pr8jE4Rh81M
TV アニメ『Unnamed Memory』ノンクレジットOP 映像／丁「呼び声」	https://www.youtube.com/watch?v=UBru4MhvokY
TVアニメ『声優ラジオのウラオモテ』ノンクレジットED	https://www.youtube.com/watch?v=G30rfLUbDR0
TVアニメ『怪異と乙女と神隠し』ノンクレジットエンディング（歌詞あり）｜大渕野々花「朱く染めて心臓」（作詞/作編曲：Neru）	https://www.youtube.com/watch?v=JSaBjRU1FLU
遊遊「ハザードシンボル」TVアニメ『怪異と乙女と神隠し』ノンクレジット(歌詞あり)OP映像	https://www.youtube.com/watch?v=qkcXtORCwYg
TVアニメ「WIND BREAKER」ノンクレジットオープニング映像『絶対零度』なとり｜2024.04.04 ON AIR	https://www.youtube.com/watch?v=IuSAC8ZDf1A
TVアニメ『忘却バッテリー』ノンクレジットオープニング映像｜Mrs. GREEN APPLE「ライラック」	https://www.youtube.com/watch?v=Bcy8yp6iYGI
TVアニメ『Lv2からチートだった元勇者候補のまったり異世界ライフ』ノンクレジットED｜DIALOGUE＋「ユートピア学概論」	https://www.youtube.com/watch?v=KPUClThj3vU
ノンクレジットED映像アニメ「神は遊戯に飢えている。」｜立花日菜「I'm GAME!」	https://www.youtube.com/watch?v=7pdRtGn56XM
TVアニメ「出来損ないと呼ばれた元英雄は、実家から追放されたので好き勝手に生きることにした」ノンクレジットED／愛美「メリトクラシー」	https://www.youtube.com/watch?v=k1agPCdAyMI
TVアニメ「出来損ないと呼ばれた元英雄は、実家から追放されたので好き勝手に生きることにした」ノンクレジットOP／蒼井翔太「EVOLVE」	https://www.youtube.com/watch?v=WyAyvKoIIcg
喧嘩独学OP／TVアニメ『喧嘩独学』ノンクレジットオープニング／「Wild Boy」MA55IVE THE RAMPAGE	https://www.youtube.com/watch?v=gYWna6Ff9EU
TVアニメ『ザ・ファブル』ノンクレジットOPムービー／OPテーマ：ALI「Professionalism feat. 般若」｜毎週土曜24:55～ 日本テレビ系にて順次全国放送中──	https://www.youtube.com/watch?v=Udeb6n36nyg
【ブルアカTVアニメ】 ノンクレOP「青春のアーカイブ」	https://www.youtube.com/watch?v=Q4sWF6z9TuE
TVアニメ『死神坊ちゃんと黒メイド（第3期）』エンディング映像（アリス（CV. 真野あゆみ）／エトワールメモワール）	https://www.youtube.com/watch?v=kuCdP8CVhz4
TVアニメ『死神坊ちゃんと黒メイド（第3期）』オープニング映像（なすお☆／シネマティックパレード）	https://www.youtube.com/watch?v=_Gag4q8VRpk
【ノンクレジットED映像】TVアニメ「じいさんばあさん若返る」｜正蔵（CV:三木眞一郎）＆イネ（CV:能登麻美子）「添い遂げYO-YO!!」	https://www.youtube.com/watch?v=hu-kmHK1tAA
TVアニメ「烏は主を選ばない」ノンクレジットOPムービー  |  Saucy Dog「poi」  |  NHK総合 毎週土曜 23:45 放送中	https://www.youtube.com/watch?v=mQ7eAlzXRIs
『転生したらスライムだった件』第3期ED第1弾「Believer」	https://www.youtube.com/watch?v=t7atfmQM8Uk
『転生したらスライムだった件』第3期OP第1弾「PEACEKEEPER」	https://www.youtube.com/watch?v=ZqSHUCpwnmQ
「ワンルーム、日当たり普通、天使つき。」ノンクレジットOP ｜小倉 唯 「君色のキセキ」	https://www.youtube.com/watch?v=h1Ze0B0vqYM
TVアニメ『HIGHSPEED toile』ノンクレジットOP映像「ADRENALIZED」水樹奈々	https://www.youtube.com/watch?v=IJ8kXxwdDe8
TVアニメ『ガールズバンドクライ』第1話挿入歌「空の箱」	https://www.youtube.com/watch?v=pA-pzhQQFBA
TVアニメ『ガールズバンドクライ』ノンクレジットオープニング｜トゲナシトゲアリ「雑踏、僕らの街」	https://www.youtube.com/watch?v=YDLafQ-Rg-k
TVアニメ「魔法科高校の劣等生」第3シーズン ノンクレジットオープニング映像｜2024年4月5日（金）より各局にて好評放送中！	https://www.youtube.com/watch?v=GFW7P55j0-g
TVアニメ「アイドルマスター シンデレラガールズ」第13話ライブシーン映像①＜できたてEvo! Revo! Generation!＞【期間限定公開】	https://www.youtube.com/watch?v=ayJ43O89ej8
オリジナルTVアニメーション『終末トレインどこへいく？』ノンクレジットオープニング｜中島怜「GA-TAN GO-TON」【TVアニメは好評放送中！】	https://www.youtube.com/watch?v=q_adhS3FPJw
TVアニメ「変人のサラダボウル」ノンクレジットエンディング／名誉伝説「今晩の喧嘩」	https://www.youtube.com/watch?v=LOypfBCPOAo
TVアニメ「変人のサラダボウル」ノンクレジットオープニング／和ぬか「ギフにテッド」	https://www.youtube.com/watch?v=GQluibIpqBY
オリジナルTVアニメーション『終末トレインどこへいく？』ノンクレジットエンディング｜ロクデナシ 「ユリイカ」【TVアニメは好評放送中！】	https://www.youtube.com/watch?v=CJcHQm-zA4Q
TVアニメ『花野井くんと恋の病』ノンクレジットオープニング映像| 4月4日より放送中	https://www.youtube.com/watch?v=2x5kCy5kJbo
TVアニメ「ダンジョン飯」ノンクレジットエンディング(第2シーズン)｜「キラキラの灰」リーガルリリー	https://www.youtube.com/watch?v=8Uba6oz7AC8
TVアニメ「ダンジョン飯」ノンクレジットオープニング(第2シーズン)｜「運命」sumika	https://www.youtube.com/watch?v=asyT-N1Ip70
TVアニメ『ゆるキャン△ SEASON３』オープニング映像│04.04 ONAIR	https://www.youtube.com/watch?v=eMgHOf0rpBQ
『SAND LAND: THE SERIES』ノンクレジットオープニング映像：Kroi「Water Carrier」	https://www.youtube.com/watch?v=1NKPJWSOLu0
【ノンクレジットOP】CHANSUNG(2PM) & AK-69 feat. CHANGMIN(2AM) 「Into the Fire」【Re:Monster】	https://www.youtube.com/watch?v=ctoVqK-AYiA
TVアニメ『月が導く異世界道中　第二幕』第2クールノンクレジット版オープニング映像｜syudou「リヴァーサル」	https://www.youtube.com/watch?v=uULlburPIm0
TVアニメ『月が導く異世界道中　第二幕』第2クールノンクレジット版エンディング映像｜前田佳織里「常識外れヒューマン」	https://www.youtube.com/watch?v=xbFRvx5MzXE
ノンクレジットOP映像アニメ「神は遊戯に飢えている。」｜AliA「NewGame」	https://www.youtube.com/watch?v=8k83nGvWD3I
TVアニメ『狼と香辛料 MERCHANT MEETS THE WISE WOLF』ノンクレジットエンディング／2024.04.01 25:30～ ON AIR	https://www.youtube.com/watch?v=8fLDO8rwAUk
『転生貴族、鑑定スキルで成り上がる』ノンクレジットED映像｜リシア・プレイド（cv.花澤香菜）「Finally」	https://www.youtube.com/watch?v=nzM2qhUdThw
アニメ『刀剣乱舞 廻 -虚伝 燃ゆる本能寺-』ノンクレジットOP映像｜OPテーマ：INI「Whatever Happens」｜4月2日(火)23:00よりTOKYO MX,BS11で全8話にて放送！	https://www.youtube.com/watch?v=WXcIGK81WbM
TVアニメ『狼と香辛料 MERCHANT MEETS THE WISE WOLF』ノンクレジットオープニング／2024.04.01 25:30～ ON AIR	https://www.youtube.com/watch?v=IRL1jSmfIKU
『薬屋のひとりごと』第24話挿入歌「想い咲く時」【第2期2025年放送決定！】	https://www.youtube.com/watch?v=fV2LLgBOKzc
「キミと僕の最後の戦場、あるいは世界が始まる聖戦 Season Ⅱ」ノンクレジットED | 2024年7月放送開始	https://www.youtube.com/watch?v=YcVgTwMtJx8
『転生したら第七王子だったので、気ままに魔術を極めます』ノンクレジットオープニング映像｜樋口楓「キュンリアス」	https://www.youtube.com/watch?v=Rj0H9Ce1-nI
『転生したら第七王子だったので、気ままに魔術を極めます』ノンクレジットエンディング映像｜熊田茜音「ハッピーの秘訣」	https://www.youtube.com/watch?v=NWgfNomFXgk
【ノンクレジットOP映像】TVアニメ「じいさんばあさん若返る」｜コレサワ「君がおじいちゃんあたしがおばあちゃん」	https://www.youtube.com/watch?v=SNRH8aIo0Jo
アニメ「龍族 -The Blazing Dawn-」ノンクレジットOPムービー｜「IVORY TOWER feat. SennaRin」澤野弘之	https://www.youtube.com/watch?v=jVtZgESxMZc
TVアニメ『響け！ユーフォニアム２』ノンクレジットエンディング映像	https://www.youtube.com/watch?v=ohEPRyUb8cU
『転生貴族、鑑定スキルで成り上がる』ノンクレジットOP映像｜TRUE「ブルーデイズ」	https://www.youtube.com/watch?v=7fDTqefZsJ0
【魔法少女にあこがれて】ノンクレジットエンディング｜エノルミータ「とげとげサディスティック」5人Ver.	https://www.youtube.com/watch?v=mY_4iMQGohk
TVアニメ『響け！ユーフォニアム２』ノンクレジットオープニング映像	https://www.youtube.com/watch?v=a9-e_0l7dU4
TVアニメ『響け！ユーフォニアム』ノンクレジットエンディング映像	https://www.youtube.com/watch?v=Gkn1aNlo_jg
【魔法少女にあこがれて】第八話挿入歌「L・O・V・E・リーロコ」【曲・詩：ロコムジカ】	https://www.youtube.com/watch?v=uxPavPqtuGc
TVアニメ『響け！ユーフォニアム』ノンクレジットオープニング映像	https://www.youtube.com/watch?v=qBlsSwT0qqw
TVアニメ『シャングリラ・フロンティア』第18話特殊EDノンクレジット映像｜ReoNa「ガジュマル ～Heaven in the Rain～」	https://www.youtube.com/watch?v=V_J-KChrwT0
『大室家 dear sisters』エンディング主題歌「大げさに愛と呼ぶんだ」Official Lyric Video	https://www.youtube.com/watch?v=JAxmclHgCVU
『大室家 dear sisters』オープニング主題歌「My Dear SiSTARS!」Official Lyric Video	https://www.youtube.com/watch?v=sgLj1GzWwnU
TVアニメ「佐々木とピーちゃん」ノンクレジットオープニング映像／ 「FLY」 MADKID	https://www.youtube.com/watch?v=7WPQvsGFChc
TVアニメ「佐々木とピーちゃん」ノンクレジットエンディング映像／ 「曖昧ガール」大西亜玖璃	https://www.youtube.com/watch?v=7VDlAJLCfMA
【最弱テイマー】ノンテロップOP映像を公開！	https://www.youtube.com/watch?v=lM7k3xpPd_0
TVアニメ『アンデッドアンラック』第2クールノンクレジットOPムービー／OPテーマ：シユイ「ラブコール」| Undead Unluck | Noncredit Opening Movie Part2	https://www.youtube.com/watch?v=RO0Ev5MSDNo
『アンデッドアンラック』第2クールノンクレジットEDムービー:OKAMOTO‘S「この愛に敵うもんはない」Undead Unluck Noncredit Ending Movie Part2	https://www.youtube.com/watch?v=78aRc7sIo18
『ぶっちぎり?!』ノンクレジットオープニング / "BUCCHIGIRI?!"  Opening Movie│Kroi「Sesame」	https://www.youtube.com/watch?v=OLG_mja7WIM
TVアニメ『魔都精兵のスレイブ』ノンクレジットED｜内田真礼「CHA∞IN」	https://www.youtube.com/watch?v=z8g39pBc57I
TVアニメ「弱キャラ友崎くん 2nd STAGE」ED映像 / DIALOGUE＋『誰かじゃないから』	https://www.youtube.com/watch?v=MOn00whPquM
TVアニメ「弱キャラ友崎くん 2nd STAGE」OP映像 / DIALOGUE＋『イージー？ハード？しかして進めっ！』	https://www.youtube.com/watch?v=dfI-wUKWvNw
TVアニメ『呪術廻戦』第2期「懐玉・玉折/渋谷事変」第45話挿入歌「最高潮☆JUMPING!」リリックビデオ	https://www.youtube.com/watch?v=KMKd4B6X6v4
TVアニメ「悪役令嬢レベル99」ノンクレジットOP	https://www.youtube.com/watch?v=0o6qbg7gRMk
TVアニメ『道産子ギャルはなまらめんこい』ノンクレジットエンディング映像　♪亜咲花「わやわやわー！」	https://www.youtube.com/watch?v=JspCuzfSa8Y
TVアニメ『道産子ギャルはなまらめんこい』ノンクレジットオープニング映像　♪オーイシマサヨシ「なまらめんこいギャル」	https://www.youtube.com/watch?v=NhqAeRjnUs8
TVアニメ『月が導く異世界道中　第二幕』ノンクレジット版エンディング映像｜伊東健人「My Factor」	https://www.youtube.com/watch?v=gzJPjr3FYTs
TVアニメ「俺だけレベルアップな件」ノンクレジットEDムービー｜krage「request」	https://www.youtube.com/watch?v=HCqVYCNZIrQ
TVアニメ「俺だけレベルアップな件」ノンクレジットOPムービー｜SawanoHiroyuki[nZk]:TOMORROW X TOGETHER「LEveL」	https://www.youtube.com/watch?v=9KBl_UurkEc
TVアニメ『治癒魔法の間違った使い方』ノンクレジットED｜ChouCho「Green jade」	https://www.youtube.com/watch?v=5nJVDHnyfow
TVアニメ『魔女と野獣』ノンクレジットOP／そこに鳴る 「相聞詩」　-  " The Witch and the Beast "OP /   sokoninaru " soumonka "	https://www.youtube.com/watch?v=cW6D4h9TEKg
TVアニメ『うる星やつら』ノンクレジットOP 【MAISONdes「ロックオン feat. はしメロ, 巡巡」】| 毎週木曜日24時55分からフジテレビ"ノイタミナ"ほかにて放送中！	https://www.youtube.com/watch?v=3OhStDNna-k
TVアニメ『うる星やつら』ノンクレジットED【MAISONdes「雷櫻 feat. 9Lana, SAKURAmoti」】| 毎週木曜日24時55分からフジテレビ"ノイタミナ"ほかにて放送中！	https://www.youtube.com/watch?v=XvOAtMYTmPs
オリジナルTVアニメ「勇気爆発バーンブレイバーン」OPノンテロップ映像	https://www.youtube.com/watch?v=Zkg_03wzNKQ
TVアニメ「ダンジョン飯」ノンクレジットエンディング｜「Party!!」緑黄色社会	https://www.youtube.com/watch?v=jio_17jg980
TVアニメ「ようこそ実力至上主義の教室へ 3rd Season」ノンクレジットオープニング	https://www.youtube.com/watch?v=yGZI6rWFSZI
TVアニメ「ようこそ実力至上主義の教室へ 3rd Season」ノンクレジットエンディング	https://www.youtube.com/watch?v=2oofVfFkRV0
「外科医エリーゼ」ノンクレジットOP 「believer」エリーゼ（CV.石川由依）｜TVアニメ好評放送中	https://www.youtube.com/watch?v=Q30bO15GV4w
「外科医エリーゼ」ノンクレジットED 「Listen」荒井麻珠｜TVアニメ好評放送中	https://www.youtube.com/watch?v=LZSeYkGXZtg
TVアニメ『異修羅』ノンクレジットエンディグ映像／  「白花」 鈴木このみ	https://www.youtube.com/watch?v=0bXv1ECSwBs
TVアニメ「望まぬ不死の冒険者」ノンクレジットオープニング映像：JUVENILE「IMMORTAL」	https://www.youtube.com/watch?v=Qso6JcCaP1A
TVアニメ『姫様“拷問”の時間です』ノンクレジットオープニング映像｜shallm「まっさかさマジック！」	https://www.youtube.com/watch?v=k0Kg8gYC3R0
TVアニメ『姫様“拷問”の時間です』ノンクレジットエンディング映像｜LEEVELLES「明日は明日の風が吹く」	https://www.youtube.com/watch?v=38-HaU1TRDY
TVアニメ『月が導く異世界道中　第二幕』ノンクレジット版オープニング映像｜須田景凪「ユートピア」	https://www.youtube.com/watch?v=VGt6eBETJp4
TVアニメ『月が導く異世界道中　第二幕』ノンクレジット版第一夜特殊エンディング映像｜深澄 真（cv.花江夏樹）、識（cv.津田健次郎）「ああ人生に涙あり」	https://www.youtube.com/watch?v=PNqxji2AYPg
TVアニメ『シャングリラ・フロンティア』第2クールノンクレジットED｜ReoNa「ガジュマル ～Heaven in the Rain～」	https://www.youtube.com/watch?v=iUy_GJzlSdw
TVアニメ『シャングリラ・フロンティア』第2クールノンクレジットOP｜FZMZ feat. icy「Danger Danger」	https://www.youtube.com/watch?v=VlcjW90l6c4
TVアニメ「メタリックルージュ」ノンクレジットEDムービー／ダズビー「Scarlet」	https://www.youtube.com/watch?v=hsKzVWWZsps
TVアニメ「メタリックルージュ」ノンクレジットOPムービー／由薫「Rouge」	https://www.youtube.com/watch?v=Fom6S9VjavQ
＜オープニング映像フル＞TVアニメ「ONE PIECE」／オープニングテーマ「あーーっす！」歌：きただにひろし	https://www.youtube.com/watch?v=YFbno_aPm0w
TVアニメ「僕の心のヤバイやつ」第２期ノンクレジットED映像｜こはならむ「恋してる自分すら愛せるんだ」	https://www.youtube.com/watch?v=qoT0MK54RB4
TVアニメ「僕の心のヤバイやつ」第２期ノンクレジットOP映像｜あたらよ「「僕は...」」	https://www.youtube.com/watch?v=A0tKGpKOU4Y
TVアニメ「マッシュル-MASHLE-」第2期ノンクレジットEDムービー｜私立恵比寿中学「トーキョーズ・ウェイ！」	https://www.youtube.com/watch?v=F-I1wZkbdPo
TVアニメ「マッシュル-MASHLE-」第2期ノンクレジットOPムービー｜Creepy Nuts「Bling-Bang-Bang-Born」#BBBBダンス	https://www.youtube.com/watch?v=210R0ozmLwg
TVアニメ「結婚指輪物語」ノンクレジットオープニング映像：Sizuk「Lover's Eye」	https://www.youtube.com/watch?v=ZlXyMCJopu0
『薬屋のひとりごと』第2クールノンクレジットOP：Uru『アンビバレント』【毎週土曜24：55～ 日本テレビ系にて全国放送中！ 】	https://www.youtube.com/watch?v=29pmd1QiK-4
TVアニメ『治癒魔法の間違った使い方』ノンクレジットOP｜waterweed「Cure」	https://www.youtube.com/watch?v=iuhnEHkEO0s
『葬送のフリーレン』ノンクレジットOP(第2クール)／OPテーマ：ヨルシカ「晴る」	https://www.youtube.com/watch?v=iqsnJJK8GA4
『葬送のフリーレン』ノンクレジットED(第2クール)／EDテーマ：milet「Anytime Anywhere」	https://www.youtube.com/watch?v=HAOQDCF0jQE
TVアニメ『即死チートが最強すぎて、異世界のやつらがまるで相手にならないんですが。』ノンクレジットED映像｜桜木舞華 【ウタヒメドリーム】（CV：鈴木杏奈）「Haze」	https://www.youtube.com/watch?v=sXr91MBA4oU
TVアニメ『即死チートが最強すぎて、異世界のやつらがまるで相手にならないんですが。』ノンクレジットOP映像｜Hilcrhyme「Killer Bars」	https://www.youtube.com/watch?v=uPO2UIgemSM
TVアニメ『魔都精兵のスレイブ』ノンクレジットOP｜鬼頭明里「夢の糸」	https://www.youtube.com/watch?v=cxLspslAg1Q
TVアニメ「ダンジョン飯」ノンクレジットオープニング｜「Sleep Walking Orchestra」BUMP OF CHICKEN	https://www.youtube.com/watch?v=60_2zt9l3Yk
【魔法少女にあこがれて】ノンクレジットオープニング｜NACHERRY「My dream girls」	https://www.youtube.com/watch?v=UzmxIlN4RRk
【魔法少女にあこがれて】ノンクレジットエンディング｜エノルミータ「とげとげサディスティック」	https://www.youtube.com/watch?v=9QfEJDEjf_Q
TVアニメ『異修羅』ノンクレジットオープニング映像／  「修羅に堕として」 sajou no hana	https://www.youtube.com/watch?v=IcQZSrHtzMs
【公式】『色づく世界の明日から』ED主題歌 やなぎなぎ「未明の君と薄明の魔法」ノンクレジット映像	https://www.youtube.com/watch?v=NNiNKImuOCM
【公式】『色づく世界の明日から』OP主題歌 ハルカトミユキ「17才」ノンクレジット映像	https://www.youtube.com/watch?v=CP6xbsxyRKI
【ノンクレジットED】TVアニメ「魔法少女マジカルデストロイヤーズ」／ The 13th tailor「Gospelion in a classic love」	https://www.youtube.com/watch?v=PXptkzlcpno
【アンダーニンジャ】KOTORI「秘密」第11話ver.ノンクレジットEDムービー	https://www.youtube.com/watch?v=rrJ6wvViArE
TVアニメ『シャングリラ・フロンティア』第11話挿入歌「鉄打ち唄」（ヴァイスアッシュ＜CV.大塚明夫＞）リリックビデオ	https://www.youtube.com/watch?v=PHqxHIJqVVc
『葬送のフリーレン』特別EDアニメーション＜ノンクレジット版＞／♪「bliss」作詞・歌：milet　作曲・編曲：Evan Call	https://www.youtube.com/watch?v=5Ufj38W6-o4
【TVアニメ「らき☆すた」ノンクレジットOP】「もってけ！セーラーふく」｜原作20周年記念フィルムコンサート開催記念	https://www.youtube.com/watch?v=lAaU7EO_8AA
「進撃の巨人」The Final Season完結編（各話版）ノンクレジットOP｜Linked Horizon「最後の巨人」	https://www.youtube.com/watch?v=d6qCbdXqsOs
「進撃の巨人」The Final Season完結編（各話版）ノンクレジットED｜ヒグチアイ「いってらっしゃい」	https://www.youtube.com/watch?v=DU2KGyQgso4
TVアニメ『アークナイツ【冬隠帰路/PERISH IN FROST】』ノンクレジットエンディング映像 ver.β	https://www.youtube.com/watch?v=lPOseMfilrc
「進撃！ 巨人中学校」ノンクレジットOP｜Linked Horizon「青春は花火のように」	https://www.youtube.com/watch?v=saVHURi1uhU
「進撃の巨人」Season 3 Part 2ノンクレジットED｜cinema staff「Name of Love」	https://www.youtube.com/watch?v=R8ED7xV3hTU
「進撃の巨人」Season 3 Part 2ノンクレジットOP｜Linked Horizon「憧憬と屍の道」	https://www.youtube.com/watch?v=5IdD-y4KKVA
「進撃の巨人」Season 3 Part 1ノンクレジットED｜Linked Horizon「暁の鎮魂歌」	https://www.youtube.com/watch?v=3JWKoVCkT1w
「進撃の巨人」Season 3 Part 1ノンクレジットOP｜YOSHIKI feat.HYDE「Red Swan」	https://www.youtube.com/watch?v=IjwuJT6q54s
「進撃の巨人」Season 2ノンクレジットED｜神聖かまってちゃん「夕暮れの鳥」	https://www.youtube.com/watch?v=Gpwt7R9pGuo
「進撃の巨人」Season 2ノンクレジットOP｜Linked Horizon「心臓を捧げよ！」	https://www.youtube.com/watch?v=nAksM2HAAqo
「進撃の巨人」Season 1後期ノンクレジットED｜cinema staff「great escape」	https://www.youtube.com/watch?v=jXeD6i0Vssg
「進撃の巨人」Season 1後期ノンクレジットOP｜Linked Horizon「自由の翼」	https://www.youtube.com/watch?v=43spp3kzGVw
「進撃の巨人」Season 1前期ノンクレジットED｜日笠陽子「美しき残酷な世界」	https://www.youtube.com/watch?v=eN_rq3FvJUs
「進撃の巨人」Season 1前期ノンクレジットOP｜Linked Horizon「紅蓮の弓矢」	https://www.youtube.com/watch?v=AW5_k_Cf4wM
【オメガ/CV:前川涼子 Ver.】「陰の実力者になりたくて！ 2nd season」 ノンクレジットエンディング：「Polaris in the Night」	https://www.youtube.com/watch?v=kLkE3ComU5A
春日影 (MyGO!!!!! ver.)	https://www.youtube.com/watch?v=-kZBuzsZ7Ho
TVアニメ『SHY』ノンクレジットEDムービー｜第5話EDテーマ「私の青い空～As I am～」シャイ/紅葉山テル（CV. 下地紫野）	https://www.youtube.com/watch?v=XSIJFaHerLU
TVアニメ『東京リベンジャーズ』天竺編 ノンクレジットOP【Official髭男dism「ホワイトノイズ」】	https://www.youtube.com/watch?v=tYuPxILnixw
TVアニメ『聖剣学院の魔剣使い』ノンクレジットED	https://www.youtube.com/watch?v=idhAWFxmFWo
TVアニメ『聖剣学院の魔剣使い』ノンクレジットOP	https://www.youtube.com/watch?v=Q1WzgpZE6Yo
TVアニメ『SHY』ノンクレジットEDムービー｜第4話EDテーマ「君だけがヒーロー」小石川惟子（CV. 東山奈央）	https://www.youtube.com/watch?v=ECIfoAsa5ZI
『薬屋のひとりごと』第3話挿入歌「想風」（おもいかぜ）【毎週土曜24：55～日本テレビ系にて全国放送中！】	https://www.youtube.com/watch?v=2j5Zp7Qp_2I
【シャニアニ】アニメ「アイドルマスター シャイニーカラーズ」ノンクレジットオープニング「ツバサグラビティ」｜Blu-ray発売中！【アイドルマスター】	https://www.youtube.com/watch?v=1V0_81XYS8M
『薬屋のひとりごと』ノンクレジットOP：緑黄色社会『花になって』【毎週土曜24：55～ 日本テレビ系にて全国放送中！ 】	https://www.youtube.com/watch?v=z9JZB08qy44
『薬屋のひとりごと』ノンクレジットED：アイナ・ジ・エンド『アイコトバ』【毎週土曜24：55～ 日本テレビ系にて全国放送中！】	https://www.youtube.com/watch?v=PojnddmnjNs
【ニュー/CV:内田真礼 Ver.】「陰の実力者になりたくて！ 2nd season」 ノンクレジットエンディング：「Polaris in the Night」	https://www.youtube.com/watch?v=KJm6UYLxp_Y
TVアニメ『SHY』ノンクレジットEDムービー｜EDテーマ「シリタイキモチ」シャイ/紅葉山テル（CV. 下地紫野）＆小石川惟子（CV. 東山奈央）	https://www.youtube.com/watch?v=rQlIoYygceg
TVアニメ『盾の勇者の成り上がり Season 3』ノンクレジットエンディング映像｜藤川千愛「好きになってはいけない理由」	https://www.youtube.com/watch?v=dVlBxDHzrf8
TVアニメ『経験済みなキミと、経験ゼロなオレが、お付き合いする話。』ノンクレジットエンディング映像｜AliA「あいことば」	https://www.youtube.com/watch?v=9OPeN3IPuUE
アニメ『豚のレバーは加熱しろ』ノンクレジットオープニング｜ASCA「私が笑う理由は」	https://www.youtube.com/watch?v=h6OKTTE3w3A
TVアニメ『僕らの雨いろプロトコル』ノンクレジットエンディング映像 ♪somei「Another Complex」	https://www.youtube.com/watch?v=SKbm5U55jK4
アニメ『豚のレバーは加熱しろ』ノンクレジットエンディング｜Myuk「ひとりじゃないよ」	https://www.youtube.com/watch?v=s76cCcwCTjc
TVアニメ『ひきこまり吸血姫の悶々』ノンクレジットED（MIMiNARI ／眠れない feat.楠木ともり）	https://www.youtube.com/watch?v=HMn2eOox16s
TVアニメ『ひきこまり吸血姫の悶々』ノンクレジットOP（fripSide／Red Liberation）	https://www.youtube.com/watch?v=DPOy0Ntne3g
TVアニメ『アンデッドアンラック』ノンクレジットOPムービー／OPテーマ：女王蜂「01」| Undead Unluck Noncredit Opening Movie	https://www.youtube.com/watch?v=stzAsF51T_w
TVアニメ『アンデッドアンラック』ノンクレジットEDムービー／EDテーマ：八木海莉「know me...」| Undead Unluck Noncredit Ending Movie	https://www.youtube.com/watch?v=canptz0g5_k
【アンダーニンジャ】KOTORI「秘密」ノンクレジットEDムービー	https://www.youtube.com/watch?v=sfektppMlx8
TVアニメ「16bitセンセーション ANOTHER LAYER」オープニング映像｜中川翔子「65535」	https://www.youtube.com/watch?v=yhYCblIxfU0
TVアニメ「16bitセンセーション ANOTHER LAYER」ノンクレジットエンディング映像｜秋里コノハ（CV.古賀葵）「リンク～past and future～」	https://www.youtube.com/watch?v=ubD6C20NhGk
TVアニメ『ウマ娘 プリティーダービー Season 3』ノンテロップED映像	https://www.youtube.com/watch?v=FTEB3DzQhLM
TVアニメ『ウマ娘 プリティーダービー Season 3』ノンテロップOP映像	https://www.youtube.com/watch?v=gan5NEU4LTc
【ラムダ/CV:長谷川育美 Ver.】「陰の実力者になりたくて！ 2nd season」 ノンクレジットエンディング：「Polaris in the Night」	https://www.youtube.com/watch?v=VrDZWSjY8kg
TVアニメ『聖女の魔力は万能です Season2』 ノンクレジットエンディング映像｜鈴木愛奈「Lilac Melody」	https://www.youtube.com/watch?v=zs19jXXaX-Y
「スクラップアート」OP映像｜TVアニメ「デッドマウント・デスプレイ」	https://www.youtube.com/watch?v=6BUo4vjETdo
TVアニメ『SHY』OPムービー｜OP主題歌「Shiny Girl」MindaRyn	https://www.youtube.com/watch?v=2e_Zo9Jaw2M
TVアニメ『盾の勇者の成り上がり Season 3』【4K】ノンクレジットオープニング映像｜MADKID「SIN」	https://www.youtube.com/watch?v=2vjoMYD4oZM
TVアニメ『僕らの雨いろプロトコル』ノンクレジットオープニング映像 ♪SennaRin「S9aiR」	https://www.youtube.com/watch?v=tsNhwrj8xQQ
TVアニメ『経験済みなキミと、経験ゼロなオレが、お付き合いする話。』ノンクレジットオープニング映像｜内田真礼「ラブ・ユー・テンダー！」	https://www.youtube.com/watch?v=9raS4xWi250
TVアニメ『シャングリラ・フロンティア』ノンクレジットエンディング｜CHiCO「エース」	https://www.youtube.com/watch?v=rcgR7JbVTWg
【アニメ】【ミリオンライブ！】ノンクレジットオープニング「Rat A Tat!!!」【アイドルマスター】#ミリアニ	https://www.youtube.com/watch?v=RXEPS8Q7PkI
TVアニメ「ティアムーン帝国物語～断頭台から始まる、姫の転生逆転ストーリー～」ノンクレジットED映像｜カノエラナ「Queen of the Night」	https://www.youtube.com/watch?v=jTUA6A_S2eE
TVアニメ「ティアムーン帝国物語～断頭台から始まる、姫の転生逆転ストーリー～」ノンクレジットOP映像｜上坂すみれ「ハッピーエンドプリンセス」	https://www.youtube.com/watch?v=g_HHqi_dpwo
『SPY×FAMILY』Season 2エンディング主題歌 Vaundy「トドメの一撃」feat.Cory Wongアニメ映像(ノンクレジット)	https://www.youtube.com/watch?v=4Ql6YwCTAko
TVアニメ『アークナイツ【冬隠帰路/PERISH IN FROST】』ノンクレジットエンディング映像 ver.α / ReoNa「R.I.P.」	https://www.youtube.com/watch?v=4btSbeB1Ado
ノンクレジットオープニング：小玉ひかり「ドラマチックに恋したい」／TVアニメ「カノジョも彼女」Season 2	https://www.youtube.com/watch?v=aLtT1rJ6O9M
【アンダーニンジャ】Kroi「Hyper」ノンクレジットOPムービー	https://www.youtube.com/watch?v=1O5bALsN2uY
『葬送のフリーレン』ノンクレジットED／EDテーマ：milet「Anytime Anywhere」	https://www.youtube.com/watch?v=7pmd0kt3FOs
アニメ『ケンガンアシュラ』Season2 ノンクレジット1stエンディング｜BAND-MAID「Shambles」	https://www.youtube.com/watch?v=dfq82MVC5yk
アニメ『ケンガンアシュラ』Season2 ノンクレジット1stオープニング｜SiM「RED」	https://www.youtube.com/watch?v=dTl6b1J4O10
アニメ『ケンガンアシュラ』Season1 ノンクレジット2ndエンディング｜TAEYO「ASHURA」	https://www.youtube.com/watch?v=jjjfr8jizCs
アニメ『ケンガンアシュラ』Season1 ノンクレジット2ndオープニング｜オメでたい頭でなにより「哀紫電一閃」	https://www.youtube.com/watch?v=3oWHMoFohuM
アニメ『ケンガンアシュラ』Season1 ノンクレジット1stエンディング｜BAD HOP「Born This Way」	https://www.youtube.com/watch?v=tdTd0hvo-qU
アニメ『ケンガンアシュラ』Season1 ノンクレジット1stオープニング｜MY FIRST STORY「KING&ASHLEY」	https://www.youtube.com/watch?v=NLlv6q_qV98
TVアニメ『聖女の魔力は万能です Season2』 ノンクレジットオープニング映像｜結城アイラ「Semisweet Afternoon」	https://www.youtube.com/watch?v=jls93ZipiR4
TVアニメ『るろうに剣心 －明治剣客浪漫譚－』第二クールED映像｜KID PHENOMENON「存在証明」	https://www.youtube.com/watch?v=QuP1gfla7mg
TVアニメ『るろうに剣心 －明治剣客浪漫譚－』第二クールOP映像｜菅田将暉東京スカパラダイスオーケストラ「るろうの形代」	https://www.youtube.com/watch?v=0ujoFDVtOI8
「魔法使いの嫁 SEASON2」第2クールノンクレジットED映像/「fam」遊遊	https://www.youtube.com/watch?v=3Oj8iVg2LjY
TVアニメ「陰の実力者になりたくて！ 2nd season」 ノンクレジットオープニング：OxT「grayscale dominator」	https://www.youtube.com/watch?v=LQRbFCAHDUU
『SPY×FAMILY』Season 2 オープニング主題歌Ado「クラクラ」アニメ映像(ノンクレジット) ／2023.10.07 23:00～ON AIR	https://www.youtube.com/watch?v=gz--GkzpAf8
TVアニメ『アークナイツ【冬隠帰路/PERISH IN FROST】』ノンクレジットオープニング映像 / MYTH & ROID「ACHE in PULSE」	https://www.youtube.com/watch?v=SEpX-8wjqRc
TVアニメ『ダークギャザリング』第2クールノンクレジットオープニング映像	https://www.youtube.com/watch?v=E1szDXYzQGg
TVアニメ『ダークギャザリング』第2クールノンクレジットエンディング映像	https://www.youtube.com/watch?v=3ttphym-hPc
「Sugar Doughnuts」｜「でこぼこ魔女の親子事情」オープニング映像	https://www.youtube.com/watch?v=sFuSKVmsF0I
「Welcome!」｜「でこぼこ魔女の親子事情」エンディング映像	https://www.youtube.com/watch?v=qXjcJUZxauc
【青のオーケストラ 聴きドコロ♪】「四季」より＜夏＞	https://www.youtube.com/watch?v=uSu_E0RyUj0
TVアニメ『シャングリラ・フロンティア』ノンクレジットオープニング｜FZMZ「BROKEN GAMES」	https://www.youtube.com/watch?v=4hUx_N8QIYA
『葬送のフリーレン』ノンクレジットOP(第1クール)／OPテーマ：YOASOBI「勇者」	https://www.youtube.com/watch?v=QoGM9hCxr4k
TVアニメ「スパイ教室」スペシャルエンディングテーマ「花の日」歌：リリィ（CV：雨宮 天）ノンクレジット映像	https://www.youtube.com/watch?v=uHB8aTCiePg
【10月5日(木)放送開始】「魔法使いの嫁 SEASON2」第2クールノンクレジットOP映像/「眠らされたリネージュ」JUNNA	https://www.youtube.com/watch?v=WEJGuVPYAQc
TVアニメ『ゾン100～ゾンビになるまでにしたい100のこと～』ノンクレジットOP②　│KANA-BOON「ソングオブザデッド」	https://www.youtube.com/watch?v=o4U24bkGB0s
美少女ゲームOP風キャラクターPV｜TVアニメ「16bitセンセーション ANOTHER LAYER」	https://www.youtube.com/watch?v=EpoMtwXkYG0
TVアニメ「魔王学院の不適合者Ⅱ」９話ノンクレジットED映像｜ももすももす｜「エソア -Ballad ver.-」	https://www.youtube.com/watch?v=JCbUuLsRkf4
TVアニメ『呪術廻戦』第2期「渋谷事変」ノンクレジットEDムービー／EDテーマ：羊文学「more than words」｜毎週木曜夜11時56分～MBS/TBS系列全国28局にて放送中!!	https://www.youtube.com/watch?v=fR0tqhqM7Yg
TVアニメ『呪術廻戦』第2期「渋谷事変」ノンクレジットOPムービー／OPテーマ：King Gnu「SPECIALZ」｜毎週木曜夜11時56分～MBS/TBS系列全国28局にて放送中!!	https://www.youtube.com/watch?v=5yb2N3pnztU
迷路日々（アニメ「BanG Dream! It's MyGO!!!!!」#12 挿入歌）	https://www.youtube.com/watch?v=t3W552Aou3c
迷星叫（アニメ「BanG Dream! It's MyGO!!!!!」#12 挿入歌）	https://www.youtube.com/watch?v=B8k6JtF6WrU
TVアニメ「SYNDUALITY Noir」第8話挿入歌「You＆(A)I」	https://www.youtube.com/watch?v=3-Cb4ciMx90
TVアニメ「スパイ教室」スペシャルエンディングテーマ「Pureness×Careless」歌：アネット（CV：楠木ともり）ノンクレジット映像	https://www.youtube.com/watch?v=1HohY_Acqa4
TVアニメ「SYNDUALITY Noir」第7話挿入歌「眩惑Desire」	https://www.youtube.com/watch?v=SXVuYH3evW0
TVアニメ「スパイ教室」スペシャルエンディングテーマ「ドレス・ハート・ルージュ」歌：ティア（CV：上坂すみれ）ノンクレジット映像	https://www.youtube.com/watch?v=jSpAJnm3pBo
詩超絆（アニメ「BanG Dream! It's MyGO!!!!!」#10 挿入歌）	https://www.youtube.com/watch?v=QkG7tIGYgSw
TVアニメ「スパイ教室」スペシャルエンディングテーマ「Pausing Shutter」歌：モニカ（CV：悠木 碧）ノンクレジット映像	https://www.youtube.com/watch?v=0sfNffGaOw8
TVアニメ『ドロヘドロ』オープニングムービー │「Welcome トゥ 混沌」(K)NoW NAME	https://www.youtube.com/watch?v=02yq110QYuw
『特別編 響け！ユーフォニアム～アンサンブルコンテスト～』本編オープニング映像	https://www.youtube.com/watch?v=_PCo5z77Sto
無職転生2期ED／「無職転生Ⅱ ～異世界行ったら本気だす～」ノンクレジットエンディング／「ムスビメ」大原ゆい子	https://www.youtube.com/watch?v=zr19Xf-tH9o
無職転生2期OP／「無職転生Ⅱ ～異世界行ったら本気だす～」ノンクレジットオープニング／「spiral」LONGMAN	https://www.youtube.com/watch?v=_NIp8wvNXmM
TVアニメ『ゾン100～ゾンビになるまでにしたい100のこと～』ノンクレジットED│シユイ「ハピネス オブ ザ デッド」	https://www.youtube.com/watch?v=C6ufOc-buj0
春日影（アニメ「BanG Dream! It's MyGO!!!!!」#7 挿入歌）	https://www.youtube.com/watch?v=W8DCWI_Gc9c
碧天伴走（アニメ「BanG Dream! It's MyGO!!!!!」#7 挿入歌）	https://www.youtube.com/watch?v=daOrlURKl8c
TVアニメ『Helck』第1クール ノンクレジットED┃saji「スターチス」	https://www.youtube.com/watch?v=wLnJE8hTjZM
TVアニメ『Helck』第1クール ノンクレジットOP┃七海ひろき｢It’s My Soul｣	https://www.youtube.com/watch?v=mcyAS5BTnok
TVアニメ『賭ケグルイ××』オープニングムービー │「コノユビトマレ」JUNNA	https://www.youtube.com/watch?v=gXtq9fWh80c
『彼女、お借りします』第3期　Amber's「エンドロール」｜ノンクレジットエンディング	https://www.youtube.com/watch?v=hxce7PP61qo
『彼女、お借りします』第3期　halca「恋愛ミリフィルム」｜ノンクレジットオープニング	https://www.youtube.com/watch?v=7Ca6V5P11ZE
【スパイ教室】2nd season ノンクレジットエンディング映像「ニューサンス」♪sajou no hana	https://www.youtube.com/watch?v=zu9805-nW3I
TVアニメ『どろろ』第1クールオープニングムービー │「火炎」女王蜂	https://www.youtube.com/watch?v=vLrpJiV7gk0
TVアニメ『ゾンビランドサガ』オープニングムービー │「徒花ネクロマンシー」フランシュシュ	https://www.youtube.com/watch?v=XjDQVJq8dV4
TVアニメ『ライアー・ライアー』ノンクレジットOP映像	https://www.youtube.com/watch?v=q1J1XUfQQRU
TVアニメ『ライアー・ライアー』ノンクレジットED映像	https://www.youtube.com/watch?v=Qm-1115v_Fc
TVアニメ『ダークギャザリング』ノンクレジットエンディング映像	https://www.youtube.com/watch?v=gAJw5EXwCRQ
TVアニメ『英雄教室』 ノンクレジットED	https://www.youtube.com/watch?v=sWMhP3k7q94
TVアニメ『英雄教室』 ノンクレジットOP	https://www.youtube.com/watch?v=fI_6Vo7LI_Y
TVアニメ『ゾン100～ゾンビになるまでにしたい100のこと～』ノンクレジットOP│KANA-BOON「ソングオブザデッド」	https://www.youtube.com/watch?v=p4VFvyxAsSM
アニメ「七つの魔剣が支配する」ノンクレジットED映像	https://www.youtube.com/watch?v=x7bYsTs6W10
アニメ「七つの魔剣が支配する」ノンクレジットOP映像	https://www.youtube.com/watch?v=R-4iZGvMlgA
『彼女、お借りします』第2期　MIMiNARI「言えない feat.asmi」｜ノンクレジットエンディング	https://www.youtube.com/watch?v=L0WJcLVqsRk
『彼女、お借りします』第2期　CHiCO with HoneyWorks「ヒミツ恋ゴコロ」｜ノンクレジットオープニング	https://www.youtube.com/watch?v=uwICTsL_ijw
【スパイ教室】2nd season ノンクレジットオープニング映像「楽園」♪nonoc	https://www.youtube.com/watch?v=kFCreo_a0ts
TVアニメ『悲劇の元凶となる最強外道ラスボス女王は民の為に尽くします。』ノンクレジットエンディング映像｜チョーキューメイ「PRIDE」	https://www.youtube.com/watch?v=wzBeHyjZj5A
TVアニメ『BANANA FISH』第2クールオープニング・ムービー │「FREEDOM」BLUE ENCOUNT	https://www.youtube.com/watch?v=JzwEjjc4rEY
TVアニメ『夢見る男子は現実主義者』ノンクレジットエンディング映像	https://www.youtube.com/watch?v=BgVY3X26sV8
TVアニメ『白聖女と黒牧師』ノンクレジットオープニング｜ClariS「コイセカイ」	https://www.youtube.com/watch?v=xaXHLablJJE
TVアニメ『白聖女と黒牧師』ノンクレジットエンディング｜ササノマリイ「トコシエスタ」	https://www.youtube.com/watch?v=bYzi5MYoytI
アニメ「わたしの幸せな結婚」 ノンクレジットエンディング｜伊東歌詞太郎「ヰタ・フィロソフィカ	https://www.youtube.com/watch?v=4grfbcZDPMs
アニメ「わたしの幸せな結婚」 ノンクレジットオープニング｜りりあ。「貴方の側に。」	https://www.youtube.com/watch?v=22snn05aEyQ
「自動販売機に生まれ変わった俺は迷宮を彷徨う」ノンクレジットオープニングBRADIO「ファンファーレ」	https://www.youtube.com/watch?v=87D-s8-sALY
『彼女、お借りします』第1期　halca「告白バンジージャンプ」｜ノンクレジットエンディング	https://www.youtube.com/watch?v=BjQ0uUksxCc
『彼女、お借りします』第1期　the peggies「センチメートル」｜ノンクレジットオープニング	https://www.youtube.com/watch?v=DzQ7s2KkbCk
TVアニメ『BANANA FISH』第1クールオープニング・ムービー │「found&lost」Survive Said The Prophet	https://www.youtube.com/watch?v=VekCU4YJiR8
TVアニメ「好きな子がめがねを忘れた」ノンテロップオープニング｜綴「NAME」	https://www.youtube.com/watch?v=mpWnhkMLIu4
TVアニメ「好きな子がめがねを忘れた」ノンテロップエンディング｜マサヨシがめがねを忘れた（小村くんと三重さんとオーイシマサヨシ）「メガネゴーラウンド」	https://www.youtube.com/watch?v=1z4-0Mi4t5s
【政宗くんのリベンジR】ノンクレジットエンディング｜ChouCho「twilight little star」	https://www.youtube.com/watch?v=Ax2KJypYpvA
TVアニメ『ダークギャザリング』ノンクレジットオープニング映像	https://www.youtube.com/watch?v=8STQ4ML0Y7E
TVアニメ『死神坊ちゃんと黒メイド』第2期 OP映像（坊ちゃん（CV. 花江夏樹）＆アリス（CV. 真野あゆみ）／君とレヴュー）	https://www.youtube.com/watch?v=uks6ZAPQ-E4
TVアニメ『死神坊ちゃんと黒メイド』第2期 ED映像（なすお☆／星屑レクイエム）	https://www.youtube.com/watch?v=DJQGufwtvbE
【ノンクレジットOP】TVアニメ『てんぷる』／ 愛美「煩悩☆パラダイス」	https://www.youtube.com/watch?v=LXVto0cY5Xg
【ノンクレジットED1】TVアニメ『てんぷる』／ 「おいでませ！三日月寺」結月(CV.愛美)、月夜(CV.芹澤優)、海月(CV.山下七海)、ミア(CV.朝日奈丸佳)、カグラ(CV.上坂すみれ)	https://www.youtube.com/watch?v=2RSP1ouOSoE
TVアニメ『BLEACH 千年血戦篇-訣別譚-』ノンクレジットオープニングムービー／２０２３年７月8日よりテレビ東京系列ほかにて放送中	https://www.youtube.com/watch?v=TGTYrh-kFbA
GReeeeN / 勿忘草　【TVアニメ「AIの遺電子」エンディングテーマ】	https://www.youtube.com/watch?v=m-nhjGm7j08
TVアニメ『AIの遺電子』OP映像 | Aile The Shota / No Frontier	https://www.youtube.com/watch?v=47uGHvp10kI
TVアニメ『牙狼＜GARO＞-VANISHING LINE-』第2クールオープニングムービー │「HOWLING SWORD」喜多 修平	https://www.youtube.com/watch?v=l0ye7LyEw6c
TVアニメ『るろうに剣心 －明治剣客浪漫譚－』第一クールED映像｜Reol「切っ先」	https://www.youtube.com/watch?v=6JR3ZpW24iM
TVアニメ『るろうに剣心 －明治剣客浪漫譚－』第一クールOP映像｜AyaseR-指定「飛天」	https://www.youtube.com/watch?v=vAKBZeQklQw
TVアニメ『悲劇の元凶となる最強外道ラスボス女王は民の為に尽くします。』ノンクレジットオープニング映像｜月詠み「救世主」	https://www.youtube.com/watch?v=yA9RY-DW6xY
TVアニメ『呪術廻戦』第2期「懐玉・玉折」ノンクレジットEDムービー／EDテーマ：崎山蒼志「燈」｜毎週木曜夜11時56分～MBS/TBS系列全国28局にて放送開始!!	https://www.youtube.com/watch?v=ZSLmP-af8W0
TVアニメ『呪術廻戦』第2期「懐玉・玉折」ノンクレジットOPムービー／OPテーマ：キタニタツヤ「青のすみか」｜毎週木曜夜11時56分～MBS/TBS系列全国28局にて放送中!!	https://www.youtube.com/watch?v=gcgKUcJKxIs
TVアニメ『牙狼＜GARO＞-VANISHING LINE-』第1クールオープニングムービー │「EMG」JAM Project	https://www.youtube.com/watch?v=bGjENfyuXC4
「自動販売機に生まれ変わった俺は迷宮を彷徨う」ノンクレジットエンディングPeel the Apple「いつものスープ」	https://www.youtube.com/watch?v=2NOqBO0OWvs
TV アニメ『おかしな転生』ノンクレジットオープニング映像｜sana（sajou no hana）「Brand new day」	https://www.youtube.com/watch?v=PSrI6V3Prg4
TV アニメ『おかしな転生』ノンクレジットエンディング映像｜YuNi「風味絶佳」	https://www.youtube.com/watch?v=1_pVgTKONWU
【政宗くんのリベンジR】ノンクレジットオープニング｜大橋彩香「Please, please!」	https://www.youtube.com/watch?v=dIQnjNzA7ec
アニメ『ライザのアトリエ ～常闇の女王と秘密の隠れ家～』ノンクレジットエンディング｜Awkmiu「アロー」	https://www.youtube.com/watch?v=lAsBsLTpr-M
アニメ『ライザのアトリエ ～常闇の女王と秘密の隠れ家～』ノンクレジットオープニング｜三月のパンタシア「ゴールデンレイ」	https://www.youtube.com/watch?v=Hs-PyeaIELE
TVアニメ『実は俺、最強でした？』 ノンクレジット オープニング映像 ｜ Lezel 「リセット ライフ？」	https://www.youtube.com/watch?v=vxZxZ9aYqIw
TVアニメ『実は俺、最強でした？』 ノンクレジット エンディング映像 ｜ Star★Shiμ'ne!!! 「ひみCHU★プリラブマジック」	https://www.youtube.com/watch?v=nPE_v97gMIA
「ひろがるスカイ！プリキュア」後期エンディング主題歌「Dear Shine Sky」(ノンテロップver)	https://www.youtube.com/watch?v=tRe0cu2YPXk
TVアニメ『うちの会社の小さい先輩の話』ノンクレジットオープニング映像｜小林柊矢「HONEY」	https://www.youtube.com/watch?v=OiILAodwXyI
TVアニメ『うちの会社の小さい先輩の話』ノンクレジットエンディング映像｜♪由薫「sugar」	https://www.youtube.com/watch?v=XGN8g1k18FE
『機動戦士ガンダム 水星の魔女』Season2 オープニング映像（ノンクレジット／第23話～）｜yama「slash」	https://www.youtube.com/watch?v=bJa4Fwi5X9g
TVアニメ『いぬやしき』オープニングムービー │「My Hero」MAN WITH A MISSION	https://www.youtube.com/watch?v=cYciY8Y8Y8s
春日影（アニメ「BanG Dream! It's MyGO!!!!!」#3 挿入歌）	https://www.youtube.com/watch?v=wRwQUk0Dl30
「栞」（アニメ「BanG Dream! It's MyGO!!!!!」エンディング映像）	https://www.youtube.com/watch?v=fXk4czRGl4E
TVアニメ『賭ケグルイ』オープニングムービー │「Deal with the devil」Tia	https://www.youtube.com/watch?v=g04QC2Ewnl4
【アニメ】「アイドルマスター シンデレラガールズ U149」第12話ノンクレジットエンディング「グッデイ・グッナイ」【アイドルマスター】	https://www.youtube.com/watch?v=5lKi5ZW2elE
【推しの子】STAR☆T☆RAIN/新生B小町【第十一話「アイドル」挿入歌】	https://www.youtube.com/watch?v=S-UmqvA7uR8
「アンデッドガール・マーダーファルス」ノンクレジットED／Anna「reversal」	https://www.youtube.com/watch?v=gYIO2I2XQjM
「アンデッドガール・マーダーファルス」ノンクレジットOP／CLASS:y「Crack-Crack-Crackle」	https://www.youtube.com/watch?v=0Hii2fjdiyk
TVアニメ『牙狼-紅蓮ノ月-』第2クールオープニングムービー │「月華」JAM Project	https://www.youtube.com/watch?v=PqrQ-PsaobU
TVアニメ『牙狼-紅蓮ノ月-』第1クールオープニングムービー │「紅蓮ノ月～隠されし闇物語～」JAM Project	https://www.youtube.com/watch?v=ueSoLx8KZNY
TVアニメ『牙狼＜GARO＞ -炎の刻印-』第2クールオープニングムービー │「B.B.」JAM Project	https://www.youtube.com/watch?v=wkkodE-GoUM
【アニメ】「アイドルマスター シンデレラガールズ U149」第11話ノンクレジットエンディング「to you for me」【アイドルマスター】	https://www.youtube.com/watch?v=WT7UH3hIDkY
TVアニメ『牙狼＜GARO＞ -炎の刻印-』第1クールオープニングムービー │「炎ノ刻印-DIVINE FLAME-」JAM Project	https://www.youtube.com/watch?v=e-tHE6iTP2Y
【アニメ】「アイドルマスター シンデレラガールズ U149」第10話ノンクレジットエンディング「グッデイ・グッナイ」【アイドルマスター】	https://www.youtube.com/watch?v=aYL2cm2WCes
【推しの子】Full moon…!/有馬かな【第九話「B小町」挿入歌】	https://www.youtube.com/watch?v=shEwhe3sDpo
【推しの子】ピーマン体操/有馬かな【第九話「B小町」挿入歌】	https://www.youtube.com/watch?v=BPvD-dfIiEs
TVアニメ『残響のテロル』オープニングムービー │「Trigger」Yuuki Ozaki(from Galileo Galilei)	https://www.youtube.com/watch?v=rpFZVutj238
アニメ「青のオーケストラSeason1」ノンクレジットエンディング 夕さりのカノン feat.『ユイカ』	https://www.youtube.com/watch?v=4L5e4M2YpkQ
【アニメ】「アイドルマスター シンデレラガールズ U149」第9話ノンクレジットエンディング「ひまわりマークをさがせ！」【アイドルマスター】	https://www.youtube.com/watch?v=mPfIZjPIg_Q
TVアニメ『坂道のアポロン』オープニングムービー │「坂道のメロディ」YUKI	https://www.youtube.com/watch?v=LsIPMcM3bHg
【アニメ】「アイドルマスター シンデレラガールズ U149」第８話ノンクレジットエンディング「あこがれステッチ」【アイドルマスター】	https://www.youtube.com/watch?v=qEz51Ifi9v4
【公式】『レガリア The Three Sacred Stars』OP主題歌 TRUE「Divine Spell」ノンクレジット映像	https://www.youtube.com/watch?v=WSuRrCuTJos
【公式】『レガリア The Three Sacred Stars』ED主題歌 Minami「Patria」ノンクレジット映像	https://www.youtube.com/watch?v=K_ED_BKKukU
「壱雫空」（アニメ「BanG Dream! It's MyGO!!!!!」オープニング映像）	https://www.youtube.com/watch?v=_CraJ8654Bg
『君は放課後インソムニア』第7話ノンクレジットエンディング映像｜Homecomings「ヘルツ」	https://www.youtube.com/watch?v=RKCAhfN5e90
【アニメ】「アイドルマスター シンデレラガールズ U149」第7話ノンクレジットエンディング「お願い！シンデレラ 古賀小春ソロ・リミックス」【アイドルマスター】	https://www.youtube.com/watch?v=hB0Wc2a8ckY
【青のオーケストラ6話　聴きドコロ♪】秋音律子、成長している！？ 「カノン」	https://www.youtube.com/watch?v=otpdN1_wt6E
【アニメ】「アイドルマスター シンデレラガールズ U149」第6話ノンクレジットエンディング「ACE」【アイドルマスター】	https://www.youtube.com/watch?v=xrtoaQjxoNE
【青のオーケストラ5話　聴きドコロ♪】「四季」より＜春＞	https://www.youtube.com/watch?v=3I78BkklkDk
【アニメ】「アイドルマスター シンデレラガールズ U149」第5話ノンクレジットエンディング「GEMSTONE」【アイドルマスター】	https://www.youtube.com/watch?v=QuFkKeRv5m4
TVアニメ『異世界はスマートフォンとともに。2』ノンクレジットED映像	https://www.youtube.com/watch?v=3lc20vl-f2Y
TVアニメ『地獄楽』ノンクレジットオープニング │「Ｗ●ＲＫ」millennium parade × 椎名林檎	https://www.youtube.com/watch?v=yRAHUJQjCVU
TVアニメ『天国大魔境』ノンクレジットED映像（特別版）｜マル（CV. 佐藤元）＆キルコ（CV. 千本木彩花）「誰も彼も何処も何も知らない」	https://www.youtube.com/watch?v=5ZzJcLxrrvM
【青のオーケストラ3話　聴きドコロ♪】  スッペ 「軽騎兵」序曲	https://www.youtube.com/watch?v=TT3HdoJNO4A
『PSYCHO-PASS サイコパス Sinners of the System case.3 恩讐の彼方に___』OP	https://www.youtube.com/watch?v=lo_AEDQBeoA
「PSYCHO-PASS サイコパス 2」OPテーマ	https://www.youtube.com/watch?v=wxG6X7aMQGI
「PSYCHO-PASS サイコパス」2クール目OPテーマ	https://www.youtube.com/watch?v=SJ-aUXmJM8Q
『PSYCHO PASS サイコパス 3 FIRST INSPECTOR』OP	https://www.youtube.com/watch?v=urgcyfh0JjY
「PSYCHO-PASS サイコパス」1クール目OPテーマ	https://www.youtube.com/watch?v=daQkx-Jwq2g
『劇場版 PSYCHO-PASS サイコパス』主題歌	https://www.youtube.com/watch?v=QWkadIlZmEM
「PSYCHO-PASS サイコパス 3」OPテーマ	https://www.youtube.com/watch?v=2kp6O5IG92A
【アニメ】「アイドルマスター シンデレラガールズ U149」第4話ノンクレジットエンディング「愛の讃歌」【アイドルマスター】	https://www.youtube.com/watch?v=rjKCYkuZTYI
TVアニメ『異世界はスマートフォンとともに。2』ノンクレジットOP映像	https://www.youtube.com/watch?v=nBC8cVy3PGw
【公式】『はたらく魔王さま！！』1st Season OP主題歌 栗林みな実「WITH」ノンクレジット映像	https://www.youtube.com/watch?v=D9Ue7oL_hWY
TVアニメ『神無き世界のカミサマ活動』ノンクレジットED	https://www.youtube.com/watch?v=FmnK-LnBt7Q
TVアニメ『神無き世界のカミサマ活動』ノンクレジットOP	https://www.youtube.com/watch?v=0hMz1J6EWWc
【アニメ】「アイドルマスター シンデレラガールズ U149」第3話ノンクレジットエンディング「Romantic Now」【アイドルマスター】	https://www.youtube.com/watch?v=u_V_hC7B7QA
【推しの子】ノンクレジットオープニング｜YOASOBI「アイドル」	https://www.youtube.com/watch?v=PgBvV9ofjmA
【推しの子】ノンクレジットエンディング｜女王蜂「メフィスト」	https://www.youtube.com/watch?v=0saw1cGIl1A
TVアニメ『この素晴らしい世界に爆焔を！』 ノンクレジットED	https://www.youtube.com/watch?v=WrSqD9ArWjo
TVアニメ『君は放課後インソムニア』ノンクレジットエンディング映像｜Homecomings「ラプス」	https://www.youtube.com/watch?v=918yC2flY3I
TVアニメ「ワールドダイスター」ノンクレジットエンディング	https://www.youtube.com/watch?v=VxWVO5MlQu0
TVアニメ「ワールドダイスター」ノンクレジットオープニング	https://www.youtube.com/watch?v=NkYlXstlNYQ
アニメ『ウマ娘 プリティーダービー ROAD TO THE TOP』主題歌「Glorious Moment！」ノンテロップ映像	https://www.youtube.com/watch?v=km0-E99w8f0
【青のオーケストラ2話　聴きドコロ♪】パッヘルベル「カノン」	https://www.youtube.com/watch?v=rv6TYIQ5u_Q
『名探偵コナン』ノンクレジットOP[RUM ノンシルエットVer.]×【WANDS 「RAISE INSIGHT」】(2023)│"DETECTIVE CONAN" OP Secret Ver.	https://www.youtube.com/watch?v=3-b1mlmW9sk
『機動戦士ガンダム 水星の魔女』Season2 エンディング映像（ノンクレジット）｜アイナ・ジ・エンド「Red:birthmark」	https://www.youtube.com/watch?v=YvYiAqC3Mb8
TVアニメ「江戸前エルフ」ノンクレジットED│Cody・Lee(李)「おどる ひかり」	https://www.youtube.com/watch?v=y68I1GeXESk
【ノンクレジットED】TVアニメ「魔法少女マジカルデストロイヤーズ」／ The 13th tailor「Gospelion in a classic love」	https://www.youtube.com/watch?v=fFUd1_H8fFI
TVアニメ「マッシュル-MASHLE-」ノンクレジットOPムービー｜岡崎体育「Knock Out」	https://www.youtube.com/watch?v=SzOWbrTG_kE
TVアニメ「王様ランキング 勇気の宝箱」PEOPLE 1「GOLD」オープニングノンクレジット映像	https://www.youtube.com/watch?v=n67lKuVXMs8
【アニメ】「アイドルマスター シンデレラガールズ U149」第2話ノンクレジットエンディング「みんなのきもち」【アイドルマスター】	https://www.youtube.com/watch?v=977O0CVLZWQ
【アニメ】「アイドルマスター シンデレラガールズ U149」ノンクレジットオープニング「Shine In The Sky☆」【アイドルマスター】	https://www.youtube.com/watch?v=7hOZPtgp6_A
TVアニメ『異世界でチート能力を手にした俺は、現実世界をも無双する ～レベルアップは人生を変えた～』ノンテロップエンディング映像	https://www.youtube.com/watch?v=19yFDqvVnN8
【東京ミュウミュウ にゅ～】藍沢みんとキャラソン「ワタクシ・オリジナル」【本編映像】	https://www.youtube.com/watch?v=fhipjrYGcWE
TVアニメ「スキップとローファー」ノンクレジットエンディング映像│逢田梨香子「ハナウタとまわり道」	https://www.youtube.com/watch?v=OT553CVWyO8
TVアニメ「くまクマ熊ベアーぱーんち！」ノンクレジットED	https://www.youtube.com/watch?v=pi2kykmuv-w
アニメ「青のオーケストラSeason1」ノンクレジットオープニング　Novelbright「Cantabile」	https://www.youtube.com/watch?v=1BkadFixBX4
TVアニメ『転生貴族の異世界冒険録』ノンクレジットOP映像/内田彩「Preview」	https://www.youtube.com/watch?v=f9YfzcNCxXQ
TVアニメ『君は放課後インソムニア』ノンクレジットオープニング映像｜aiko「いつ逢えたら」	https://www.youtube.com/watch?v=j0dQmivkJTw
TVアニメ『転生貴族の異世界冒険録』ノンクレジットED映像/ナナランド「七色の絵の具で」	https://www.youtube.com/watch?v=IVwmUfAapvo
TVアニメ『事情を知らない転校生がグイグイくる。』ノンクレジットOP【近藤玲奈「アルコルとポラリス」】	https://www.youtube.com/watch?v=UuAPKSBxE8c
『機動戦士ガンダム 水星の魔女』Season2 オープニング映像（ノンクレジット）｜yama「slash」	https://www.youtube.com/watch?v=0Zmt74GeVpY
TVアニメ「僕の心のヤバイやつ」ノンクレジットED映像｜こはならむ「数センチメンタル」	https://www.youtube.com/watch?v=ql9o0oo4OBc
TVアニメ『天国大魔境』ノンクレジットエンディング映像 ｜ASOBI同盟「誰も彼も何処も何も知らない」	https://www.youtube.com/watch?v=SlFX6uiszjY
TVアニメ『天国大魔境』ノンクレジットオープニング映像 ｜BiSH「innocent arrogance」	https://www.youtube.com/watch?v=GuAcdIqcanA
TVアニメ『異世界でチート能力を手にした俺は、現実世界をも無双する ～レベルアップは人生を変えた～』ノンテロップオープニング映像	https://www.youtube.com/watch?v=Wbau6pUuLa4
TVアニメ「江戸前エルフ」ノンクレジットOP│ナナヲアカリ「奇縁ロマンス」	https://www.youtube.com/watch?v=VXEpLEK75V8
【ノンクレジットOP】TVアニメ「魔法少女マジカルデストロイヤーズ」／ 愛美「MAGICAL DESTROYER」	https://www.youtube.com/watch?v=lEOrYZhMsvw
TVアニメ「マッシュル-MASHLE-」ノンクレジットEDムービー｜フィロソフィーのダンス「シュークリーム・ファンク」	https://www.youtube.com/watch?v=RUY9dMkpBAI
TVアニメ「カワイスギクライシス」ノンクレジットOP｜超学生「スペースキャットビッグバン」	https://www.youtube.com/watch?v=rroreoEX4IY
TVアニメ「カワイスギクライシス」ノンクレジットED①｜DIALOGUE＋「にゃんぼりーdeモッフィー!!」	https://www.youtube.com/watch?v=7wg_xtcwrQA
【公式】『私の百合はお仕事です！』ED主題歌 白鷺陽芽（CV.小倉 唯）＆綾小路美月（CV.上坂すみれ）「夢が覚めても」ノンクレジット映像	https://www.youtube.com/watch?v=qW1_C-ylhOU
TVアニメ『この素晴らしい世界に爆焔を！』 ノンクレジットOP	https://www.youtube.com/watch?v=7j_0RGyqsiA
【公式】『私の百合はお仕事です！』OP主題歌 小倉 唯「秘密Melody」ノンクレジット映像	https://www.youtube.com/watch?v=DXHqGrX6jMo
「魔法使いの嫁 SEASON2」ノンクレジットエンディング映像 / The Ancient Magus' Bride SEASON2 Ending / 「無伴奏」edda	https://www.youtube.com/watch?v=wltuFNsoYaI
「魔法使いの嫁 SEASON2」ノンクレジットオープニング映像 / The Ancient Magus' Bride SEASON2 Opening / 「Dear」JUNNA	https://www.youtube.com/watch?v=Q3QPWINIX_g
【アニメ】「アイドルマスター シンデレラガールズ U149」第1話ノンクレジットエンディング「よりみちリトルスター」【アイドルマスター】	https://www.youtube.com/watch?v=8NsrEm_m2Oc
【東京ミュウミュウ にゅ～】第2期ED「Cαn-do Dreamer」ノンテロップ映像	https://www.youtube.com/watch?v=jf_UjFzF1eQ
【東京ミュウミュウ にゅ～】第2期OP「めがもるふぉ～ぜ」ノンテロップ映像	https://www.youtube.com/watch?v=qDNfoYa_JBk
TVアニメ「スキップとローファー」ノンクレジットオープニング映像│須田景凪「メロウ」	https://www.youtube.com/watch?v=PJirQlsWemk
TVアニメ「くまクマ熊ベアーぱーんち！」ノンクレジットOP	https://www.youtube.com/watch?v=EqC6YJY5jTQ
TVアニメ「ヴィンランド・サガ」SEASON 2 第2クール ノンクレジットオープニングムービー/ 2nd Cour Textless Opening Video	https://www.youtube.com/watch?v=mm-BT_PreFo
TVアニメ「ヴィンランド・サガ」SEASON 2 第2クール ノンクレジットオープニングムービー/ 2nd Cour Textless Opening Video	https://www.youtube.com/watch?v=0YT3NTiZKDw
TVアニメ『マイホームヒーロー』ノンクレジットOP映像│オープニングテーマ：「愛の歌」／藤川千愛	https://www.youtube.com/watch?v=rUr8oN-wcG0
TVアニメ『マイホームヒーロー』ノンクレジットED映像│エンディングテーマ：「Decided」／Dizzy Sunfist	https://www.youtube.com/watch?v=q1c7FGb6R9Y
TVアニメ「僕の心のヤバイやつ」ノンクレジットOP映像｜ヨルシカ「斜陽」	https://www.youtube.com/watch?v=Za2FmwuIEwY
TVアニメ『地獄楽』ノンクレジットオープニング │「Ｗ●ＲＫ」millennium parade × 椎名林檎	https://www.youtube.com/watch?v=RS94j08yIHs
TVアニメ『地獄楽』ノンクレジットエンディング │「紙一重」 Uru	https://www.youtube.com/watch?v=pyvpg2mK5Do
TVアニメ「スパイ教室」スペシャルエンディングテーマ「偽りない幸福を」歌：グレーテ（CV：伊藤美来）ノンクレジット映像	https://www.youtube.com/watch?v=zC6EJrPwNXw
アニメ「トニカクカワイイ（シーズン2 ）」ノンテロップOP	https://www.youtube.com/watch?v=U0KdJLb4g7o
RWBY 氷雪帝国 [ファイナル・カット]　ノンクレジットOP	https://www.youtube.com/watch?v=v6x-ssO9Klg
TVアニメ「SHIROBAKO」OP2　映像	https://www.youtube.com/watch?v=iONLoEiWkX0
TVアニメ「ジョジョの奇妙な冒険 スターダストクルセイダース」 OP2　映像	https://www.youtube.com/watch?v=JlVpQucPS-o
アニメ「ストライク・ザ・ブラッド OVA」 OP映像	https://www.youtube.com/watch?v=QShFxOyEgdY
TVアニメ「ジョジョの奇妙な冒険 ダイヤモンドは砕けない」 OP2　映像	https://www.youtube.com/watch?v=bFFtHGDGpXc
TVアニメ「ジョジョの奇妙な冒険 ダイヤモンドは砕けない」 OP3　映像	https://www.youtube.com/watch?v=Zx_rFZhJCB0
TVアニメ「食戟のソーマ　弐ノ皿」 OP映像	https://www.youtube.com/watch?v=zceo8N5Tirk
アニメ「ストライク・ザ・ブラッドⅡ」 OP映像	https://www.youtube.com/watch?v=ioQl5e4-7rk
TVアニメ「食戟のソーマ　餐ノ皿」 OP映像	https://www.youtube.com/watch?v=mxhjTtg9XLA
TVアニメ「Lostorage conflated WIXOSS」 OP映像	https://www.youtube.com/watch?v=vPMbsiCYpIc
アニメ「ストライク・ザ・ブラッドⅢ」 OP映像	https://www.youtube.com/watch?v=L5-C-GN4JCU
TVアニメ「ダンジョンに出会いを求めるのは間違っているだろうかⅡ」 OP映像	https://www.youtube.com/watch?v=0ux5Mrn4XbU
TVアニメ「食戟のソーマ　神ノ皿」 OP映像	https://www.youtube.com/watch?v=2G0KMXyLSrA
TVアニメ「食戟のソーマ　豪ノ皿」 OP映像	https://www.youtube.com/watch?v=9NuuaF_bz48
アニメ「ストライク・ザ・ブラッドⅣ」 OP映像	https://www.youtube.com/watch?v=rjzC2BiY2WM
TVアニメ「アクセル・ワールド」OP2　映像	https://www.youtube.com/watch?v=5ZF6pdS5Wmo
TVアニメ「リトルバスターズ！～Refrain～」 OP映像	https://www.youtube.com/watch?v=kHq6S6tvQlY
TVアニメ「ジョジョの奇妙な冒険」 OP2　映像	https://www.youtube.com/watch?v=e0yrZXSXTSg
TVアニメ「ストライク・ザ・ブラッド」 OP2　映像	https://www.youtube.com/watch?v=rfZL61nGIOs
TVアニメ「selector infected WIXOSS」 OP映像	https://www.youtube.com/watch?v=-LqPw4pmKNM
TVアニメ「白銀の意思 アルジェヴォルン」 OP映像	https://www.youtube.com/watch?v=GlTP60_AErU
TVアニメ「食戟のソーマ」 OP2　映像	https://www.youtube.com/watch?v=ugJS3FbCYcs
TVアニメ「赤髪の白雪姫」 OP2　映像	https://www.youtube.com/watch?v=e8CG3b2CLQk
TVアニメ「GATE 自衛隊 彼の地にて、斯く戦えり」 OP2　映像	https://www.youtube.com/watch?v=46cNW3m4gHg
TVアニメ「ヘヴィーオブジェクト」 OP2　映像	https://www.youtube.com/watch?v=_YTz5AWt4sE
TVアニメ「ハイスコアガールⅡ」OP映像	https://www.youtube.com/watch?v=Pe_KzAcPuyk
TVアニメ 「100万の命の上に俺は立っている」 OP2　映像	https://www.youtube.com/watch?v=S63efU2spU4
TVアニメ「ジョジョの奇妙な冒険 黄金の風」 OP2　映像	https://www.youtube.com/watch?v=kbjr3JIuOtY
TVアニメ「食戟のソーマ　餐ノ皿」 OP2　映像	https://www.youtube.com/watch?v=_ujHeE4sMqk
TVアニメ「グリザイアの楽園」OP映像（刹那の果実 ／ 黒崎真音）【NBC Anime&Music30周年記念OP/ED毎日投稿企画】	https://www.youtube.com/watch?v=t-BpXrYzoQM
TVアニメ「グリザイアの果実」OP映像（ 楽園の翼／黒崎真音）【NBC Anime&Music30周年記念OP/ED毎日投稿企画】	https://www.youtube.com/watch?v=LXht5Pdv1Uk
TVアニメ「わかば*ガール」OP映像（初めてカールス!／Ray）【NBC Anime&Music30周年記念OP/ED毎日投稿企画】	https://www.youtube.com/watch?v=_iwSNfQxOek
TVアニメ「ゲーマーズ!」OP映像（GAMERS!／天道花燐、星ノ守千秋、亜玖璃）【NBC Anime&Music30周年記念OP/ED毎日投稿企画】	https://www.youtube.com/watch?v=A1Gp1U2YF48
TVアニメ「カーリッシュ ナンハー」ED映像（今は短し夢見よ乙女／カーリッシュナンハー）【NBC Anime&Music30周年記念OP/ED毎日投稿企画】	https://www.youtube.com/watch?v=jH7T0MJ9GTI
TVアニメ「ガーリッシュ ナンバー」第1話特別OP映像（決意のタイヤ／ kohaluna）【NBC Anime&Music30周年記念OP/ED毎日投稿企画】	https://www.youtube.com/watch?v=XeiY_9MNsOY
TVアニメ「ガーリッシュ ナンバー」OP映像（Bloom／ガーリッシュ ナンバー）【NBC Anime&Music30周年記念OP/ED毎日投稿企画】	https://www.youtube.com/watch?v=VLSqsJnLotk
TVアニメ「アキバ冥途戦争」第1話挿入歌／『純情メイドぶっころ主KISS』	https://www.youtube.com/watch?v=mbwxzFY0RI0
TVアニメ「アキバ冥途戦争」第5話挿入歌／『一生女の子宣言☆』	https://www.youtube.com/watch?v=_Y2tWoyBE4Y
TVアニメ「アキバ冥途戦争」第12話挿入歌／『一生女の子宣言☆』	https://www.youtube.com/watch?v=RSF65yVFRTw
TVアニメ「アキバ冥途戦争」第8話挿入歌／『ゆえに背脂は輝く』	https://www.youtube.com/watch?v=0OdmTVnk9do
TVアニメ「うらら迷路帖」ED映像（ go to Romance＞＞＞＞＞／Luce Twinkle Wink☆）【NBC Anime&Music30周年記念OP/ED毎日投稿企画】	https://www.youtube.com/watch?v=4TlBi6xJMeM
TVアニメ「うらら迷路帖」OP映像（夢路らひりんす／らひりんす）【NBC Anime&Music30周年記念OP/ED毎日投稿企画】	https://www.youtube.com/watch?v=bRsffdJvdIg
TVアニメ「れでぃ×ばと!」OP映像（ LOVE × HEAVEN／彩京朋美、セルニア=伊織=フレイムハート、大地薫、四季鏡早苗）【NBC Anime&Music30周年記念OP/ED毎日投稿企画】	https://www.youtube.com/watch?v=4GkGI7VfoZw
TVアニメ「エレメンタル ジェレイド」OP映像（Forever...／savage genius）【NBC Anime&Music30周年記念OP/ED毎日投稿企画】	https://www.youtube.com/watch?v=ufTTGXzF-5w
TVアニメ「スパイ教室」スペシャルエンディングテーマ「SPARKLEscape」歌：サラ（CV：佐倉綾音）ノンクレジット映像	https://www.youtube.com/watch?v=hCwsec4I538
TVアニメ「スパイ教室」スペシャルエンディングテーマ「DON'T」歌：ジビア（CV：東山奈央）ノンクレジット映像	https://www.youtube.com/watch?v=TZ1YoIT9qBA
TVアニメ「ばくおん!!」OP映像（FEEL×ALIVE／佐咲紗花）【NBC Anime&Music30周年記念OP/ED毎日投稿企画】	https://www.youtube.com/watch?v=FdGQTtdnEJQ
「ひろがるスカイ！プリキュア」エンディング主題歌「ヒロガリズム」(ノンテロップver)	https://www.youtube.com/watch?v=t8UtEPaq2Og
「ひろがるスカイ！プリキュア」オープニング主題歌「ひろがるスカイ！プリキュア ～Hero Girls～」(ノンテロップver)	https://www.youtube.com/watch?v=PuJMfePEKr4
TVアニメ「失格紋の最強賢者」OP映像（ Leap of faith／fripside）【NBC Anime&Music30周年記念OP/ED毎日投稿企画】	https://www.youtube.com/watch?v=RIT7v5DntJ8
TVアニメ「スパイ教室」ノンクレジットエンディング映像「Secret Code」♪鈴木このみ	https://www.youtube.com/watch?v=Uq3NXQl0JbY
TVアニメ「戦う司書 The Book of Bantorra」後期OP映像（星彩のRipieno／佐咲紗花）【NBC Anime&Music30周年記念OP/ED毎日投稿企画】	https://www.youtube.com/watch?v=XDeBy-NozrU
TVアニメ「戦う司書 The Book of Bantorra」OP映像（ 堕天國宣戦／ALI PROJECT）【NBC Anime&Music30周年記念OP/ED毎日投稿企画】	https://www.youtube.com/watch?v=bS7zYKG_B-k
TVアニメ『ブルーロック』2クール目ノンクレジットED映像|UNISON SQUARE GARDEN「Numbness like a ginger」	https://www.youtube.com/watch?v=K-XH333Tofo
【SSSS.GRIDMAN】ノンクレジットOP／ OxT - UNION [clean OP]	https://www.youtube.com/watch?v=ku6Lz0dlTfs
【SSSS.GRIDMAN】ノンクレジットED／ 内田真礼 - youthful beautiful [clean ED]	https://www.youtube.com/watch?v=QajmrUjqoD0
TVアニメ「スパイ教室」スペシャルエンディングテーマ「Fool on the secret」歌：エルナ（CV：水瀬いのり）ノンクレジット映像	https://www.youtube.com/watch?v=3dZ_vpsbIiA
TVアニメ「スパイ教室」ノンクレジットオープニング映像「灯火」♪nonoc	https://www.youtube.com/watch?v=NeEW7LsJd50
TVアニメ「がっこうぐらし！」ED映像（ ハーモナイス・クローハー／黒崎真音）【NBC Anime&Music30周年記念OP/ED毎日投稿企画】	https://www.youtube.com/watch?v=ClzF5oTBZbI
TVアニメ「がっこうぐらし！」OP映像（ふ・れ・ん・と・し・た・い／学園生活部）【NBC Anime&Music30周年記念OP/ED毎日投稿企画】	https://www.youtube.com/watch?v=nxJzfHVIiSM
『僕のヒーローアカデミア』6期第2クールノンクレジットオープニング映像／OPテーマ：「ぼくらの」Eve／ヒロアカOP	https://www.youtube.com/watch?v=bzNXDsfqfVs
【ノンクレジットOP映像】TVアニメ『痛いのは嫌なので防御力に極振りしたいと思います。2』純情のアフィリア「この盾に、隠れます。」	https://www.youtube.com/watch?v=e5bu-vC6uTM
【ノンクレジットED映像】TVアニメ『痛いのは嫌なので防御力に極振りしたいと思います。2』FRAM「Step for Joy」	https://www.youtube.com/watch?v=SNK_3sY3Jgg
TVアニメ「異世界のんびり農家」OPノンクレジット映像/"Farming Life in Another World" Opening	https://www.youtube.com/watch?v=lXv2bFPmeA8
TVアニメ「異世界のんびり農家」EDノンクレジット映像/"Farming Life in Another World" Ending	https://www.youtube.com/watch?v=DFf1gl1vUW0
TVアニメ「寄宿学校のジュリエット」OP映像（ Love with You／fripSide）【NBC Anime&Music30周年記念OP/ED毎日投稿企画】	https://www.youtube.com/watch?v=oliV6I4NOY8
『とんでもスキルで異世界放浪メシ』ノンクレジットオープニング│Van de Shop「贅沢な匙」	https://www.youtube.com/watch?v=niqQbJFpBSE
TVアニメ『人間不信の冒険者たちが世界を救うようです』ノンクレジットオープニング映像／土岐隼一「Glorious World」	https://www.youtube.com/watch?v=tZpATHLJEws
オリジナルTVアニメーション『HIGH CARD』ノンクレジットED	https://www.youtube.com/watch?v=QnrArIEOwxc
TVアニメ「もういっぽん！」ノンテロップED映像｜青葉西高校柔道部「いっぽんみち」	https://www.youtube.com/watch?v=fCrrYGP5_gQ
TVアニメ『便利屋斎藤さん、異世界に行く』ノンクレジットオープニング映像｜Teary Planet「kaleidoscope」	https://www.youtube.com/watch?v=YUhaVDmSArE
TVアニメ『便利屋斎藤さん、異世界に行く』ノンクレジットエンディング映像｜konoco「ひだまりの彩度」	https://www.youtube.com/watch?v=TqfzXGQGE_k
TVアニメ『東京リベンジャーズ』聖夜決戦編 ノンクレジットED【ツユ「傷つけど、愛してる。」】	https://www.youtube.com/watch?v=VmafNGBrXHg
TV アニメ「魔王学院の不適合者Ⅱ」ノンクレジットOP映像｜Lenny code fiction｜SEIEN	https://www.youtube.com/watch?v=hiopy_jxPIU
アニメ『NieR:Automata Ver1.1a』ノンクレジットエンディングムービー	https://www.youtube.com/watch?v=sb0oFhm1H1U
『お隣の天使様』ED映像／ED主題歌「小さな恋のうた」椎名真昼(CV.石見舞菜香)	https://www.youtube.com/watch?v=xrwOuCvkSrs
TVアニメ「Buddy Daddies」ノンテロップOPムービー｜Ayase「SHOCK!」	https://www.youtube.com/watch?v=-7PplA_ykNk
オリジナルTVアニメーション『HIGH CARD』ノンクレジットOP	https://www.youtube.com/watch?v=sReGofRTzwQ
TVアニメ「ヴィンランド・サガ」SEASON 2 第1クール ノンクレジットオープニングムービー/ First Cour Textless Opening Video	https://www.youtube.com/watch?v=3YNcM7J5lIE
『LUPIN ZERO』ノンクレジットOP 【AFRO"LUPIN'68"】作曲：山下毅雄　編曲：大友良英│Opening(2022)	https://www.youtube.com/watch?v=V6pqP_HuuTw
TVアニメ『テクノロイド オーバーマインド』ノンクレジットOP「LOVE NO HATE」(KNoCC)	https://www.youtube.com/watch?v=dnXxgq2qEqs
TVアニメ『トモちゃんは女の子！』ノンクレジットOP映像｜マハラージャン「くらえ！テレパシー」	https://www.youtube.com/watch?v=-dx6VBQ646U
TVアニメ「転生王女と天才令嬢の魔法革命」ノンクレジットED映像／EDテーマ「Only for you」歌：アニスフィア（CV：千本木彩花）、ユフィリア（CV：石見舞菜香）	https://www.youtube.com/watch?v=y1hHJ0A6k6M
TVアニメ「転生王女と天才令嬢の魔法革命」ノンクレジットOP映像／OPテーマ「アルカンシェル」歌：花たん	https://www.youtube.com/watch?v=f5Rml_Jol8o
TVアニメ『久保さんは僕を許さない』 ノンクレジットエンディング	https://www.youtube.com/watch?v=S-6tQHg2Mr8
TVアニメ『ノケモノたちの夜』ノンクレジットOP映像/”The tale of outcasts” Opening	https://www.youtube.com/watch?v=Rj1eRzRUcHw
TVアニメ「迷い猫オーバーラン！」OP映像（はっぴぃ にゅう にゃあ／ 芹沢文乃(伊藤かな恵)&梅ノ森千世(井口裕香)&霧谷希(竹達彩奈)）【NBC A&M30周年記念OP/ED毎日投稿企画】	https://www.youtube.com/watch?v=Qy4lja8a4C0
TVアニメ『神達に拾われた男２』ノンクレジットエンディング映像│♪「ドラム式探査機」田所あずさ	https://www.youtube.com/watch?v=cRfrliQxCcw
TVアニメ『神達に拾われた男２』ノンクレジットオープニング映像│♪「Way to go」Mindaryn	https://www.youtube.com/watch?v=dhdvPbfkqwk
『英雄王、武を極めるため転生す』ノンクレジットOP｜AUO feat. MORISAKI WIN「DAY1」	https://www.youtube.com/watch?v=uYaWMsqH8Sg
TVアニメ『もののがたり』ノンクレジットオープニング「恋衣」 ARCANA PROJECT　Animation「Malevolent Spirits: Mononogatari」Textless OP	https://www.youtube.com/watch?v=VLWCRrlYsRA
TVアニメ「もういっぽん！」ノンテロップOP映像｜Subway Daydream「Stand By Me」	https://www.youtube.com/watch?v=f7s7dPV37qI
TVアニメ「魔道祖師 完結編」オープニングムービー【中島美嘉「Beyond」】	https://www.youtube.com/watch?v=L3NmQq7QkHc
TVアニメ『ブルーロック』2クール目ノンクレジットOP映像|ASH DA HERO「Judgement」	https://www.youtube.com/watch?v=e9jh494EMj4
【最強陰陽師】TV アニメ「最強陰陽師の異世界転生記」ノンクレジットOP｜angela「RECONNECTION」	https://www.youtube.com/watch?v=XQP9q35GbVQ
アニメ『NieR:Automata Ver1.1a』ノンクレジットオープニングムービー	https://www.youtube.com/watch?v=Xcx6MVs2o8E
TVアニメ『UniteUp!』ノンクレジットOPムービー｜「Unite up!」UniteUp!	https://www.youtube.com/watch?v=0cmcG8-CkDk
『お隣の天使様』OP映像／OP主題歌「ギフト」オーイシマサヨシ	https://www.youtube.com/watch?v=G7v3T5pDj-M
「大雪海のカイナ」ノンクレジットOP／ヨルシカ「テレパス」	https://www.youtube.com/watch?v=E5tnr3a7BkE
TVアニメ『久保さんは僕を許さない』 ノンクレジットオープニング	https://www.youtube.com/watch?v=mfv1aWJShmg
TVアニメ「天才王子の赤字国家再生術」OP映像（LEVEL／やなきなき × THE SIXTH LIE）【NBC AnimeMusic30周年記念OP/ED毎日投稿企画】	https://www.youtube.com/watch?v=Roc1VuR-pi4
『ダンジョンに出会いを求めるのは間違っているだろうかⅣ 深章 厄災篇』ED映像	https://www.youtube.com/watch?v=Wi4aPvOvg58
『ダンジョンに出会いを求めるのは間違っているだろうかⅣ 深章 厄災篇』OP映像	https://www.youtube.com/watch?v=Ik4qtXwFgUM
TVアニメ「ツンデレ悪役令嬢リーゼロッテと実況の遠藤くんと解説の小林さん」ノンクレジットOP【ダズビー「イビツナコトバ」】｜1月6日より放送中	https://www.youtube.com/watch?v=aNlA1d0dOvI
TVアニメ「ツンデレ悪役令嬢リーゼロッテと実況の遠藤くんと解説の小林さん」ノンクレジットED【Anna「花のように」】｜1月6日より放送中	https://www.youtube.com/watch?v=tEgIpTPSjEI
『アルスの巨獣』ノンクレジットオープニング映像│♪PENGUIN RESEARCH「変幻自在」	https://www.youtube.com/watch?v=oD6e5vREbhI
TVアニメ「犬になったら好きな人に拾われた。」ノンクレジットED	https://www.youtube.com/watch?v=y_VVsBB0OYI
TVアニメ「犬になったら好きな人に拾われた。」ノンクレジットOP	https://www.youtube.com/watch?v=0lOwLDBYuKc
TVアニメ『冰剣の魔術師が世界を統べる』ノンクレジットオープニング映像｜2023年1月からTBS、BS11にて放送中！	https://www.youtube.com/watch?v=n7-lk1NIggM
TVアニメ『冰剣の魔術師が世界を統べる』ノンクレジットエンディング映像｜2023年1月からTBS、BS11にて放送中！	https://www.youtube.com/watch?v=R6aPc3eWwTM
TVアニメ『うる星やつら』ノンクレジットOP 【MAISONdes「アイワナムチュー feat. asmi, すりぃ」】| 毎週木曜日24時55分からフジテレビ"ノイタミナ"ほかにて放送中！	https://www.youtube.com/watch?v=stb-BpPpJ7U
TVアニメ『うる星やつら』ノンクレジットED【MAISONdes「アイタリナイ feat. yama, ニト。」】| 毎週木曜日24時55分からフジテレビ"ノイタミナ"ほかにて放送中	https://www.youtube.com/watch?v=DBCIuVopaGA
TVアニメ『お兄ちゃんはおしまい！』“おにまい”EDムービー(ノンクレジット)／EDテーマ「ひめごと＊クライシスターズ」ONIMAI SISTERS（高野麻里佳・石原夏織・金元寿子・津田美波）	https://www.youtube.com/watch?v=qrgaRfJUSyY
TVアニメ『お兄ちゃんはおしまい！』“おにまい”OPムービー(ノンクレジット)／OPテーマ「アイデン貞貞メルトダウン」えなこ feat.P丸様。	https://www.youtube.com/watch?v=cHcMHceZEuk
TVアニメ「たとえばラストダンジョン前の村の少年が序盤の街で暮らすような物語」OP映像（たとえはそれは勇気の魔法／山崎はるか）【NBC AnimeMusic30周年記念OP/ED毎日投稿企画】	https://www.youtube.com/watch?v=AB-DUiS-li4
TVアニメ「ブラック・ブレット」ED映像（トコハナ／やなきなき）【NBC AnimeMusic30周年記念OP/ED毎日投稿企画】	https://www.youtube.com/watch?v=C3BMCzu5Is4
オリジナルアニメ「REVENGER」ノンクレジットオープニング【レトベア（unknown Vo：O2） 「ダウンタイマー」】	https://www.youtube.com/watch?v=vE6Qj0R9k1Q
TVアニメ「ブラック・ブレット」OP映像（black bullet／fripSide）【NBC AnimeMusic30周年記念OP/ED毎日投稿企画】	https://www.youtube.com/watch?v=5rKArAGGMwM
『チェンソーマン』オープニング  エンディングスペシャルムービー / CHAINSAW MAN Opening Ending	https://www.youtube.com/watch?v=_flKbsZoAHg
『チェンソーマン』第１２話ノンクレジットエンディング / CHAINSAW MAN #12  Ending│Eve「ファイトソング」	https://www.youtube.com/watch?v=7jM0fUAR2xg
【LIVE映像】結束バンド「忘れてやらない」LIVE at 秀華祭/ 「ぼっち・ざ・ろっく！」劇中曲	https://www.youtube.com/watch?v=f4i6Pi2KQh0
【LIVE映像】結束バンド「星座になれたら」LIVE at 秀華祭/ 「ぼっち・ざ・ろっく！」劇中曲	https://www.youtube.com/watch?v=fJh5UeiULZs
TVアニメ「ちょびっツ」OP映像（Let Me Be With You／ROUND TABLE featuring Nino）【NBC AnimeMusic30周年記念OP/ED毎日投稿企画】	https://www.youtube.com/watch?v=cDILVWma8Sk
アニメ「ジョジョの奇妙な冒険 ストーンオーシャン」新OP映像	https://www.youtube.com/watch?v=RTacFlYONhY
TVアニメ「東京レイヴンズ」後期OP映像（～Outgrow～ ／Gero）【NBC AnimeMusic30周年記念OP/ED毎日投稿企画】	https://www.youtube.com/watch?v=nmqBWhBJ3qc
『チェンソーマン』第１１話ノンクレジットエンディング / CHAINSAW MAN #11 Ending│女王蜂「バイオレンス」	https://www.youtube.com/watch?v=UTwujrP2pFo
TVアニメ「東京レイヴンズ」OP映像（X-encounter／黒崎真音）【NBC AnimeMusic30周年記念OP/ED毎日投稿企画】	https://www.youtube.com/watch?v=xPCEwhGEfLU
『チェンソーマン』第１０話ノンクレジットエンディング / CHAINSAW MAN #10 Ending│PEOPLE 1「DOGLAND」	https://www.youtube.com/watch?v=Uy-_5Cnehns
【公式】『花咲くいろは』OP主題歌 nano.RIPE「面影ワープ」ノンクレジット映像	https://www.youtube.com/watch?v=h63-1MWMbBo
【公式】『花咲くいろは』OP主題歌 nano.RIPE「ハナノイロ」ノンクレジット映像	https://www.youtube.com/watch?v=B0Po_B_d_Uw
TVアニメ「クロックワーク・プラネット」OP映像（clockwork planet／fripSide）【NBCユニバーサルAnimeMusic30周年記念OP/ED毎日投稿企画】	https://www.youtube.com/watch?v=IgoY2WsTZBk
TVアニメ「ベルセルク」第2期OP映像（サクリファイス／9mm Parabellum Bullet）【NBCユニバーサルAnimeMusic30周年記念OP/ED毎日投稿企画】	https://www.youtube.com/watch?v=JvJtc4wLTh4
TVアニメ「ベルセルク」OP映像（インフェルノ／9mm Parabellum Bullet）【NBCユニバーサルAnimeMusic30周年記念OP/ED毎日投稿企画	https://www.youtube.com/watch?v=MjpDlsMiNZ4
『チェンソーマン』第９話ノンクレジットエンディング / CHAINSAW MAN #9 Ending│Aimer「Deep down」	https://www.youtube.com/watch?v=giJKMtRnD20
アニメ「ナースウィッチ小麦ちゃんマジカルて」OP映像（愛のメティスン ／桃井はるこ）【NBCユニバーサルAnimeMusic30周年記念OP/ED毎日投稿企画】	https://www.youtube.com/watch?v=JL-UXJILlfI
TVアニメ「ぼっち・ざ・ろっく！」エンディング映像/「なにが悪い」#結束バンド	https://www.youtube.com/watch?v=3ijkvUYwJhU
『チェンソーマン』第８話ノンクレジットエンディング / CHAINSAW MAN #8 Ending│TK from 凛として時雨「first death」	https://www.youtube.com/watch?v=6ej4gHhUzek
〈物語〉シリーズ ノンクレジット エンディング映像集	https://www.youtube.com/watch?v=d1b2_uTg2DM
「Fate/stay night [Ralta Nua] 」Heaven's Feel(間桐桜ルート)オープニングアニメーション	https://www.youtube.com/watch?v=KnC3QyXawqY
【LIVE映像】結束バンド「あのバンド」LIVE at STARRY / 「ぼっち・ざ・ろっく！」劇中曲	https://www.youtube.com/watch?v=5tc14WHUoMw
『チェンソーマン』第７話ノンクレジットエンディング / CHAINSAW MAN #7 Ending│ano 「ちゅ、多様性。」	https://www.youtube.com/watch?v=msZ5b2usBNc
TVアニメ「HAND MAID メイ」ED映像（ほんとの気持ち／高橋美佳子）【NBCユニバーサルAnimeMusic30周年記念OP/ED毎日投稿企画】	https://www.youtube.com/watch?v=op_sdO_3Zr8
TVアニメ「HAND MAID メイ」OP映像（JUMP～メイっはい抱きしめて／P-chicks）【NBCユニバーサルAnimeMusic30周年記念OP/ED毎日投稿企画】	https://www.youtube.com/watch?v=Fw-7pAEy2aY
【TVアニメ「氷菓」ノンクレジットED】千反田える（佐藤聡美）＆伊原摩耶花（茅野愛衣）「まどろみの約束」｜10周年記念フィルムコンサート開催記念	https://www.youtube.com/watch?v=tL6BMqnSdH8
【TVアニメ「氷菓」ノンクレジットOP】Choucho「優しさの理由」｜10周年記念フィルムコンサート開催記念	https://www.youtube.com/watch?v=RpqqaNJuopc
【TVアニメ「氷菓」ノンクレジットED】千反田える（佐藤聡美）＆伊原摩耶花（茅野愛衣）「君にまつわるミステリー」｜10周年記念フィルムコンサート開催記念	https://www.youtube.com/watch?v=7OHW_vxDl0g
【TVアニメ「氷菓」ノンクレジットOP】こだまさおり「未完成ストライド」｜10周年記念フィルムコンサート開催記念	https://www.youtube.com/watch?v=2IfqimeWay8
『チェンソーマン』第６話ノンクレジットエンディング / CHAINSAW MAN #6 Ending│Kanaria 「大脳的なランデブー」	https://www.youtube.com/watch?v=ZcdMcoKNtwc
『チェンソーマン』第５話ノンクレジットエンディング / CHAINSAW MAN #5 Ending│syudou 「インザバックルーム」	https://www.youtube.com/watch?v=ymQ3wEIq84Y
〈物語〉シリーズ ノンクレジット オープニング映像集 其ノ參(『憑物語』『終物語』『続・終物語』)	https://www.youtube.com/watch?v=JL3s82oBaMg
【LIVE映像】結束バンド「ギターと孤独と蒼い惑星」LIVE at STARRY / 「ぼっち・ざ・ろっく！」劇中曲	https://www.youtube.com/watch?v=p010N38zFrA
『アークナイツ【黎明前奏/PRELUDE TO DAWN】』ノンクレジットエンディング / Doul「BE ME」	https://www.youtube.com/watch?v=wEjfXC5er5Q
『アークナイツ【黎明前奏/PRELUDE TO DAWN】』ノンクレジットオープニング / ReoNa 「Alive」	https://www.youtube.com/watch?v=1XKJqBrhyeE
TVアニメ『弱虫ペダル LIMIT BREAK』第1クールノンクレジットOPムービー	https://www.youtube.com/watch?v=BcYHvwiVY4g
『チェンソーマン』第４話ノンクレジットエンディング / CHAINSAW MAN #4 Ending│TOOBOE 「錠剤」	https://www.youtube.com/watch?v=xIKW3NKYBWw
〈物語〉シリーズ ノンクレジット オープニング映像集 其ノ貮 (『＜物語＞シリーズ セカンドシーズン』)	https://www.youtube.com/watch?v=cwOX9wSqMdg
TVアニメ「スカイガールズ」OP映像（Virgin's high! ／MELL）【NBCユニバーサルAnimeMusic30周年記念OP/ED毎日投稿企画】	https://www.youtube.com/watch?v=YBe_eX88l3c
TVアニメ「ぼっち・ざ・ろっく！」エンディング映像/「カラカラ」#結束バンド	https://www.youtube.com/watch?v=MTPiaDzacSI
TVアニメ「アキバ冥途戦争」モザイクなし版 ノンテロップOP映像／『メイド大回転』	https://www.youtube.com/watch?v=KP4wC4RumPE
オリジナルTVアニメーション「恋愛フロップス」ノンクレジットエンディング（「Flop Around」）#03	https://www.youtube.com/watch?v=Q-wB0mxQvpQ
『チェンソーマン』第３話ノンクレジットエンディング / CHAINSAW MAN #3 Ending│マキシマム ザ ホルモン 「刃渡り2億センチ」	https://www.youtube.com/watch?v=HEwAiwttN10
〈物語〉シリーズ ノンクレジット オープニング映像集 其ノ壹 (『化物語』『偽物語』『猫物語（黒）』)	https://www.youtube.com/watch?v=1MS0JaVzVIU
TVアニメ『ブルーロック』ノンクレジットED映像｜仲村宗悟「WINNER」	https://www.youtube.com/watch?v=qSWR8QDtDXY
TVアニメ『シャインポスト』On Your Mark!! / TINGS #12ライブシーン	https://www.youtube.com/watch?v=I0Wg3N-1YDI
オリジナルTVアニメーション「恋愛フロップス」ノンクレジットオープニング（鈴木このみ「Love? Reason why!!」）	https://www.youtube.com/watch?v=7fdbf8Jp0qM
『チェンソーマン』第２話ノンクレジットエンディング / CHAINSAW MAN #2 Ending│ずっと真夜中でいいのに。 「残機」	https://www.youtube.com/watch?v=Hw1fy7VF_w8
TVアニメ「新白雪姫伝説プリーティア」OP映像（ White Destiny／石田燿子）【NBCユニバーサルAnimeMusic30周年記念OP/ED毎日投稿企画】	https://www.youtube.com/watch?v=5g2hJpzo_Ww
TVアニメ『BLEACH 千年血戦篇』ノンクレジットオープニングムービー／２０２２年１０月１０日テレビ東京系列ほかにて放送中	https://www.youtube.com/watch?v=FsKuu-0RUcM
TVアニメ『うる星やつら』ノンクレジットOP 【MAISONdes「アイウエ feat. 美波, SAKURAmoti」】| 毎週木曜日24時55分からフジテレビ"ノイタミナ"ほかにて放送中！	https://www.youtube.com/watch?v=pEVhv4eB8Q8
TVアニメ『うる星やつら』ノンクレジットED【MAISONdes「トウキョウ・シャンディ・ランデヴ feat. 花譜, ツミキ」】| 毎週木曜日24時55分からフジテレビ"ノイタミナ"ほかにて放送中	https://www.youtube.com/watch?v=gpXy3_NdVEc
オリジナルTVアニメ「Do It Yourself!! ーどぅー・いっと・ゆあせるふー」EDテーマ『続く話』	https://www.youtube.com/watch?v=iAc8yYTVtGE
オリジナルTVアニメ「Do It Yourself!! ーどぅー・いっと・ゆあせるふー」OPテーマ『どきどきアイデアをよろしく!』	https://www.youtube.com/watch?v=8jOQmPx2Mjk
TVアニメ『転生したら剣でした』ノンクレジットED（曲：黒崎真音「more＜STRONGLY」）	https://www.youtube.com/watch?v=ve06vhaxft0
TVアニメ『転生したら剣でした』ノンクレジットOP（曲： 岸田教団＆THE明星ロケッツ「転生したら剣でした」）	https://www.youtube.com/watch?v=QuYwsDJF6hA
『チェンソーマン』第１話スペシャルエンディング / CHAINSAW MAN #1 Ending│Vaundy 「CHAINSAW BLOOD」	https://www.youtube.com/watch?v=xIeYK9w03i4
『チェンソーマン』ノンクレジットオープニング / CHAINSAW MAN  Opening│米津玄師 「KICK BACK」	https://www.youtube.com/watch?v=dFlDRhvM4L0
TVアニメ「まほろまてぃっく」 OP映像（かえりみち／川澄綾子）【NBCユニバーサルAnimeMusic30周年記念OP/ED毎日投稿企画】	https://www.youtube.com/watch?v=9lNos8KeymE
TVアニメ『クールドジ男子』ノンクレジットオープニング映像｜2022年10月10 日(月)よりテレビ東京、AT-X、BS11にて好評放送中	https://www.youtube.com/watch?v=iAHr-epV5h4
『機動戦士ガンダム 水星の魔女』エンディング映像（ノンクレジット）｜シユイ「君よ　気高くあれ	https://www.youtube.com/watch?v=OdfFUJUzNTY
『機動戦士ガンダム 水星の魔女』オープニング映像（ノンクレジット）｜YOASOBI「祝福」	https://www.youtube.com/watch?v=aU8ruUe7UlE
TVアニメ『ブルーロック』ノンクレジットOP映像|UNISON SQUARE GARDEN「カオスが極まる」	https://www.youtube.com/watch?v=hbZr47jwL_4
TVアニメ「ぼっち・ざ・ろっく！」オープニング映像/「青春コンプレックス」#結束バンド	https://www.youtube.com/watch?v=Yd8kUoB72xU
TVアニメ「ぼっち・ざ・ろっく！」エンディング映像/「Distortion!!」#結束バンド	https://www.youtube.com/watch?v=Xy6lZxoJ4ts
TVアニメ「4人はそれぞれウソをつく」ノンテロップOP映像公開！！｜2022年10月15日深夜スタート！	https://www.youtube.com/watch?v=icMfJHYoUf0
TVアニメ『シャインポスト』GYB!! / HY:RAIN #10ライブシーン	https://www.youtube.com/watch?v=Rp31OBzvp6E
TVアニメ「新米錬金術師の店舗経営」ノンクレジットOP	https://www.youtube.com/watch?v=Qj_-m7429Dw
TVアニメ「アキバ冥途戦争」ノンテロップOP映像／『メイド大回転』	https://www.youtube.com/watch?v=1cvv8nm1vSY
【OP】TVアニメ『虫かぶり姫』ノンクレジットオープニング「Prologue」(井口裕香)	https://www.youtube.com/watch?v=R39Bkr1dIkY
TVアニメ「天地無用!」 OP映像（天地無用!／SONIA）【NBCユニバーサルAnimeMusic30周年記念OP/ED毎日投稿企画】	https://www.youtube.com/watch?v=2OeAuQxi9qk
TVアニメ『陰の実力者になりたくて！』ノンクレジットオープニング：OxT「HIGHEST」	https://www.youtube.com/watch?v=xT7EkRCGO8I
テレビアニメ『ヤマノススメ Next Summit』　ノンテロップOP	https://www.youtube.com/watch?v=m_ApMu3jN3A
テレビアニメ『ヤマノススメ Next Summit』　ノンテロップED	https://www.youtube.com/watch?v=XLpRbhmPozw
TVアニメ「ゴールデンカムイ」（第四期）ノンクレジットOP／OPテーマ：ALI「NEVER SAY GOODBYE feat. Mummy-D」	https://www.youtube.com/watch?v=18q5wBrMYFg
TVアニメ「ご注文はうさぎですか？BLOOM」第12羽ED映像（ユメ＜ウツツ→ハッヒータイム／Petit Rabbit's）【NBCユニバーサルAnimeMusic30周年記念OP/ED毎日投稿】	https://www.youtube.com/watch?v=ewh2hBpjKeM
TVアニメ「後宮の烏」ノンクレジットムービー オープニング・テーマ「MYSTERIOUS」：女王蜂	https://www.youtube.com/watch?v=RsJwDruTLbY
TVアニメ「ご注文はうさぎですか？ BLOOM」 ED映像（なかよし！○！なかよし！／チマメ隊）【NBCユニバーサルAnimeMusic30周年記念OP/ED毎日投稿企画】	https://www.youtube.com/watch?v=z79m6XWo4VU
【公式】『フリップフラッパーズ』ED主題歌 TO-MAS feat. Chima「FLIP FLAP FLIP FLAP」ノンクレジット映像	https://www.youtube.com/watch?v=ec175-3APLA
「うちの師匠はしっぽがない」ノンクレジットOP｜GARNiDELiA「幻愛遊戯」	https://www.youtube.com/watch?v=WZ_RXjCJ6Ks
TVアニメ「ご注文はうさぎですか？ BLOOM」 OP映像（天空カフェテリア／Petit Rabbit's）【NBCユニバーサルAnimeMusic30周年記念OP/ED毎日投稿企画】	https://www.youtube.com/watch?v=5PFhAhuAfg4
TVアニメ「名探偵コナン 犯人の犯沢さん」ノンクレジットOP【新浜レオン「捕まえて、今夜。」】10/3(月)より順次TOKYO MX、読売テレビ、BS日テレにて放送スタート！	https://www.youtube.com/watch?v=NKQYx6mGQPE
TVアニメ「ご注文はうさぎですか？？」 第12羽ED映像（なんとなくミライ ／Petit Rabbit's）【NBCユニバーサルAnimeMusic30周年記念OP/ED毎日投稿企画】	https://www.youtube.com/watch?v=JLgRCG1mK70
『SPY×FAMILY』第2クールオープニング主題歌アニメ映像(ノンクレジット)／“SPY x FAMILY” part2  Opening theme song animation	https://www.youtube.com/watch?v=YOIJOJsUkUg
TVアニメ「ご注文はうさぎですか？？」ED映像（ときめきホホロン♪／チマメ隊）【NBCユニバーサルAnimeMusic30周年記念OP/ED毎日投稿企画】	https://www.youtube.com/watch?v=49vjbjdZaOY
TVアニメ「ご注文はうさぎですか？？」 OP映像（ノーホイッ！／Petit Rabbit's）【NBCユニバーサルAnimeMusic30周年記念OP/ED毎日投稿企画】	https://www.youtube.com/watch?v=V7QXD6mJ3H4
【限定公開】Sing！Shine！Smile！/ Liella!【TVアニメ『ラブライブ！スーパースター!!』2期第10話挿入歌】	https://www.youtube.com/watch?v=EY4_wcu7iI0
TVアニメ「Extreme Hearts」｜第12話 挿入歌 RISE「Happy☆Shiny Stories」ライブ映像	https://www.youtube.com/watch?v=CYdpiD5SNN4
OVA「天地無用! 魎皇鬼」 OP映像（天地無用! 魎皇鬼のテーマ）【NBCユニバーサルAnimeMusic30周年記念OP/ED毎日投稿企画】	https://www.youtube.com/watch?v=mDv3voRD7Js
TVアニメ「ご注文はうさぎですか？」 OP映像（Daydream cafe／Petit Rabbit's）【NBCユニバーサルAnimeMusic30周年記念OP/ED毎日投稿企画】	https://www.youtube.com/watch?v=4uyUPa4V_8o
TVアニメ『プリマドール』第12話劇中歌映像「機械仕掛けの賛歌／シャノワール（灰桜（和氣あず未）、鴉羽（楠木ともり）、月下（富田美憂）、箒星（中島由貴）、レーツェル（鬼頭明里）)」	https://www.youtube.com/watch?v=pka-tBWvoik
カッコ良すぎるオープニングタイトル | サイバーパンク: エッジランナーズ | Netflix Japan	https://www.youtube.com/watch?v=pKPe48pcHkk
TVアニメ「Extreme Hearts」｜第8話 挿入歌 RISE「大好きだよって叫ぶんだ」ライブ映像｜毎週土曜25:30～放送中	https://www.youtube.com/watch?v=l11b9oHff-c
TVアニメ「隠の王」 OP映像（CRAWL／VELTPUNCH）【NBCユニバーサルAnimeMusic30周年記念OP/ED毎日投稿企画】	https://www.youtube.com/watch?v=OMU9iUgRi4Y
【東京ミュウミュウ にゅ～】桃宮いちご「my sweet heart（にゅ～ver.）」【本編映像】	https://www.youtube.com/watch?v=Iq_n58k48Ak
TVアニメ『シャインポスト』Be Your Light!! / TINGS #9ライブシーン	https://www.youtube.com/watch?v=sYpol9oMEl0
TVアニメ『プリマドール』第11話劇中歌映像「時のゆりかご／桜花（CV. 中原麻衣）」	https://www.youtube.com/watch?v=JDJ2GnLNfZY
【本編映像】『夏へのトンネル、さよならの出口』公開！【共同戦線の始まり】	https://www.youtube.com/watch?v=QMmtJwV8MA4
TVアニメ『プリマドール』第10話劇中歌映像「アイスクリームの歌／灰桜（CV. 和氣あず未）、千代（CV. 久野美咲）」	https://www.youtube.com/watch?v=-u5L61_zjxM
TVアニメ「Fate/stay night」 最終話ED映像（君との明日／タイナカサチ）【NBCユニバーサルAnimeMusic30周年記念OP/ED毎日投稿企画】	https://www.youtube.com/watch?v=Py2paBSSO_8
TVアニメ「Fate/stay night」 後期OP映像（きらめく涙は星に／タイナカサチ）【NBCユニバーサルAnimeMusic30周年記念OP/ED毎日投稿企画】	https://www.youtube.com/watch?v=hvafcLJxNfs
TVアニメ「Fate/stay night」第14話ED映像（ヒカリ ／樹海）【NBCユニバーサルAnimeMusic30周年記念OP/ED毎日投稿企画】	https://www.youtube.com/watch?v=Gvkv27aHfXE
TVアニメ「Fate/stay night」 ED映像（あなたかいた森 ／樹海）【NBCユニバーサルAnimeMusic30周年記念OP/ED毎日投稿企画】	https://www.youtube.com/watch?v=YTExdJ3Knj8
TVアニメ「Fate/stay night」 OP映像（disillusion ／タイナカサチ）【NBCユニバーサルAnimeMusic30周年記念OP/ED毎日投稿企画】	https://www.youtube.com/watch?v=xtxUqqb-f38
TVアニメ「Extreme Hearts」OP映像（インフィニット/岡咲美保）	https://www.youtube.com/watch?v=GXApMGSxpUM
TVアニメ「パンプキン・シザーズ」 OP映像（蒼き炎／髙橋洋子）【NBCユニバーサルAnimeMusic30周年記念OP/ED毎日投稿企画】	https://www.youtube.com/watch?v=ntmGo3CxWbU
TVアニメ「魔界戦記ディスガイア」 OP映像（愛したける／LOVERIN TAMBURIN）【NBCユニバーサルAnimeMusic30周年記念OP/ED毎日投稿企画】	https://www.youtube.com/watch?v=PEh15si7N14
TVアニメ『プリマドール』第8話劇中歌映像「祝彩歌／灰桜（CV. 和氣あず未）」	https://www.youtube.com/watch?v=W8hnwGSl9CA
TVアニメ「この醜くも美しい世界」 OP映像（metamorphose ／高橋洋子）【NBCユニバーサルAnimeMusic30周年記念OP/ED毎日投稿企画】	https://www.youtube.com/watch?v=B5UW6Cgbh6M
【限定公開】ビタミンSUMMER！ / Liella!【TVアニメ『ラブライブ！スーパースター!!』2期第6話挿入歌】	https://www.youtube.com/watch?v=_rLihz4cQ4E
TVアニメ『シャインポスト』#6ED / TiNgS「Yellow Rose」	https://www.youtube.com/watch?v=N3Lp8yYewWU
TVアニメ『プリマドール』ノンクレジットED映像「想歌灯／シャノワール（灰桜（和氣あず未）、鴉羽（楠木ともり）、月下（富田美憂）、箒星（中島由貴）、レーツェル（鬼頭明里）)」	https://www.youtube.com/watch?v=nRtBfX19iDE
【公式】『グラスリップ』ED主題歌 nano.RIPE「透明な世界」ノンクレジット映像	https://www.youtube.com/watch?v=3f4cqfccqy0
TVアニメ『プリマドール』第6話ノンクレジットED映像「夢咲＊ハレ舞台／シャノワール（灰桜（和氣あず未）、鴉羽（楠木ともり）、月下（富田美憂）、箒星（中島由貴）、レーツェル（鬼頭明里）)」	https://www.youtube.com/watch?v=QfTORWBRsKU
TVアニメ「とある科学の超電磁砲」後期OP映像（ LEVEL5 -judgelight-／ fripSide）【NBCユニバーサルAnimeMusic30周年記念OP/ED毎日投稿企画】	https://www.youtube.com/watch?v=mK2R8vQzojM
TVアニメ「とある科学の超電磁砲S」 後期ED映像（リンクス／ 三澤紗千香）【NBCユニバーサルAnimeMusic30周年記念OP/ED毎日投稿企画】	https://www.youtube.com/watch?v=grwIhl15hCg
TVアニメ「とある科学の超電磁砲S」後期OP映像（eternal reality／ fripSide）【NBCユニバーサルAnimeMusic30周年記念OP/ED毎日投稿企画】	https://www.youtube.com/watch?v=s3_riCFJ3MY
TVアニメ「とある科学の超電磁砲S」 ED映像（Grow Slowly ／ 井口裕香）【NBCユニバーサルAnimeMusic30周年記念OP/ED毎日投稿企画】	https://www.youtube.com/watch?v=O7oFmGCvgbs
【公式】アニメ『キューティーハニーF』OP映像：SALIA「キューティーハニー」/Cutie Honey Flash	https://www.youtube.com/watch?v=_ACapVVGcC4
TVアニメ「とある科学の超電磁砲S」 OP映像（sister's noise／ fripSide）【NBCユニバーサルAnimeMusic30周年記念OP/ED毎日投稿企画】	https://www.youtube.com/watch?v=rCtc-9EVE_c
「とある科学の超電磁砲OVA」 OP映像（future gazer／ fripSide）【NBCユニバーサルAnimeMusic30周年記念OP/ED毎日投稿企画】	https://www.youtube.com/watch?v=_lst21E3wYs
『ダンジョンに出会いを求めるのは間違っているだろうかⅣ 新章 迷宮篇』OP映像	https://www.youtube.com/watch?v=xpah3hGfkEs
『ダンジョンに出会いを求めるのは間違っているだろうかⅣ 新章 迷宮篇』ED映像	https://www.youtube.com/watch?v=I3FmZfUbLpQ
TVアニメ『プリマドール』第5話ノンクレジットED映像「雨の迷い猫／灰桜（CV. 和氣あず未）＆レーツェル（CV. 鬼頭明里）」	https://www.youtube.com/watch?v=YmH533OZGtM
「デリシャスパーティプリキュア」後期エンディング主題歌「ココロデリシャス」(ノンテロップver)	https://www.youtube.com/watch?v=LpDFmqOBU5s
Morfonica『寄る辺のSunny, Sunny』ライブシーン	https://www.youtube.com/watch?v=C29UesOFqUM
TVアニメ『シャインポスト』#4ED / TiNgS「一歩前ノセカイ」	https://www.youtube.com/watch?v=SJUvkubL-Ts
TVアニメ「とある科学の超電磁砲」 OP映像（only my railgun／ fripSide）【NBCユニバーサルAnimeMusic30周年記念OP/ED毎日投稿企画】	https://www.youtube.com/watch?v=NOt2qxWtBv0
TVアニメ「とある科学の一方通行」 OP映像（Shadow is the Light／THE SIXTH LIE）【NBCユニバーサルAnimeMusic30周年記念OP/ED毎日投稿企画】	https://www.youtube.com/watch?v=EEVNwtWdelA
【公式】『TARI TARI』ED主題歌 白浜坂高校合唱部「潮風のハーモニー」ノンクレジット映像	https://www.youtube.com/watch?v=4Bh2zBxayEY
TVアニメ『プリマドール』第4話ノンクレジットED映像「ツギハギ／鴉羽（CV. 楠木ともり）」	https://www.youtube.com/watch?v=60Uvb9ewPuU
TVアニメ「とある魔術の禁書目録Ⅲ」後期OP映像（ROAR／黒崎真音）【NBCユニバーサルAnimeMusic30周年記念OP/ED毎日投稿企画】	https://www.youtube.com/watch?v=f2pSP8ZH9ws
TVアニメ「とある魔術の禁書目録Ⅲ」 ED映像（革命前夜／井口裕香）【NBCユニバーサルAnimeMusic30周年記念OP/ED毎日投稿企画】	https://www.youtube.com/watch?v=1u37EckAwFM
TVアニメ「とある魔術の禁書目録Ⅲ」 OP映像（Gravitation／黒崎真音）【NBCユニバーサルAnimeMusic30周年記念OP/ED毎日投稿企画】	https://www.youtube.com/watch?v=C_BSxG826Gk
TVアニメ『サマータイムレンダ』ノンクレジット2ndエンディング映像 【♪りりあ。「失恋ソング沢山聴いて 泣いてばかりの私はもう。」】	https://www.youtube.com/watch?v=HGQbwc09kkM
【公式】アニメ『明日のナージャ』ED映像：小清水亜美「けせら・せら」/Ashita no Nadja	https://www.youtube.com/watch?v=kWX6nfQCiYQ
TVアニメ「とある魔術の禁書目録Ⅱ」 後期ED映像（メモリース・ラスト ／黒崎真音）【NBCユニバーサルAnimeMusic30周年記念OP/ED毎日投稿企画】	https://www.youtube.com/watch?v=Hlz99yGVB7U
TVアニメ「とある魔術の禁書目録Ⅱ」後期OP映像（See visionS ／川田まみ）【NBCユニバーサルAnimeMusic30周年記念OP/ED毎日投稿企画】	https://www.youtube.com/watch?v=hcZQ2B6axV4
TVアニメ『最近雇ったメイドが怪しい』ノンクレジットOP【≠ME「す、好きじゃない！」】| 毎週土曜日26:00～ABCテレビ・テレビ朝日系列にて放送中	https://www.youtube.com/watch?v=TwF3CtSAL4s
TVアニメ「黒の召喚士」OPムービー【レトベア（unknown Vo：10fu）「頭ん中DEAD END」】	https://www.youtube.com/watch?v=wj_gULGftds
TVアニメ「とある魔術の禁書目録Ⅱ」 ED映像（Magic∞world ／黒崎真音）【NBCユニバーサルAnimeMusic30周年記念OP/ED毎日投稿企画】	https://www.youtube.com/watch?v=ml7a88_oXxM
TVアニメ『プリマドール』第3話ノンクレジットED映像「星導～ホシシルベ～／箒星（CV. 中島由貴）」	https://www.youtube.com/watch?v=vGBAMQMkmJI
TVアニメ『プリマドール』第3話ノンクレジットED映像「星導～ホシシルベ～／箒星（CV. 中島由貴）」	https://www.youtube.com/watch?v=4FAlOe8HAYA
TVアニメ「とある魔術の禁書目録Ⅱ」 OP映像（No buts! ／川田まみ）【NBCユニバーサルAnimeMusic30周年記念OP/ED毎日投稿企画】	https://www.youtube.com/watch?v=QIU044tsV2Q
TVアニメ『よふかしのうた』ノンクレジットED【Creepy Nuts「よふかしのうた」】| 毎週木曜日24時55分からフジテレビ"ノイタミナ"ほかにて放送中！	https://www.youtube.com/watch?v=PvyaVqfylu4
TVアニメ「とある魔術の禁書目録」 後期ED映像（誓い言～スコシたけもう一度～ ／IKU）【NBCユニバーサルAnimeMusic30周年記念OP/ED毎日投稿企画】	https://www.youtube.com/watch?v=zWKbJ5DGDJc
TVアニメ「とある魔術の禁書目録」後期OP映像（masterpiece／川田まみ）【NBCユニバーサルAnimeMusic30周年記念OP/ED毎日投稿企画】	https://www.youtube.com/watch?v=EjQCuivmbjs
TVアニメ『シャインポスト』ノンクレジットOP / TINGS「ワンダー・スターター」	https://www.youtube.com/watch?v=pHemM_8IOrY
TVアニメ『シャインポスト』ノンクレジットED / TINGS「パレットガールズ」	https://www.youtube.com/watch?v=pLiV9zTDC08
TVアニメ「オーバーロードⅣ」ノンクレジットED映像【前島麻由「No Man’s Dawn」】	https://www.youtube.com/watch?v=3ksQJHU4ZE0
【限定公開】WE WILL!! / Liella!【TVアニメ『ラブライブ！スーパースター!!』2期OP主題歌】	https://www.youtube.com/watch?v=2tJGGmJhm_E
TVアニメ『サマータイムレンダ』ノンクレジット2ndオープニング映像 【♪亜咲花「夏夢ノイジー」】	https://www.youtube.com/watch?v=sTd3z4RUc1M
TVアニメ「とある魔術の禁書目録」 ED映像（Rimless～フチナシノセカイ～ ／IKU）【NBCユニバーサルAnimeMusic30周年記念OP/ED毎日投稿企画】	https://www.youtube.com/watch?v=XS-2I4a8hJU
TVアニメ「とある魔術の禁書目録」 OP映像（PSI-missing ／川田まみ）【NBCユニバーサルAnimeMusic30周年記念OP/ED毎日投稿企画】	https://www.youtube.com/watch?v=JwnGaYtQnjU
TVアニメ「カッコウの許嫁」2クール目ノンクレジットオープニング映像【sumika「Glitter」】	https://www.youtube.com/watch?v=VW92Wnl5eIs
TVアニメ『プリマドール』第2話ノンクレジットED映像「待宵月／月下（CV. 富田美憂）」	https://www.youtube.com/watch?v=hbdBuHoOlCs
TVアニメ『プリマドール』ノンクレジットOP映像「Tin Toy Melody／シャノワール（灰桜（和氣あず未）、鴉羽（楠木ともり）、月下（富田美憂）、箒星（中島由貴）、レーツェル（鬼頭明里）)」	https://www.youtube.com/watch?v=XhSycE-wFCI
TVアニメ「シャドーハウス 2nd Season」ノンクレジットムービー オープニングテーマ「シャル・ウィ・ダンス？」：ReoNa	https://www.youtube.com/watch?v=0T7QV-kwLvY
TVアニメ「シャドーハウス 2nd Season」ノンクレジットムービー エンディングテーマ「Masquerade」：ClariS	https://www.youtube.com/watch?v=-u-_DqqZGZU
「メイドインアビス 烈日の黄金郷」ノンクレジットオープニング映像	https://www.youtube.com/watch?v=o_RG03t7cVE
TVアニメ「To LOVEる -とらぶる- ダークネス」 OP映像（楽園PROJECT／ Ray）【NBCユニバーサルAnimeMusic30周年記念OP/ED毎日投稿企画】	https://www.youtube.com/watch?v=-tww49g8e2Y
TVアニメ「オーバーロードⅣ」ノンクレジットOP映像【OxT「HOLLOW HUNGER」】	https://www.youtube.com/watch?v=xa-30y7GImM
TVアニメ『異世界薬局』 ノンクレジットOP	https://www.youtube.com/watch?v=a1cmT5Lj0gc
TVアニメ「もっとTo LOVEる -とらぶる-」 OP映像（ Loop-the-Loop／ KOTOKO）【NBCユニバーサルAnimeMusic30周年記念OP/ED毎日投稿企画】	https://www.youtube.com/watch?v=9MfTihBqyYI
TVアニメ「連盟空軍航空魔法音楽隊 ルミナスウィッチーズ」ノンクレジットオープニング	https://www.youtube.com/watch?v=K65NaMehqMg
TVアニメ「To LOVEる -とらぶる- OVA」 OP映像（やってこい!タイスキ／ララ&春菜）【NBCユニバーサルAnimeMusic30周年記念OP/ED毎日投稿企画】	https://www.youtube.com/watch?v=Lk1uUxycCB0
TVアニメ「To LOVEる -とらぶる-」 OP映像（ forever we can make it!／ THYME）【NBCユニバーサルAnimeMusic30周年記念OP/ED毎日投稿企画】	https://www.youtube.com/watch?v=Ri2zqyWnlVA
オリジナルTVアニメーション「Engage Kiss」ノンクレジットエンディング映像／ナナヲアカリ「恋愛脳」	https://www.youtube.com/watch?v=mpMNoBwbRns
オリジナルTVアニメーション「Engage Kiss」ノンクレジットオープニング映像／halca「誰彼スクランブル」	https://www.youtube.com/watch?v=svO_bBAoWsc
TVアニメ『リコリス・リコイル』ノンテロップOPムービー｜ClariS「ALIVE」	https://www.youtube.com/watch?v=VxR_BYPG7v4
TVアニメ「てっぺんっ!!!!!!!!!!!!!!!」OP主題歌「てっぺんっ天国 ～TOP OF THE LAUGH!!!～」ノンクレジットVer	https://www.youtube.com/watch?v=sWrtx1O2UHY
TVアニメ『プリマドール』第1話ノンクレジットED映像「薄花桜／灰桜（CV. 和氣あず未）」	https://www.youtube.com/watch?v=wsCf3LdFWD0
TVアニメ『プリマドール』第1話劇中歌映像「カミツレの歌／灰桜（CV.和氣あず未）、千代（CV.久野美咲）、夕霧（CV.小松未可子）」	https://www.youtube.com/watch?v=SuJ0dV457Yw
TVアニメ『よふかしのうた』ノンクレジットOP 【Creepy Nuts「堕天」】| 毎週木曜日24時55分からフジテレビ"ノイタミナ"ほかにて放送中！	https://www.youtube.com/watch?v=AwXRPWmgLbU
TVアニメ「金装のヴェルメイユ」ノンクレジットオープニング映像/石原夏織「Abracada-Boo」	https://www.youtube.com/watch?v=yfD9T7ymBoU
TVアニメ「藍より青し ～緑～ 」 (第2期) OP映像（たからもの／石田燿子）【NBCユニバーサルAnimeMusic30周年記念OP/ED毎日投稿企画】	https://www.youtube.com/watch?v=WGbwl0wtIbg
TVアニメ「継母の連れ子が元カノだった」ノンテロップOP映像／DIALOGUE＋「デネブとスピカ」	https://www.youtube.com/watch?v=nRaEgeyAjoQ
アニメ『東京ミュウミュウ にゅ～』ノンテロップOP映像	https://www.youtube.com/watch?v=TldgFtTXPmc
「令和のデ・ジ・キャラット」ノンクレジットOP映像【10月放送・配信開始】	https://www.youtube.com/watch?v=jMGly4UP9O4
TVアニメ「藍より青し」第1期 OP映像（永遠の花／石田燿子）【NBCユニバーサルAnimeMusic30周年記念OP/ED毎日投稿企画】	https://www.youtube.com/watch?v=yjYnE4Z8qzQ
TVアニメ『リコリス・リコイル』ノンテロップEDムービー｜さユり「花の塔」	https://www.youtube.com/watch?v=WIKKyrGGaDk
TVアニメ『アオアシ』第2クールノンクレジットオープニングムービー ♪Superfly/「Presence」	https://www.youtube.com/watch?v=xJXGQVe2ha4
TVアニメ「ef - a tale of melodies.」2期OP映像（ebullient future／ELISA）【NBCユニバーサルAnimeMusic30周年記念OP/ED毎日投稿企画】	https://www.youtube.com/watch?v=JscXGnFaMjE
【300万再生!超】TVアニメ『異世界おじさん』ノンクレジットOP 前島麻由「story」	https://www.youtube.com/watch?v=NFS7ZvqOO_A
TVアニメ「ef - a tale of memories.」第1期 OP映像（euphoric field／ELISA）【NBCユニバーサルAnimeMusic30周年記念OP/ED毎日投稿企画】	https://www.youtube.com/watch?v=4oczlUGLmgw
オリジナルTVアニメ「ヒーラー・ガール」歌唱12（第12話）挿入歌パート	https://www.youtube.com/watch?v=F609Y2q47mg
OVA「乃木坂春香の秘密 ふぃな～れ♪」OP映像 （ハッヒィエントは秘密ひみちゅ/ N's）【NBCユニバーサルAnimeMusic30周年記念OP/ED毎日投稿企画】	https://www.youtube.com/watch?v=6xgaCGf3PA0
オリジナルTVアニメ「ヒーラー・ガール」歌唱11（第11話）挿入歌パート	https://www.youtube.com/watch?v=dzD474VTwZY
TVアニメ「乃木坂春香の秘密 ぴゅあれっつぁ♪」OP映像（挑発Cherry Heart ／姫宮みらんとチョコレートロッカース）	https://www.youtube.com/watch?v=Z6fcNf5s_CE
TVアニメ「乃木坂春香の秘密」第1期 OP映像 （とまといヒターチューン／姫宮みらんとチョコレートロッカース）【NBCユニバーサルAnimeMusic30周年記念OP/ED毎日投稿企画】	https://www.youtube.com/watch?v=Xeu1OHrTXbI
オリジナルTVアニメ「ヒーラー・ガール」歌唱10（第10話）挿入歌パート	https://www.youtube.com/watch?v=4dYtkzRKvpo
TVアニメ「灼眼のシャナⅢ-FINAL-」第24話ED映像 ( 川田まみ／光芒）【NBCユニバーサルAnimeMusic30周年記念OP/ED毎日投稿企画】	https://www.youtube.com/watch?v=cjn-5zhlAto
オリジナルTVアニメ「ヒーラー・ガール」歌唱9（第9話）挿入歌パート	https://www.youtube.com/watch?v=gXAvushxa30
TVアニメ「灼眼のシャナⅢ-FINAL-」後期ED映像 (ALTIMA／ONE ）【NBCユニバーサルAnimeMusic30周年記念OP/ED毎日投稿企画】	https://www.youtube.com/watch?v=hpC0tw0uWss
TVアニメ「灼眼のシャナⅢ-FINAL-」後期OP映像 ( 川田まみ／Serment ）【NBCユニバーサルAnimeMusic30周年記念OP/ED毎日投稿企画】	https://www.youtube.com/watch?v=ILOfO22kysk
TVアニメ 「ロウきゅーぶ！」OP映像	https://www.youtube.com/watch?v=Rxz6UgMttac
TVアニメ「灼眼のシャナⅢ-FINAL-」ED映像 （ALTIMA／I'll believe）【NBCユニバーサルAnimeMusic30周年記念OP/ED毎日投稿企画】	https://www.youtube.com/watch?v=MFu6husUZo8
TVアニメ「灼眼のシャナⅢ-FINAL-」OP映像 (KOTOKO／Light My Fire ）【NBCユニバーサルAnimeMusic30周年記念OP/ED毎日投稿企画】	https://www.youtube.com/watch?v=E5czssz-mkg
オリジナルTVアニメ「ヒーラー・ガール」歌唱8（第8話）挿入歌パート	https://www.youtube.com/watch?v=XttOy0UBBMQ
オリジナルTVアニメ「ヒーラー・ガール」歌唱7（第7話）挿入歌パート	https://www.youtube.com/watch?v=koKRdr-EFPM
TVアニメ「ひぐらしのなく頃に礼」 ED映像 (anNina／まなさし ）【NBCユニバーサルAnimeMusic30周年記念OP/ED毎日投稿企画】	https://www.youtube.com/watch?v=x1qkKMU6YHU
OVA「ひぐらしのなく頃に礼」 OP映像 (島みやえい子／super scription of data ）【NBCユニバーサルAnimeMusic30周年記念OP/ED毎日投稿企画】	https://www.youtube.com/watch?v=EeR8waAl2Jw
TVアニメ「ひぐらしのなく頃に解」 ED映像 (anNina／対象a ）【NBCユニバーサルAnimeMusic30周年記念OP/ED毎日投稿企画】	https://www.youtube.com/watch?v=2aXbDfciAIQ
TVアニメ「ひぐらしのなく頃に解」 OP映像 (島みやえい子／奈落の花）【NBCユニバーサルAnimeMusic30周年記念OP/ED毎日投稿企画】	https://www.youtube.com/watch?v=4RhUh8aM0XE
TVアニメ「ひぐらしのなく頃に」 ED映像 (片霧烈火／why, or why not ）【NBCユニバーサルAnimeMusic30周年記念OP/ED毎日投稿企画】	https://www.youtube.com/watch?v=2vIGPwbmmRU
TVアニメ「ひくらしのなく頃に」 OP映像 (島みやえい子／ひくらしのなく頃に）【NBCユニバーサルAnimeMusic30周年記念OP/ED毎日投稿企画】	https://www.youtube.com/watch?v=V9nV4SHbcBA
オリジナルTVアニメ「ヒーラー・ガール」歌唱6（第6話）挿入歌パート	https://www.youtube.com/watch?v=AZQnArXFIRY
TVアニメ「大魔法峠」 ED映像 (田中ぷにえ／骨ある限り榮えあれ!）【NBCユニバーサルAnimeMusic30周年記念OP/ED毎日投稿企画】	https://www.youtube.com/watch?v=kgHC0D8LIFY
TVアニメ「大魔法峠」 OP映像 (田中ぷにえ／大魔法峠）【NBCユニバーサルAnimeMusic30周年記念OP/ED毎日投稿企画】	https://www.youtube.com/watch?v=fakBzNX0W5c
TVアニメ『かぐや様は告らせたい-ウルトラロマンティック-』第5話エンディング映像♪「My Nonfiction」	https://www.youtube.com/watch?v=yWp6SXivHBQ
オリジナルTVアニメ「ヒーラー・ガール」歌唱5（第5話）挿入歌パート	https://www.youtube.com/watch?v=Y4pI_yqBGg0
TVアニメ『サマータイムレンダ』ノンクレジット1stエンディング映像 【♪cadode「回夏」】	https://www.youtube.com/watch?v=1hW__h-C_jI
TVアニメ「オーバーロードⅡ」ノンクレジットED映像【MYTH＆ROID「HYDRA」】	https://www.youtube.com/watch?v=PEWC-IYa1Ws
TVアニメ「オーバーロードⅡ」ノンクレジットOP映像【OxT「GO CRY GO」】	https://www.youtube.com/watch?v=O0c6Lyi3SJw
TVアニメ「ダンス・ダンス・ダンスール」ノンクレジットED	https://www.youtube.com/watch?v=rGZkC0gPF6U
オリジナルTVアニメ「ヒーラー・ガール」歌唱4（第4話）挿入歌パート	https://www.youtube.com/watch?v=wKd3vYZDkBM
TVアニメ『サマータイムレンダ』ノンクレジット1stオープニング映像 【♪マカロニえんぴつ「星が泳ぐ」】	https://www.youtube.com/watch?v=icLOdUKFW8Q
TVアニメ「撲殺天使ドクロちゃん」第2期 ED映像 (ドクロちゃん（千葉紗子）／撲殺音頭でドクロちゃん）【NBCユニバーサルAnimeMusic30周年記念OP/ED毎日投稿企画】	https://www.youtube.com/watch?v=8x_BIgTKbnU
オリジナルTVアニメ「ヒーラー・ガール」歌唱3（第3話）挿入歌パート	https://www.youtube.com/watch?v=Aue6KFIQ7C0
TVアニメ「撲殺天使ドクロちゃん」第2期 OP映像 (ドクロちゃん（千葉紗子）／撲殺天使トクロちゃん2007）【NBCユニバーサルAnimeMusic30周年記念OP/ED毎日投稿企画】	https://www.youtube.com/watch?v=LnCgTmGarRY
TVアニメ「撲殺天使ドクロちゃん」第1期 ED映像 (ドクロちゃん（千葉紗子）／SURVIVE）【NBCユニバーサルAnimeMusic30周年記念OP/ED毎日投稿企画】	https://www.youtube.com/watch?v=57I5XlQ-Lqg
TVアニメ「撲殺天使トクロちゃん」第1期 OP映像 (ドクロちゃん（千葉紗子）／撲殺天使ドクロちゃん）【NBCユニバーサルAnimeMusic30周年記念OP/ED毎日投稿企画】	https://www.youtube.com/watch?v=V27VIAgQlI8
TVアニメ「くノ一ツバキの胸の内」ノンクレジットオープニング映像／the peggies「ハイライト・ハイライト」	https://www.youtube.com/watch?v=kW1fxX25Ktk
『SPY×FAMILY』オープニング主題歌アニメ映像／“SPY × FAMILY” Opening theme song animation	https://www.youtube.com/watch?v=U_rWZK_8vUY
TVアニメ「カッコウの許嫁」ノンクレジットエンディング映像【三月のパンタシア「四角運命」】	https://www.youtube.com/watch?v=0llzTiAMYY8
TVアニメ「ダンス・ダンス・ダンスール」ノンクレジットOP	https://www.youtube.com/watch?v=QuyT2urYb74
TVアニメ『史上最強の大魔王、村人Aに転生する』ノンテロップOP映像	https://www.youtube.com/watch?v=0zP2l5N3zDk
TVアニメ『古見さんは、コミュ症です。』2期 ノンクレジットED【FantasticYouth「小喋日和」】 | 毎週水曜日24時～テレビ東京ほかにて放送中	https://www.youtube.com/watch?v=Ovz1K5ieNCQ
TVアニメ『古見さんは、コミュ症です。』2期 ノンクレジットOP【伊藤美来「青100色」】 | 毎週水曜日24時～テレビ東京ほかにて放送中	https://www.youtube.com/watch?v=-ujQFYiNxQY
オリジナルTVアニメ「ヒーラー・ガール」歌唱2（第2話）挿入歌パート	https://www.youtube.com/watch?v=rHDLHvwQE9Y
TVアニメ『BIRDIE WING ‐Golf Girls' Story‐』ノンクレジットOP｜広瀬香美「Venus Line」	https://www.youtube.com/watch?v=s4CfL2F5ptc
TVアニメ『BIRDIE WING ‐Golf Girls' Story‐』ノンクレジットED｜月詠み「ヨダカ」	https://www.youtube.com/watch?v=wPnaeBaIDH8
TVアニメ「パリピ孔明」OPテーマ「チキチキバンバン」ノンテロップ映像	https://www.youtube.com/watch?v=XicdpSmxuT0
TVアニメ「パリピ孔明」EDテーマ「気分上々↑↑」ノンテロップ映像	https://www.youtube.com/watch?v=0njrO-Qb0u8
TVアニメ「オーバーロード」ノンクレジットOP映像【OxT「Clattanoia」】	https://www.youtube.com/watch?v=gme1ffqskew
ＴVアニメ「このヒーラー、めんどくさい」ノンテロップオープニング	https://www.youtube.com/watch?v=3lT43FcvSh4
TVアニメ『凪のあすから』最終話ED映像（Ray／lull～Earth color of a calm～）【NBCユニバーサルAnimeMusic30周年記念OP/ED毎日投稿企画】	https://www.youtube.com/watch?v=INV83XSs6A4
TVアニメ『可愛いだけじゃない式守さん』ノンクレジットED / 中島由貴「Route BLUE」	https://www.youtube.com/watch?v=_vralhT8x3I
TVアニメ『可愛いだけじゃない式守さん』ノンクレジットOP / なすお☆「ハニージェットコースター」	https://www.youtube.com/watch?v=bWTGWUH9-Nc
TVアニメ『凪のあすから』新ED映像（やなぎなぎ／三つ葉の結びめ）【NBCユニバーサルAnimeMusic30周年記念OP/ED毎日投稿企画】	https://www.youtube.com/watch?v=jbxROAG04Ak
「かぐや様は告らせたい-ウルトラロマンティック-」オープニング映像 ♪鈴木雅之 feat. すぅ「GIRI GIRI」	https://www.youtube.com/watch?v=j3p6sXq_uUM
TVアニメ『RPG不動産』 ノンクレジットOP	https://www.youtube.com/watch?v=zAg6CKhUKxE
TVアニメ『RPG不動産』 ノンクレジットED	https://www.youtube.com/watch?v=zVSypp7QKcg
TVアニメ『凪のあすから』新OP映像（Ray／ebb and flow）【NBCユニバーサルAnimeMusic30周年記念OP/ED毎日投稿企画】	https://www.youtube.com/watch?v=RCcKHjjaqeY
【ノンクレジットOP】TVアニメ「骸骨騎士様、只今異世界へお出掛け中」PelleK「嗚呼、我が浪漫の道よ」	https://www.youtube.com/watch?v=63tS4a_epWI
【ノンクレジットED】TVアニメ「骸骨騎士様、只今異世界へお出掛け中」DIALOGUE＋「僕らが愚かだなんて誰がった」	https://www.youtube.com/watch?v=9n36uxUbtkM
TVアニメ「社畜さんは幼女幽霊に癒されたい。」ノンテロップOP	https://www.youtube.com/watch?v=LepHBNJnVig
TVアニメ『凪のあすから』ED映像（やなぎなぎ／アクアテラリウム）【NBCユニバーサルAnimeMusic30周年記念OP/ED毎日投稿企画】	https://www.youtube.com/watch?v=ALk0_ImQ-fY
TVアニメ「勇者、辞めます」ノンクレジットOP	https://www.youtube.com/watch?v=hJt8cctjXr0
TVアニメ『凪のあすから』OP映像（Ray／lull～そして僕らは～）【NBCユニバーサルAnimeMusic30周年記念OP/ED毎日投稿企画】	https://www.youtube.com/watch?v=fZ0UsDLs_zw
オリジナルTVアニメ「ヒーラー・ガール」歌唱1（第1話）挿入歌パート	https://www.youtube.com/watch?v=CxORKCb4Pmw
『灼眼のシャナS』ED映像（川田まみ／All in good time）【NBCユニバーサルAnimeMusic30周年記念OP/ED毎日投稿企画】	https://www.youtube.com/watch?v=_6cIP5jMcTI
『灼眼のシャナS』OP映像（川田まみ／Prophecy）【NBCユニバーサルAnimeMusic30周年記念OP/ED毎日投稿企画】	https://www.youtube.com/watch?v=7Q5iMX-evKs
TVアニメ『灼眼のシャナⅡ(Second)』第24話ED映像（川田まみ／sense）【NBCユニバーサルAnimeMusic30周年記念OP/ED毎日投稿企画】	https://www.youtube.com/watch?v=711ZriFNCRY
TVアニメ『灼眼のシャナⅡ(Second)』後期ED映像（KOTOKO／Sociometry）【NBCユニバーサルAnimeMusic30周年記念OP/ED毎日投稿企画】	https://www.youtube.com/watch?v=gF82egMKPU4
TVアニメ『阿波連さんははかれない』ノンクレジットOPムービー／OPテーマ：TrySail「はなれない距離」	https://www.youtube.com/watch?v=eirZBq6kpz4
アニメ「処刑少女の生きる道(バージンロード)」 OP映像	https://www.youtube.com/watch?v=6ixSWvF7L-A
TVアニメ『灼眼のシャナⅡ(Second)』後期OP映像（KOTOKO／BLAZE）【NBCユニバーサルAnimeMusic30周年記念OP/ED毎日投稿企画】	https://www.youtube.com/watch?v=JuRdIzlAFCA
TVアニメ『灼眼のシャナⅡ(Second)』ED映像（川田まみ／triangle）【NBCユニバーサルAnimeMusic30周年記念OP/ED毎日投稿企画】	https://www.youtube.com/watch?v=d-ggflo-rMs
TVアニメ『灼眼のシャナⅡ(Second)』OP映像（川田まみ／JOINT）【NBCユニバーサルAnimeMusic30周年記念OP/ED毎日投稿企画】	https://www.youtube.com/watch?v=VSOnIahWAs4
TVアニメ『灼眼のシャナ』後期ED映像（石田燿子／紅の静寂）【NBCユニバーサルAnimeMusic30周年記念OP/ED毎日投稿企画】	https://www.youtube.com/watch?v=VF2lHF7r52o
TVアニメ『灼眼のシャナ』後期OP映像（KOTOKO／being）【NBCユニバーサルAnimeMusic30周年記念OP/ED毎日投稿企画】	https://www.youtube.com/watch?v=mRr4QAtlKqM
TVアニメ『灼眼のシャナ』ED映像（高橋洋子／夜明け生まれ来る少女）【NBCユニバーサルAnimeMusic30周年記念OP/ED毎日投稿企画】	https://www.youtube.com/watch?v=sld64Husm3E
TVアニメ『灼眼のシャナ』OP映像（川田まみ／緋色の空）【NBCユニバーサルAnimeMusic30周年記念OP/ED毎日投稿企画】	https://www.youtube.com/watch?v=It40QocKltc
TVアニメ「ジョジョの奇妙な冒険」 OP映像	https://www.youtube.com/watch?v=BW4H15rK6iI
TVアニメ「ジョジョの奇妙な冒険 スターダストクルセイダース」 OP映像	https://www.youtube.com/watch?v=dfFfMRC3E1g
TVアニメ「ストライク・ザ・ブラッド」 OP映像	https://www.youtube.com/watch?v=gC68s6hlHwM
TVアニメ「GATE 自衛隊 彼の地にて、斯く戦えり」 OP映像	https://www.youtube.com/watch?v=WbG0zX22uhY
TVアニメ「selector infected WIXOSS」 OP映像	https://www.youtube.com/watch?v=SRPqswHvUyw
TVアニメ「リトルバスターズ！」 OP映像	https://www.youtube.com/watch?v=SuQTqjqCATM
TVアニメ「アクセル・ワールド」OP映像	https://www.youtube.com/watch?v=ZMQaUjEXOxo
TVアニメ「神様のメモ帳」 OP映像	https://www.youtube.com/watch?v=SQv7v9WWh3E
TVアニメ「テラフォーマーズ」OP映像	https://www.youtube.com/watch?v=yF9N8g3whII
TVアニメ「カンピオーネ！～まつろわぬ神々と神殺しの魔王～」 OP映像	https://www.youtube.com/watch?v=ZKumuxgTw9c
TVアニメ「食戟のソーマ」 OP映像	https://www.youtube.com/watch?v=lblD_eFlJ38
TVアニメ「ダンジョンに出会いを求めるのは間違っているだろうか」 OP映像	https://www.youtube.com/watch?v=IfYa8XquHHE
TVアニメ「SHIROBAKO」OP映像	https://www.youtube.com/watch?v=WLIVxA60oR4
TVアニメ「監獄学園」 OP映像	https://www.youtube.com/watch?v=inQjzYjmznk
TVアニメ「放課後のプレアデス」 OP映像	https://www.youtube.com/watch?v=Ymm8j05hrCM
TVアニメ「白銀の意思 アルジェヴォルン」 OP映像	https://www.youtube.com/watch?v=6BU51J5BuWE
TVアニメ「ジョジョの奇妙な冒険 黄金の風」 OP映像	https://www.youtube.com/watch?v=xgWr4cKD4AU
TVアニメ「ジョジョの奇妙な冒険 ダイヤモンドは砕けない」 OP映像	https://www.youtube.com/watch?v=FrI_31R-EfM
TVアニメ「モブサイコ100」OP映像	https://www.youtube.com/watch?v=pUdaXUUDUew
TVアニメ「とある科学の超電磁砲T」OP映像	https://www.youtube.com/watch?v=RjWvdPxq-kw
TVアニメ「赤髪の白雪姫」 OP映像	https://www.youtube.com/watch?v=_wr7W763qIA
TVアニメ 「とある魔術の禁書目録 Ⅲ」 OP映像	https://www.youtube.com/watch?v=VObytWouSdw
TVアニメ「映像研には手を出すな！」OP映像	https://www.youtube.com/watch?v=DDD46sZN3JY
TVアニメ 「ソード・オラトリア ダンジョンに出会いを求めるのは間違っているだろうか 外伝」OP映像	https://www.youtube.com/watch?v=dIrx5TfDLJI
TVアニメ「とある科学の一方通行」 OP映像	https://www.youtube.com/watch?v=Tb9PwkSqIjE
TVアニメ「Lostorage incited WIXOSS」 OP映像	https://www.youtube.com/watch?v=g9ASK8p3E3I
TVアニメ「ヘヴィーオブジェクト」 OP映像	https://www.youtube.com/watch?v=oYkzvu_gw5A
TVアニメ「競女!!!!!!!!」OP映像	https://www.youtube.com/watch?v=uq0TemEugWY
TVアニメ 「風夏」 OP映像	https://www.youtube.com/watch?v=dDYPN4hb6eo
TVアニメ「博多豚骨ラーメンズ」 OP映像	https://www.youtube.com/watch?v=QAES42rg3Ow
TVアニメ「トニカクカワイイ」 OP映像	https://www.youtube.com/watch?v=TCrU1LSd5c8
TVアニメ「ひそねとまそたん」 OP映像	https://www.youtube.com/watch?v=tFSwL6LWKmU
TVアニメ「スクールガールストライカーズ」 OP映像	https://www.youtube.com/watch?v=ZYUcw3_dAwA
TVアニメ 「覆面系ノイズ」 OP映像	https://www.youtube.com/watch?v=7-vC0CU9Qrk
TVアニメ 「少女たちは荒野を目指す」 OP映像	https://www.youtube.com/watch?v=SZKsNXOCnNE
TVアニメ 「100万の命の上に俺は立っている」 OP映像	https://www.youtube.com/watch?v=QKHOBc62Cws
TVアニメ 「MARGINAL #4 Kissから創造る BIG BANG」OP映像	https://www.youtube.com/watch?v=Y_DyDN6OJUA
TVアニメ「天狼 Sirius the Jaeger」OP映像	https://www.youtube.com/watch?v=IQHtKpigY5s
オープニングテーマ「チャージマン研！」〈4K版〉	https://www.youtube.com/watch?v=pxm1X0G9d7s
TVアニメ『天才王子の赤字国家再生術』ノンクレジットエンディング映像	https://www.youtube.com/watch?v=JMnQvCUtiu4
TVアニメ『天才王子の赤字国家再生術』ノンクレジットオープニング映像	https://www.youtube.com/watch?v=QLJv2n54-qo
TVアニメ『明日ちゃんのセーラー服』ノンクレジットED「明日ちゃんのなわとび」／EDテーマ「風にまかせて」明日小路(CV.村上まなつ)	https://www.youtube.com/watch?v=_gCFBosc6Go
TVアニメ『明日ちゃんのセーラー服』ノンクレジットEDアニメーション／EDテーマ「Baton」明日小路(CV.村上まなつ)	https://www.youtube.com/watch?v=bGfqZi1e1jY
TVアニメ『明日ちゃんのセーラー服』ノンクレジットOPアニメーション／OPテーマ「はじまりのセツナ」梅学園中等部1年3組	https://www.youtube.com/watch?v=6doKKoHQmTI
『怪人開発部の黒井津さん』ノンクレジットオープニング映像	https://www.youtube.com/watch?v=DFBSTnuzTko
TVアニメ「プリンセスチュチュ」ノンテロップオープニング | 岡崎律子「Morning Grace」	https://www.youtube.com/watch?v=IwYcU3RSgWI
TVアニメ「スローループ」OP&EDスペシャルPV	https://www.youtube.com/watch?v=LLsMfEn24wU
アニメ「プリンセスコネクト！Re:Dive Season 2」オープニング・テーマ「Lost Princess」ノンテロップ映像	https://www.youtube.com/watch?v=jMRKYvE5h6A
TVアニメ『失格紋の最強賢者』ED映像（中島由貴／Day of Bright Sunshine）	https://www.youtube.com/watch?v=QrVT28DJsvI
TVアニメ『失格紋の最強賢者』OP映像（fripSide／Leap of faith）	https://www.youtube.com/watch?v=7bdxzAbsHf0
TVアニメ『終末のハーレム』ノンクレジットED／EDテーマ：EXiNA「ENDiNG MiRAGE」	https://www.youtube.com/watch?v=Bblq6x5GaA0
TVアニメ「ハコヅメ～交番女子の逆襲～」ノンクレジットED【2022年1月5日(水)より好評放送中！】	https://www.youtube.com/watch?v=mJK0_e5omCY
「進撃の巨人」The Final Season Part 2ノンクレジットED｜ヒグチアイ「悪魔の子」	https://www.youtube.com/watch?v=9lnh--ZOPyo
「進撃の巨人」The Final Season Part 2ノンクレジットOP ｜SiM「The Rumbling」	https://www.youtube.com/watch?v=2S4qGKmzBJE
TVアニメ「その着せ替え人形は恋をする」ノンテロップエンディング映像	https://www.youtube.com/watch?v=_8rk_af6ApM
TVアニメ「その着せ替え人形は恋をする」ノンテロップオープニング映像	https://www.youtube.com/watch?v=oG4eu4HMtbo
TVアニメ『終末のハーレム』ノンクレジットOP／OPテーマ：H-el-ical//「JUST DO IT」	https://www.youtube.com/watch?v=v6t1SLEh5J8
TVアニメ「リアデイルの大地にて」ノンテロップOP	https://www.youtube.com/watch?v=drCEDL7IKlw
アニメ『ドールズフロントライン』エンディング映像（先行公開）/Girls' Frontline the Animation: ED movie	https://www.youtube.com/watch?v=mcCjZvU0cQE
TVアニメ「ハコヅメ～交番女子の逆襲～」ノンクレジットOP【2022年1月5日(水)より好評放送中！】	https://www.youtube.com/watch?v=ND1ZVAIQr1Q
TVアニメ『無職転生』第23話ノンクレジットOPムービー／OPテーマ：「旅人の唄 ～帰郷～」大原ゆい子	https://www.youtube.com/watch?v=vhRf4uBPzbU
【セレプロ】Glorious Days/9-tie【TVアニメ「SELECTION PROJECT」毎週金曜日大好評放送中!】	https://www.youtube.com/watch?v=UxDrCvVLEPM
TVアニメ『無職転生』第22話ノンクレジットOPムービー／OPテーマ：「旅人の唄 ～帰郷～」大原ゆい子	https://www.youtube.com/watch?v=NZjoG-0KGC0
アニメ『ドールズフロントライン』オープニング映像（先行公開）/Girls' Frontline the Animation: OP movie	https://www.youtube.com/watch?v=CMBRGPOJ4lU
TVアニメ『無職転生』第21話ノンクレジットOPムービー／OPテーマ：「遠くの子守の唄」大原ゆい子	https://www.youtube.com/watch?v=Ka6lvWvXbhw
【セレプロ】いつか かなう 夢/9-tie【TVアニメ「SELECTION PROJECT」大好評放送中！】	https://www.youtube.com/watch?v=ZpaP2mA2mfg
オリジナルTVアニメ「ヒーラー・ガール」オープニング映像	https://www.youtube.com/watch?v=49UDf5sTfMU
TVアニメ『無職転生』第20話ノンクレジットOPムービー／OPテーマ：「遠くの子守の唄」大原ゆい子	https://www.youtube.com/watch?v=cb0idLH-CnY
TVアニメ『無職転生』第19話ノンクレジットOPムービー／OPテーマ：「遠くの子守の唄」大原ゆい子	https://www.youtube.com/watch?v=d79iZcngOGQ
TVアニメ『無職転生』第18話ノンクレジットOPムービー／OPテーマ：「祈りの唄」大原ゆい子	https://www.youtube.com/watch?v=kJFrz2qBy-o
TVアニメ『無職転生』第17話ノンクレジットOPムービー／OPテーマ：「祈りの唄」大原ゆい子	https://www.youtube.com/watch?v=yAj0Oj4lRKk
【セレプロ】Naked Blue/9-tie【TVアニメ「SELECTION PROJECT」大好評放送中！】	https://www.youtube.com/watch?v=DXGe4mn_2Js
TVアニメ『無職転生』第16話ノンクレジットOPムービー／OPテーマ：「祈りの唄」大原ゆい子	https://www.youtube.com/watch?v=Zf3zKKf1FNU
【公式】アニメ『金色のガッシュベル！！』OP映像：千綿ヒデノリ「カサブタ」/Zatch Bell!!	https://www.youtube.com/watch?v=jB6PAfKhbW8
TVアニメ『無職転生』第15話ノンクレジットOPムービー／OPテーマ：「継承の唄」大原ゆい子	https://www.youtube.com/watch?v=MUgaOXXf58w
【セレプロ】NOiSY MONSTER/GAPsCAPs【TVアニメ「SELECTION PROJECT」大好評放送中！】	https://www.youtube.com/watch?v=OO9zNw_uHg4
TVアニメ『無職転生』第14話ノンクレジットOPムービー／OPテーマ：「継承の唄」大原ゆい子	https://www.youtube.com/watch?v=1vNVI9gINtg
TVアニメ『サクガン』オープニング映像	https://www.youtube.com/watch?v=mioIKXKsZng
【限定公開】Starlight Prologue / Liella!【TVアニメ『ラブライブ！スーパースター!!』第12話挿入歌】	https://www.youtube.com/watch?v=Ccyjkq75T9E
SMILE PRINCESS『ファイオー・ファイト！』（TVサイズ）	https://www.youtube.com/watch?v=tqEyVyuLvvM
TVアニメ『ジャヒー様はくじけない！』第2クールノンクレジットオープニング映像	https://www.youtube.com/watch?v=Rx08l9bcEpI
TVアニメ『無職転生』第13話ノンクレジットOPムービー／OPテーマ：「目覚めの唄」大原ゆい子	https://www.youtube.com/watch?v=sRjYwdmaNNQ
【セレプロ】B.B./Suzu☆Rena【TVアニメ「SELECTION PROJECT」大好評放送中！】	https://www.youtube.com/watch?v=fCoZbnPdNwE
【セレプロ】TVアニメ「SELECTION PROJECT」EDテーマ「Only one yell」	https://www.youtube.com/watch?v=ZdZB_gZZR2g
TVアニメ「メガトン級ムサシ」ノンクレジットOP／【ずま（虹色侍）『ＭＵＳＡＳＨＩ』】	https://www.youtube.com/watch?v=lRNV7g-t8Ow
TVアニメ『暗殺貴族』ノンクレジットOP映像｜ニノミヤユイ「Dark seeks light」	https://www.youtube.com/watch?v=Qnebg3Ctfzs
TVアニメ「大正オトメ御伽話」ノンテロップED映像／土岐隼一「真心に奏」	https://www.youtube.com/watch?v=ftON6pCWmIw
TVアニメ「大正オトメ御伽話」ノンテロップOP映像／GARNiDELiA「オトメの心得」	https://www.youtube.com/watch?v=NQKHaom81RM
TVアニメ『古見さんは、コミュ症です。』ノンクレジットED 【Kitri「ヒカレイノチ」】| 毎週水曜日24時～テレビ東京ほかにて放送中！	https://www.youtube.com/watch?v=NLwC7eu-Zfw
TVアニメ「最果てのパラディン」ノンクレジットOP【H-el-ical//「The Sacred Torch」】	https://www.youtube.com/watch?v=l3kj86i7wQ0
TVアニメ「先輩がうざい後輩の話」OPムービー / アノーイング！さんさんウィーク！	https://www.youtube.com/watch?v=AXtfzKaKr4I
TVアニメ『無職転生』第12話ノンクレジットOPムービー／OPテーマ：「目覚めの唄」大原ゆい子	https://www.youtube.com/watch?v=ZwJZa9mrwBw
【セレプロ】TVアニメ「SELECTION PROJECT」OPテーマ「Glorious Days」	https://www.youtube.com/watch?v=op_ZDVVI2yk
TVアニメ『古見さんは、コミュ症です。』ノンクレジットOP 【サイダーガール「シンデレラ」】| 毎週水曜日24時～テレビ東京ほかにて放送中！	https://www.youtube.com/watch?v=pRFgMtHtvYY
TVアニメ『takt op.Destiny』オープニングムービー	https://www.youtube.com/watch?v=wmWX6ZGSzuE
【限定公開】ノンフィクション!! / Liella!【TVアニメ『ラブライブ！スーパースター!!』第10話挿入歌】	https://www.youtube.com/watch?v=_oZ3EcOO5xU
【南條愛乃】アニメ『進化の実～知らないうちに勝ち組人生～』OPテーマ「EVOLUTiON：」アニメ映像	https://www.youtube.com/watch?v=1Cbu8GDnnBg
『無職転生 ～異世界行ったら本気だす～』第2クールノンクレジットEDムービー／EDテーマ：「風と行く道」大原ゆい子	https://www.youtube.com/watch?v=PINgF6rCuME
「デジモンゴーストゲーム」オープニング映像（曲・FACTION）	https://www.youtube.com/watch?v=qO5E5De0Atw
TVアニメ「８６―エイティシックス―」第2クールオープニング映像／amazarashi「境界線」	https://www.youtube.com/watch?v=7YnI1h8HNZo
『プリンセス・プリンシパル Crown Handler』 オープニング映像	https://www.youtube.com/watch?v=PA-hTrwynWg
【公式】アニメ『守護月天！』OP映像：SURFACE「さぁ」/Mamotte Shugogetten!	https://www.youtube.com/watch?v=I2ykU0wTci4
TVアニメ「平家物語」オープニング映像：羊文学「光るとき」	https://www.youtube.com/watch?v=iL0Nh-Ir4Y8
【公式】アニメ『Yes！プリキュア5』OP映像：工藤真由「プリキュア5、スマイルgo go！」/Yes! PreCure 5	https://www.youtube.com/watch?v=jc2jjefHFrI
【限定公開】Wish Song / Liella!【TVアニメ『ラブライブ！スーパースター!!』第8話挿入歌】	https://www.youtube.com/watch?v=KL2l7nH8Uus
【公式】アニメ『おジャ魔女どれみ』OP映像：MAHO堂「おジャ魔女カーニバル!!」/Magical Doremi	https://www.youtube.com/watch?v=BWG_OOCRoQo
【限定公開】常夏☆サンシャイン / 澁谷かのん、唐 可可、嵐 千砂都、平安名すみれ【TVアニメ『ラブライブ！スーパースター!!』第6話挿入歌】	https://www.youtube.com/watch?v=XR3h_agJgXQ
TVアニメ『死神坊ちゃんと黒メイド』第10話ED映像「ふくろうと仔猫」	https://www.youtube.com/watch?v=zoflf-IROl4
TVアニメ『死神坊ちゃんと黒メイド』第9話挿入歌映像「Make a wish」	https://www.youtube.com/watch?v=nISxFjCi7rc
TVアニメ「かげきしょうじょ!!」ノンテロップED | 沢田千夏×沢田千秋「薔薇と私」	https://www.youtube.com/watch?v=fAEwPDiVKaw
TVアニメ「かげきしょうじょ!!」ノンテロップED | 星野 薫「薔薇と私」	https://www.youtube.com/watch?v=DSkECVCQ8bo
TVアニメ『転生したらスライムだった件』オープニング	https://www.youtube.com/watch?v=VWbi94D-Z-o
TVアニメ『転生したらスライムだった件 第2期』オープニング 第二弾	https://www.youtube.com/watch?v=6-T53dBPhKg
【10周年記念】「あの日見た花の名前を僕達はまだ知らない。」ED映像「secret base ～君がくれたもの～」B ver.	https://www.youtube.com/watch?v=Of36Qh7WLSQ
TVアニメ「迷宮ブラックカンパニー」ノンクレジットエンディング映像（ダンスver.）	https://www.youtube.com/watch?v=BT6KV5G6-NM
【限定公開】Tiny Stars / 澁谷かのん、唐 可可【TVアニメ『ラブライブ！スーパースター!!』第3話挿入歌】	https://www.youtube.com/watch?v=gmpCJnMfMR4
TVアニメ『精霊幻想記』ノンクレジットED｜大西亜玖璃「Elder flower」	https://www.youtube.com/watch?v=IpulPk2I2wc
【FILM LIVE】Roselia「FIRE BIRD」ライブシーン	https://www.youtube.com/watch?v=iYBt-rlYu1A
TVアニメ「月が導く異世界道中」4話ノンクレジットED / 「ああ人生に涙あり」巴（CV：佐倉綾音）、澪（CV：鬼頭明里）	https://www.youtube.com/watch?v=ppyOmT9IvJM
TVアニメ「かげきしょうじょ!!」ノンテロップED | 杉本紗和×山田彩子「シナヤカナミライ」	https://www.youtube.com/watch?v=NJowuHDWDT0
TVアニメ『ぼくたちのリメイク』ノンクレジットED「可能性」	https://www.youtube.com/watch?v=tb-sTTXD91Q
TVアニメ『ぼくたちのリメイク』ノンクレジットOP「ここから先は歌にならない」	https://www.youtube.com/watch?v=M0BXM37m8cs
TVアニメ「迷宮ブラックカンパニー」エンディングノンクレジット映像	https://www.youtube.com/watch?v=kEzQVgluFlY
TVアニメ「迷宮ブラックカンパニー」オープニングノンクレジット映像	https://www.youtube.com/watch?v=PiJhVaGBZc8
TVアニメ「平穏世代の韋駄天達」ノンクレジットオープニングムービー	https://www.youtube.com/watch?v=6xsg8M7UDk8
【限定公開】START!! True dreams / Liella!【TVアニメ『ラブライブ！スーパースター!!』OP主題歌】	https://www.youtube.com/watch?v=HGkoec4genw
【限定公開】未来は風のように / Liella!【TVアニメ『ラブライブ！スーパースター!!』ED主題歌 第2話ver.】	https://www.youtube.com/watch?v=A1bleJVhZeY
TVアニメ『死神坊ちゃんと黒メイド』EDテーマ「アリス（CV. 真野あゆみ）／夜想曲(ノクターン)」フルサイズアニメMV	https://www.youtube.com/watch?v=Ql6ouR2NqN0
TVアニメ『死神坊ちゃんと黒メイド』ED映像（アリス（CV. 真野あゆみ）／夜想曲（ノクターン））	https://www.youtube.com/watch?v=qTdkBLjKBvM
「トロピカル～ジュ！プリキュア」後期エンディング主題歌「あこがれ Go My Way!!」（ノンテロップver)	https://www.youtube.com/watch?v=gLGe8w0vuNg
TVアニメ「うらみちお兄さん」きょうのうた『傘持ってないときに限って雨降るのなんで』	https://www.youtube.com/watch?v=oV2EdcOaNT0
TVアニメ『白い砂のアクアトープ』ノンクレジットOP / ARCANA PROJECT「たゆたえ、七色」	https://www.youtube.com/watch?v=htcdkm5xqVo
TVアニメ「月が導く異世界道中」ノンクレジットED / Ezoshika Gourmet Club「ビューティフル・ドリーマー」	https://www.youtube.com/watch?v=UbFJuzkkqYE
【限定公開】未来予報ハレルヤ！ / Liella!【TVアニメ『ラブライブ！スーパースター!!』第1話挿入歌】	https://www.youtube.com/watch?v=BHzYNQ-irmU
TVアニメ『死神坊ちゃんと黒メイド』第2話挿入歌映像「坊ちゃん（CV. 花江夏樹）／月と猫のコンチェルト」	https://www.youtube.com/watch?v=_HiHcZmtUMY
TVアニメ「かげきしょうじょ!!」ノンテロップED | 渡辺さらさ×奈良田 愛「星の旅人」	https://www.youtube.com/watch?v=bC6d7AyKHeE
TVアニメ『ピーチボーイリバーサイド』ノンクレジットエンディング映像	https://www.youtube.com/watch?v=K3xCh0vKXRQ
TVアニメ「月が導く異世界道中」1話ノンクレジットED/「ああ人生に涙あり」深澄 真（CV：花江夏樹）	https://www.youtube.com/watch?v=SbJsvN3qlT0
TVアニメ「月が導く異世界道中」ノンクレジットOP / syudou「ギャンブル」	https://www.youtube.com/watch?v=EcAEWAQR9M4
TVアニメ「平穏世代の韋駄天達」ノンクレジットエンディングムービー	https://www.youtube.com/watch?v=p2UXrzoaC5E
TVアニメ「うらみちお兄さん」オープニングテーマ『ABC体操』ノンクレジットVer.	https://www.youtube.com/watch?v=r1vynRah0Lk
TVアニメ「うらみちお兄さん」エンディングテーマ『Dream on 』ノンクレジットVer.	https://www.youtube.com/watch?v=O8Dj2zXEhW0
TVアニメ『精霊幻想記』ノンクレジットOP｜高野麻里佳「New story」	https://www.youtube.com/watch?v=CRHgTwCX190
TVアニメ『死神坊ちゃんと黒メイド』OP映像（坊ちゃん（CV. 花江夏樹）＆アリス（CV. 真野あゆみ）／満月とシルエットの夜）	https://www.youtube.com/watch?v=s0jXU1OwG7I
TVアニメ「ゾンビランドサガ リベンジ」第12話挿入歌『REVENGE』／10月16日(土)&17日(日)幕張LIVE開催決定！	https://www.youtube.com/watch?v=z5sV4JlIHHY
TVアニメ「ゾンビランドサガ リベンジ」第12話挿入歌『追い風トラベラーズ』／10月16日(土)&17日(日)幕張LIVE開催決定！	https://www.youtube.com/watch?v=zEVzsyRGAqI
TVアニメ「ゾンビランドサガ リベンジ」第12話挿入歌『輝いて』／10月16日(土)&17日(日)幕張LIVE開催決定！	https://www.youtube.com/watch?v=GXLjzgZsSVg
TVアニメ「カノジョも彼女」ノンクレジットOPムービー／ネクライトーキー「ふざけてないぜ」	https://www.youtube.com/watch?v=hk1wJaZx5tE
TVアニメ「カノジョも彼女」ノンクレジットEDムービー／麻倉もも「ピンキーフック」	https://www.youtube.com/watch?v=RtbaTwOXv0c
TVアニメ『ピーチボーイリバーサイド』ノンクレジットオープニング映像	https://www.youtube.com/watch?v=aQp50RVS2XM
TVアニメ「ゾンビランドサガ リベンジ」第11話挿入歌『Never ending saga』／TOKYO MX、AT-Xほかにて放送中！	https://www.youtube.com/watch?v=plmzB55T3VE
【10周年記念】「あの日見た花の名前を僕達はまだ知らない。」(2013年)OP映像「サークルゲーム」(Galileo Galilei)	https://www.youtube.com/watch?v=NPSGUbTluVo
【期間限定公開】TVアニメ「Vivy -Fluorite Eye's Song-」7話 劇中歌映像｜「Galaxy Anthem」ディーヴァ（Vo.八木海莉）	https://www.youtube.com/watch?v=bySay9gB7sQ
【期間限定公開】TVアニメ「Vivy -Fluorite Eye's Song-」6話 劇中歌映像｜「Sing My Pleasure（Grace Ver.）」グレイス（Vo.小玉ひかり）	https://www.youtube.com/watch?v=FmzkbCo70B0
【10周年記念】「あの日見た花の名前を僕達はまだ知らない。」OP映像「青い栞」(Galileo Galilei)	https://www.youtube.com/watch?v=kpeCOzKvK-0
TVアニメ「ゾンビランドサガ リベンジ」第9話挿入歌『佐賀事変』／TOKYO MX、AT-Xほかにて放送中！	https://www.youtube.com/watch?v=WiR-iy6_coA
TVアニメ「ゾンビランドサガ リベンジ」第7話挿入歌『ぶっちゃけてフォーユー』／TOKYO MX、AT-Xほかにて放送中！	https://www.youtube.com/watch?v=dffKtC7fOIE
LiSA「crossing field」／「ソードアート・オンライン」第1期1stクール ノンクレジットOP	https://www.youtube.com/watch?v=Y4kfe8R1Iqs
TVアニメ「ゾンビランドサガ リベンジ」第5話挿入歌『リトルパラッポ 』／TOKYO MX、AT-Xほかにて放送中！	https://www.youtube.com/watch?v=6PUi7iAU90o
TVアニメ「ゾンビランドサガ リベンジ」第4話挿入歌『目覚めRETURNER (Electric Returner Type "R") 』／TOKYO MX、AT-Xほかにて放送中！	https://www.youtube.com/watch?v=qyeHaw7bTuY
TVアニメ「ゾンビランドサガ リベンジ」第4話挿入歌『激昂サバイブ』／TOKYO MX、AT-Xほかにて放送中！	https://www.youtube.com/watch?v=e9Azkg9y-I4
「トロピカル～ジュ！プリキュア」オープニング主題歌「Viva! Spark!トロピカル～ジュ！プリキュア」（ノンテロップver)	https://www.youtube.com/watch?v=jZk_rwLgsC4
TVアニメ「ゾンビランドサガ リベンジ」第3話挿入歌『50と4つの忘れ物』／TOKYO MX、AT-Xほかにて放送中！	https://www.youtube.com/watch?v=PoVYXBG2yBg
TVアニメ「ゾンビランドサガ リベンジ」EDテーマ『夢を手に、戻れる場所もない日々を』／TOKYO MX、AT-Xほかにて放送中！	https://www.youtube.com/watch?v=d8IBHlgHsS0
TVアニメ「８６―エイティシックス―」第2話エンディング映像／SawanoHiroyuki[nZk]:mizuki「Avid」	https://www.youtube.com/watch?v=vMdlbE-MzF8
【期間限定公開】TVアニメ「Vivy -Fluorite Eye's Song-」4話 劇中歌映像｜「Ensemble for Polaris」エステラ（Vo.六花）・エリザベス（Vo.乃藍）	https://www.youtube.com/watch?v=Qa0ke1sHNCA
【期間限定公開】TVアニメ「Vivy -Fluorite Eye's Song-」ノンクレジットオープニング映像｜「Sing My Pleasure」ヴィヴィ（Vo.八木海莉）	https://www.youtube.com/watch?v=2p8ig-TrYPY
「スライム倒して300年、知らないうちにレベルMAXになってました」ノンテロップOP 悠木碧「ぐだふわエブリデー」	https://www.youtube.com/watch?v=n6q-99Q0BlI
TVアニメ「ゾンビランドサガ リベンジ」第2話挿入歌『風の強い日は嫌いか？ FranChouChou cover』／TOKYO MX、AT-Xほかにて放送中！	https://www.youtube.com/watch?v=V8JOucwvA3c
TVアニメ「ゾンビランドサガ リベンジ」OPテーマ『大河よ共に泣いてくれ』／TOKYO MX、AT-Xほかにて放送中！	https://www.youtube.com/watch?v=R1HSo6WFHtc
TVアニメ「蜘蛛ですが、なにか？」アニメノンクレジット視聴動画／後期EDテーマ「現実凸撃ヒエラルキー」歌：「私」（CV:悠木碧）	https://www.youtube.com/watch?v=VpWX6pWz_0M
TVアニメ「蜘蛛ですが、なにか？」アニメノンクレジット視聴動画／後期OPテーマ「Bursty Greedy Spider」歌：鈴木このみ	https://www.youtube.com/watch?v=4x1PJljsiyM
TVアニメ「幼なじみが絶対に負けないラブコメ」OPテーマ試聴動画	https://www.youtube.com/watch?v=pAsIcyHr2I0
TVアニメ「ゾンビランドサガ リベンジ」第1話挿入歌『イカの魂無駄にはしない～小島食品工場株式会社社歌～』／TOKYO MX、AT-Xほかにて放送中！	https://www.youtube.com/watch?v=B5sVQEL4G7Y
TVアニメ「８６―エイティシックス―」オープニング映像／#ヒトリエ「3分29秒」	https://www.youtube.com/watch?v=plUBYKEeloI
【SSSS.DYNAZENON】ノンクレジットOP｜オーイシマサヨシ「インパーフェクト」[Clean OP] Masayoshi Oishi	https://www.youtube.com/watch?v=j6N2DV3lclY
TVアニメ「ゾンビランドサガ リベンジ」第1話挿入歌『REVENGE』／TOKYO MX、AT-Xほかにて放送中！	https://www.youtube.com/watch?v=UKT7PDom8h4
TVアニメ「灼熱カバディ」ノンテロップOP	https://www.youtube.com/watch?v=D_zI9yMqBDc
【SSSS.DYNAZENON】ノンクレジットED｜内田真礼「ストロボメモリー」[Clean ED] Uchida Maaya	https://www.youtube.com/watch?v=YnHL_eWtwqA
TVアニメ「魔道祖師」羨雲編オープニングムービー【CIVILIAN「導（しるべ）」】	https://www.youtube.com/watch?v=UBIIgoUSY8c
【OP】ぱにぽにだっしゅ！ /「黄色いバカンス」	https://www.youtube.com/watch?v=LSc-sF2QEHk
【特別公開】『ゆるキャン△ SEASON２』ノンクレジットOP／亜咲花『Seize The Day』	https://www.youtube.com/watch?v=SvTb43SY460
【OP】じょしらく/「お後がよろしくって…よ!」	https://www.youtube.com/watch?v=-L69oMoyHzo
TVアニメ「Re:ゼロから始める異世界生活」2nd season 後期OPテーマ「Long shot」前島麻由 アニメ視聴動画	https://www.youtube.com/watch?v=uQfd61IZjMM
『無職転生 ～異世界行ったら本気だす～』ノンクレジットEDムービー／EDテーマ：「オンリー」大原ゆい子	https://www.youtube.com/watch?v=3mLWoJF17U4
TVアニメ『呪術廻戦』ノンクレジットOPムービー／第2クールOPテーマ：Who-ya Extended「VIVID VICE」	https://www.youtube.com/watch?v=8nNujr378EA
TVアニメ『呪術廻戦』ノンクレジットEDムービー／第2クールEDテーマ：C shu Nie「give it back」	https://www.youtube.com/watch?v=u9rT73uzVKI
TVアニメ「弱キャラ友崎くん」OP映像 / DIALOGUE＋『人生イージー？』	https://www.youtube.com/watch?v=gsKKUARdgE0
TVアニメ「IDOLY PRIDE -アイドリープライド-」OP映像	https://www.youtube.com/watch?v=kIZe_4gpf58
TVアニメ『ウマ娘 プリティーダービー Season 2』ノンテロップED映像	https://www.youtube.com/watch?v=h8WBWLQpreY
TVアニメ『ウマ娘 プリティーダービー Season 2』ノンテロップOP映像	https://www.youtube.com/watch?v=6zQ0myS_o60
『たとえばラストダンジョン前の村の少年が序盤の街で暮らすような物語』ノンクレジットED	https://www.youtube.com/watch?v=uGVOU81kHic
『たとえばラストダンジョン前の村の少年が序盤の街で暮らすような物語』ノンクレジットOP	https://www.youtube.com/watch?v=3tgOjeAH6ps
【OP】TVアニメ『怪病医ラムネ』	https://www.youtube.com/watch?v=uyq81CJ8-Zg
TVアニメ「蜘蛛ですが、なにか？」アニメノンクレジット視聴動画／OPテーマ「keep weaving your spider way」歌：安月名莉子	https://www.youtube.com/watch?v=tHJvb5iW4QY
TVアニメ「蜘蛛ですが、なにか？」アニメノンクレジット視聴動画／EDテーマ「がんばれ！蜘蛛子さんのテーマ」歌：「私」（CV:悠木碧）	https://www.youtube.com/watch?v=GWdT5Xdi4DA
TVアニメ「呪術廻戦」第13話 ノンクレジットOP	https://www.youtube.com/watch?v=J0qdaaBrank
TVアニメ「BEASTARS」 第2期オープニング　ノンクレジット版／YOASOBI　『怪物』	https://www.youtube.com/watch?v=LJBHySglLXU
【OP】とらドラ！/「プレパレード」	https://www.youtube.com/watch?v=F0_tR6kZVI4
【ED】とらドラ！/「バニラソルト」	https://www.youtube.com/watch?v=Uju01anaoPI
「進撃の巨人」The Final Season Part 1ノンクレジットED｜安藤裕子「衝撃」	https://www.youtube.com/watch?v=AZl8UDsqsoM
TVアニメ「アサルトリリィBOUQUET(ブーケ)」第10話エンディング映像	https://www.youtube.com/watch?v=LSqoG-1TaiM
「進撃の巨人」The Final Season Part 1ノンクレジットOP｜神聖かまってちゃん「僕の戦争」	https://www.youtube.com/watch?v=6TolbTZXDjI
【ED】惡の華「花 -a last flower-」	https://www.youtube.com/watch?v=ZIzTqsbIbDU
【11/28楽曲配信】第８話ED「GROWING*」【TVアニメ「アサルトリリィ BOUQUET」】	https://www.youtube.com/watch?v=3G2RTyARWY0
【限定公開】ツナガルコネクト / 天王寺璃奈(CV.田中ちえ美)【TVアニメ『ラブライブ！虹ヶ咲学園スクールアイドル同好会』第6話ダンスシーン映像】	https://www.youtube.com/watch?v=bFEQmHKxK_Q
TVアニメ『TIGER & BUNNY』OPテーマ「ミッシングリンク」ノンクレジット映像【スポンサーロゴあり】	https://www.youtube.com/watch?v=60ndWTx2IzQ
【10/31楽曲配信】第5話ED「Heart+Heart」	https://www.youtube.com/watch?v=NfIcrvElg-Y
TVアニメ「戦翼のシグルドリーヴァ」第４話エンディング「Fly high／六車・宮古（CV.稗田寧々）」映像	https://www.youtube.com/watch?v=Z9GJDXN8OmI
TVアニメ「戦翼のシグルドリーヴァ」オープニング映像	https://www.youtube.com/watch?v=9udJgsN5uwE
『ご注文はうさぎですか？ BLOOM』ノンクレジットED	https://www.youtube.com/watch?v=rBqHuyzWzck
TVアニメ「くまクマ熊ベアー」ノンクレジットエンディング	https://www.youtube.com/watch?v=IFxnpQadK48
TVアニメ「キミと僕の最後の戦場、あるいは世界が始まる聖戦」ノンテロップOP映像	https://www.youtube.com/watch?v=6oQ_q9wr8VQ
TVアニメ『魔女の旅々』　OPテーマ「リテラチュア」視聴動画	https://www.youtube.com/watch?v=jRLuWFPYGzc
アニメ「土下座で頼んでみた」ノンテロップエンディング	https://www.youtube.com/watch?v=QSj_0Wixnm0
『ご注文はうさぎですか？ BLOOM』ノンクレジットOP	https://www.youtube.com/watch?v=mP6PUA0e3oU
TVアニメ『トニカクカワイイ』ノンテロップOP	https://www.youtube.com/watch?v=9ndwtd6yNRM
『ダンジョンに出会いを求めるのは間違っているだろうかⅢ』OP映像	https://www.youtube.com/watch?v=gJnxe3vHIhU
TVアニメ「くまクマ熊ベアー」ノンクレジットオープニング	https://www.youtube.com/watch?v=VVsZRUQ8YH4
TVアニメ【魔王城でおやすみ】ノンクレジットエンディング映像『Gimmme!』	https://www.youtube.com/watch?v=q1cDaXNe_wI
TVアニメ【魔王城でおやすみ】ノンクレジットオープニング映像『快眠！安眠！スヤリスト生活』	https://www.youtube.com/watch?v=Ui-KKFZKIq4
TVアニメ『呪術廻戦』ノンクレジットOPムービー／OPテーマ：Eve「廻廻奇譚」	https://www.youtube.com/watch?v=v8bZVdTgXoY
TVアニメ「アサルトリリィBOUQUET(ブーケ)」＃１エンディング映像	https://www.youtube.com/watch?v=C2R9otmYyiE
TVアニメ「アサルトリリィBOUQUET(ブーケ)」オープニング映像	https://www.youtube.com/watch?v=-jJzyrbReXU
お宝映像「リリカル☆ライブ」ダイジェスト | 魔法少女リリカルなのは | 15周年記念シリーズ楽曲メドレー	https://www.youtube.com/watch?v=X132HxCtAzc
eufonius「比翼の羽根」 | ヨスガノソラ | オープニング	https://www.youtube.com/watch?v=5K9I7c9gQNg
林原めぐみ 「Plenty of grit」 | スレイヤーズ REVOLUTION | オープニング	https://www.youtube.com/watch?v=iIJN7X65ETE
水樹奈々「innocent starter」 | 魔法少女リリカルなのは | オープニング	https://www.youtube.com/watch?v=ct6WuBF1w0Q
田村ゆかり 「Little Wish ～lyrical step～」 | 魔法少女リリカルなのは | エンディング	https://www.youtube.com/watch?v=I2Bb1AGS9sM
林原めぐみ 「Over Soul」 | SHAMAN KING | オープニング	https://www.youtube.com/watch?v=-VYMrLirXFY
TVアニメ『とある科学の超電磁砲T』新ED映像（sajou no hana／青嵐のあとで）	https://www.youtube.com/watch?v=u3FzrcYC5ds
TVアニメ『とある科学の超電磁砲T』新OP映像（fripSide／dual existence）	https://www.youtube.com/watch?v=Ud8muRt82kI
TVアニメ「Re:ゼロから始める異世界生活」2nd season OPテーマ「Realize」アニメMV	https://www.youtube.com/watch?v=V7ZEEymq0DQ
TVアニメ『ケロロ軍曹』EDテーマ「アフロ軍曹」ノンクレジット映像	https://www.youtube.com/watch?v=eOuZSZBm4mE
【2020年10月番組】TVアニメ『100万の命の上に俺は立っている』OP	https://www.youtube.com/watch?v=5n__ccerSLw
猫世界へようこそ！編PV『泣きたい私は猫をかぶる』（Netflixにて好評配信中！）	https://www.youtube.com/watch?v=Tu6A6yDaSKU
TVアニメ『かぐや様は告らせたい？ ～天才たちの恋愛頭脳戦～』オープニング映像 ♪鈴木雅之「DADDY ! DADDY ! DO ! feat. 鈴木愛理」	https://www.youtube.com/watch?v=4NEbSnuL6GA
アニメ「プリンセスコネクト！Re:Dive」オープニング・テーマ「Lost Princess」ノンテロップ映像	https://www.youtube.com/watch?v=ti4UkmHI94M
TVアニメ『BNA ビー・エヌ・エー』ノンクレジットオープニング映像 ／ 『Ready to』影森みちる（CV：諸星すみれ）	https://www.youtube.com/watch?v=3Okzra8Anr4
TVアニメ『TIGER & BUNNY』OPテーマ「ミッシングリンク」ノンクレジット映像	https://www.youtube.com/watch?v=l2Dc6We0CG8
TVアニメ「八男って、それはないでしょう！」ノンクレジットOP映像	https://www.youtube.com/watch?v=hLuEcDn1YgI
ノンクレジットOP「永遠のひとつ」/田村ゆかり：TVアニメ『ISLAND』	https://www.youtube.com/watch?v=n4QWGinK5S0
ノンクレジットED「Eternal Star」/亜咲花：TVアニメ『ISLAND』	https://www.youtube.com/watch?v=6VfdaFq-INE
TVアニメ『ドロヘドロ』ノンクレジットエンディング映像 (K)NoW_NAME「D.D.D.D」	https://www.youtube.com/watch?v=KY3MyHAFc68
TVアニメ「地縛少年花子くん」ノンクレジットエンディング	https://www.youtube.com/watch?v=7wOD-9jwbJQ
TVアニメ『とある科学の超電磁砲T』ED映像（岸田教団&THE明星ロケッツ／nameless story）	https://www.youtube.com/watch?v=xuo3MpsN_MA
TVアニメ『とある科学の超電磁砲T』OP映像（fripSide／final phase）	https://www.youtube.com/watch?v=R33q3f7Xpiw
TVアニメ『ドロヘドロ』ノンクレジットオープニング映像 (K)NoW_NAME「Welcome トゥ 混沌(カオス)」	https://www.youtube.com/watch?v=iH_YJde1yps
TVアニメ『pet』OP／オープニングテーマ「蝶の飛ぶ水槽」TK from 凛として時雨	https://www.youtube.com/watch?v=AIRSBfIs6xc
TVアニメ「BEASTARS」ノンクレジット OP	https://www.youtube.com/watch?v=bgo9dJB_icw
Amagi Brilliant Park - Opening | Extra Magic Hour	https://www.youtube.com/watch?v=L1SeZtTb_i8
Non Non Biyori Repeat - Opening | Kodama Kotodama	https://www.youtube.com/watch?v=rd1LarIC1BY
【公式】『機動戦士ガンダム THE ORIGIN 前夜 赤い彗星』第4弾エンディング	https://www.youtube.com/watch?v=H9WlcvRRLQY
【公式】『機動戦士ガンダム THE ORIGIN 前夜 赤い彗星』第3弾エンディング（第12話版）	https://www.youtube.com/watch?v=Nnzm6h4fIRQ
「Angelic Remnant」翼×マリア（CV：水樹奈々×日笠陽子）ライブ映像	https://www.youtube.com/watch?v=cJSjtfX3HKE
TVアニメ「ダンベル何キロ持てる？」OPテーマ 試聴動画	https://www.youtube.com/watch?v=mgympfbOgqw
TVアニメ「ダンベル何キロ持てる？」EDテーマ 試聴動画	https://www.youtube.com/watch?v=Ez3BKRr6Zuk
「スター☆トゥインクルプリキュア」後期エンディング主題歌「教えて...！トゥインクル☆」(ノンテロップver)	https://www.youtube.com/watch?v=GHuCkPSaD7w
TVアニメ「グランベルム」ノンクレジットOP｜2019年7月5日より好評放送中！	https://www.youtube.com/watch?v=yC9OCvFkHZk
【期間限定】「炎炎ノ消防隊」ノンクレジットオープニング映像	https://www.youtube.com/watch?v=ah1zyO3ob_A
【公式】『機動戦士ガンダム THE ORIGIN 前夜 赤い彗星』第3弾エンディング	https://www.youtube.com/watch?v=h5t3-RSyIzE
【公式】『機動戦士ガンダム THE ORIGIN 前夜 赤い彗星』第3弾オープニング	https://www.youtube.com/watch?v=MCcZe1R095k
【公式】『機動戦士ガンダム THE ORIGIN 前夜 赤い彗星』第2弾エンディング	https://www.youtube.com/watch?v=uQPP8yKKZ-Y
【公式】『機動戦士ガンダム THE ORIGIN 前夜 赤い彗星』第2弾オープニング	https://www.youtube.com/watch?v=GRDvuQ7KaFI
【公式】『機動戦士ガンダム THE ORIGIN 前夜 赤い彗星』第1弾オープニング	https://www.youtube.com/watch?v=z0JjGxZpcWg
【公式】『機動戦士ガンダム THE ORIGIN 前夜 赤い彗星』第1弾エンディング	https://www.youtube.com/watch?v=58wgscVduc0
TVアニメ「文豪ストレイドッグス」第3シーズン 第27話オープニング映像	https://www.youtube.com/watch?v=fBC-ZCH_htA
TVアニメ「どろろ」オープニング・テーマ ASIAN KUNG-FU GENERATION「Dororo」OPノンクレジット映像	https://www.youtube.com/watch?v=QZyK3uYq-qQ
"Kawaki wo Ameku (カワキヲアメク)" by Minami | Domestic Girlfriend	https://www.youtube.com/watch?v=Ua5UARWRYLA
TVアニメ『転生したらスライムだった件』 オープニング 第二弾	https://www.youtube.com/watch?v=OCyiM1CYINA
「スター☆トゥインクルプリキュア」前期エンディング主題歌「パぺピプ☆ロマンチック」(ノンテロップver)	https://www.youtube.com/watch?v=aJBIMmAjei8
TVアニメ「とある魔術の禁書目録Ⅲ」新OP映像（黒崎真音／ROAR）	https://www.youtube.com/watch?v=RfPKGubnA7Y
TVアニメ「モブサイコ100 Ⅱ」オープニング映像	https://www.youtube.com/watch?v=Q7vz84o_2_c
TVアニメ『かぐや様は告らせたい～天才たちの恋愛頭脳戦～』第3話エンディング映像 ♪「チカっとチカ千花っ」	https://www.youtube.com/watch?v=Ywq4XR0G4Qk
TVアニメ「どろろ」　オープニング・テーマ 女王蜂「火炎」OPノンクレジット映像	https://www.youtube.com/watch?v=FgQR2O8PGf4
TVアニメ『かぐや様は告らせたい～天才たちの恋愛頭脳戦～』オープニング映像 ♪鈴木雅之「ラブ・ドラマティック feat. 伊原六花」	https://www.youtube.com/watch?v=6vRxlXHH4H8
TVアニメ「約束のネバーランド」ノンクレジットオープニング	https://www.youtube.com/watch?v=iIH38n1o6Kg
TVアニメ「ゾンビランドサガ」OPテーマ『徒花ネクロマンシー』	https://www.youtube.com/watch?v=yDXVqicnWeo
TVアニメ「ゾンビランドサガ」EDテーマ『光へ』	https://www.youtube.com/watch?v=Yny1Z5v7A2c
SSSS.GRIDMAN - Opening | UNION	https://www.youtube.com/watch?v=IMVH4bvG5GM
TVアニメ【RELEASE THE SPYCE】OP映像「スパッと！スパイ＆スパイス」	https://www.youtube.com/watch?v=hcg3hQS8-0A
TVアニメ【RELEASE THE SPYCE】ED映像「Hide ＆ Seek」	https://www.youtube.com/watch?v=cqBnvCwDfio
TVアニメ「とある魔術の禁書目録Ⅲ」OP映像（黒崎真音／Gravitation）	https://www.youtube.com/watch?v=E485l1hCmI0
【ＨＵＧっと！プリキュア】後期エンディング主題歌 「ＨＵＧっと！YELL FOR YOU」	https://www.youtube.com/watch?v=-0dvC6PCr0k
Angels of Death - Opening | Vital	https://www.youtube.com/watch?v=CAWl-zvIKXg
アニメ『ウマ娘 プリティーダービー』ノンテロップOP＆ED	https://www.youtube.com/watch?v=nuuq0Ul_-_c
TVアニメ『ヲタクに恋は難しい』ノンクレジットOP／sumika「フィクション」	https://www.youtube.com/watch?v=XjHqfhOcK_0
『弱虫ペダル GLORY LINE』第2クールノンクレジットOPムービー／「ダンシング」佐伯ユウスケ	https://www.youtube.com/watch?v=9oqz1EAbR3Q
【ＨＵＧっと！プリキュア】エンディング主題歌 「ＨＵＧっと！未来☆ドリーマー」	https://www.youtube.com/watch?v=lJYMwyBqYjU
アニメ「刻刻」ED / エンディング・テーマ「朝焼けと熱帯魚 / ぼくのりりっくのぼうよみ」TVver.	https://www.youtube.com/watch?v=kwb_GRm6NtU
アニメ「刻刻」OP / 主題歌「Flashback / MIYAVI vs KenKen」TVver.	https://www.youtube.com/watch?v=fhBA6ynorvc
TVアニメ『スロウスタート』オープニングムービー　STARTails☆「ne! ne! ne!」	https://www.youtube.com/watch?v=ohGzCZ5G3sk
【キノの旅 -the Beautiful World- the Animated Series】 OPテーマ やなぎなぎ「here and there」	https://www.youtube.com/watch?v=cjdjB1N7n6M
TVアニメ『天使の3P！』挿入歌「 ファーストテイク」第12話 アニメ映像	https://www.youtube.com/watch?v=EOeaSRObeDw
TVアニメ『天使の3P！』挿入歌「INNOCENT BLUE」第9話 アニメ映像	https://www.youtube.com/watch?v=N6VZWjKBxqs
TVアニメ『天使の3P！』挿入歌「大切がきこえる」第6話 アニメ映像	https://www.youtube.com/watch?v=vH2tliUOL74
TVアニメ『天使の3P！』挿入歌「HOWLING」(第5話 アニメ映像)	https://www.youtube.com/watch?v=iSzLG5O8wXk
TVアニメ『天使の3P！』挿入歌「深海プリズナー」(第1話 アニメ映像)	https://www.youtube.com/watch?v=FXIerNUtipM
TVアニメ『天使の3P!』ED主題歌「楔」TVsize	https://www.youtube.com/watch?v=vRcEOx_20-o
TVアニメ『天使の3P!』OP主題歌「羽ばたきのバースデイ」TVsize	https://www.youtube.com/watch?v=Ky6n4r6YQgA
【キラキラ☆プリキュアアラモード】後期エンディング 「シュビドゥビ☆スイーツタイム」 （歌：宮本佳那子）	https://www.youtube.com/watch?v=uFfsTeExwbQ
TVアニメ『プリンセス・プリンシパル』 オープニング映像	https://www.youtube.com/watch?v=8QjqkATvH9M
『僕のヒーローアカデミア』ヒロアカ2期第1クールノンクレジットオープニング映像／OPテーマ：「ピースサイン」米津玄師／ヒロアカOP	https://www.youtube.com/watch?v=iQGAPewPH1s
「ブレイヴシンフォニア」（TVアニメ「ロクでなし魔術講師と禁忌教典」ED「Precious You☆」カップリング曲）	https://www.youtube.com/watch?v=szL5h-SeSeg
TVアニメ「ひなこのーと」オープニングテーマ「あ・え・い・う・え・お・あお!!」試聴動画	https://www.youtube.com/watch?v=y1HqM6sTjLg
TVアニメ「ひなこのーと」エンディングテーマ「かーてんこーる!!!!!」試聴動画	https://www.youtube.com/watch?v=eFGqCO1tnRM
ＴＶアニメ「ガヴリールドロップアウト」ＥＤテーマ「ハレルヤ☆エッサイム」試聴	https://www.youtube.com/watch?v=cRhchkGM84s
ＴＶアニメ「ガヴリールドロップアウト」ＯＰテーマ「ガヴリールドロップキック」試聴	https://www.youtube.com/watch?v=vmmwJtoJbE4
TVアニメ『けものフレンズ』主題歌「ようこそジャパリパークへ / どうぶつビスケッツ×PPP」	https://www.youtube.com/watch?v=xkMdLcB_vNU
【キラキラ☆プリキュアアラモード】前期エンディング 「レッツ・ラ・クッキン☆ショータイム」 （歌：宮本佳那子）	https://www.youtube.com/watch?v=q0Ib86qUodw
【キラキラ☆プリキュアアラモード】オープニング 「SHINE!! キラキラ☆プリキュアアラモード」 （歌：駒形友梨）	https://www.youtube.com/watch?v=iEmUAhTJEXM
TVアニメ『ガーリッシュ ナンバー』EDテーマ「今は短し夢見よ乙女」(ガーリッシュ ナンバー)試聴動画	https://www.youtube.com/watch?v=zGNK-dtpigQ
TVアニメ『ガーリッシュ ナンバー』第1話特別OPテーマ「決意のダイヤ」(kohaluna)視聴動画	https://www.youtube.com/watch?v=3bxXFqtstms
TVアニメ「坂本ですが？」ノンテロップOP	https://www.youtube.com/watch?v=f8d3bW42aFY
TVアニメ『三者三葉』OPテーマ「クローバーかくめーしょん」ノンクレジット映像	https://www.youtube.com/watch?v=qj-6P-jMT_g
TVアニメ「Dimension W」エンディング映像	https://www.youtube.com/watch?v=Gr0tFEKY_3E
TVアニメ「Dimension W」オープニング映像	https://www.youtube.com/watch?v=G9vn3iSvHgA
『灰と幻想のグリムガル』ノンテロップOP	https://www.youtube.com/watch?v=afNYXz-AHBY
TVアニメ『干物妹！うまるちゃん』ノンクレジットOP映像「かくしん的☆めたまるふぉ～ぜっ！」	https://www.youtube.com/watch?v=b6-2P8RgT0A
マリア×風鳴 翼（CV：日笠陽子×水樹奈々）『星天キャラクシィクロス』ライブ映像	https://www.youtube.com/watch?v=MV92qhrsV78
TVアニメ「がっこうぐらし！」OP映像	https://www.youtube.com/watch?v=UNjHxhljAck
「憑物語」OP映像	https://www.youtube.com/watch?v=QOdSTz_qdjg
メカクシティアクターズ「オツキミリサイタル」/ じん ft. IA	https://www.youtube.com/watch?v=mpvjIGoHGc4
メカクシティアクターズ「空想フォレスト」/ じん ft. ヨシダタクミ（phatmans after school）	https://www.youtube.com/watch?v=k2uquBuJLYM
メカクシティアクターズ「アヤノの幸福理論」/ じん ft. 奥井亜紀	https://www.youtube.com/watch?v=vum3z-zS15k
メカクシティアクターズ「ロスタイムメモリー」/ じん ft. 松山晃太（BYEE the ROUND）	https://www.youtube.com/watch?v=3UjCcLep7xg
メカクシティアクターズ「夕景イエスタデイ」/ じん ft.LiSA	https://www.youtube.com/watch?v=4-3vgyUiUNk
メカクシティアクターズ「カゲロウデイズ」/ じん ft.田口囁一(感傷ベクトル)	https://www.youtube.com/watch?v=CyUnwFdLT1s
メカクシティアクターズ「如月アテンション」/ じん ft.春奈るな	https://www.youtube.com/watch?v=y0jFD5Kf8zk
メカクシティアクターズ「エンディングムービー」	https://www.youtube.com/watch?v=GKWf58EMAU8
メカクシティアクターズ「オープニングムービーact 01 SP Ver.」	https://www.youtube.com/watch?v=3SmW8hu0zMM
TVアニメ『未確認で進行形』ノンテロップED映像　「まっしろわーるど／みかくにんぐッ！」	https://www.youtube.com/watch?v=p3ih4rDduug
TVアニメ『未確認で進行形』ノンテロップOP映像　「とまどい→レシピ／みかくにんぐッ！」	https://www.youtube.com/watch?v=fQ_m5VLhqNg
「いつか天魔の黒ウサギ」オープニング	https://www.youtube.com/watch?v=TlOx8hTYyvQ
きらりん☆レボリューション ED2 大きな愛でもてなして / °C-ute	https://www.youtube.com/watch?v=3K93q7XCVyI
きらりん☆レボリューション OP2 バラライカ / 月島きらり	https://www.youtube.com/watch?v=hOwTyqbX_80
【OP】 まりあ†ほりっく オープニング Hanaji by 小林ゆう	https://www.youtube.com/watch?v=pOHwVZc6QYY
『シャングリ・ラ』オープニングムービー	https://www.youtube.com/watch?v=z2Qa885iBVg
NA	https://www.youtube.com/watch?v=HR9QvzTW6dI
NA	https://www.youtube.com/watch?v=JISdcHruHkc
NA	https://www.youtube.com/watch?v=x_33JRIjf0w
NA	https://www.youtube.com/watch?v=UIMwYWmKnQ4
NA	https://www.youtube.com/watch?v=el2wyc2gKYk
NA	https://www.youtube.com/watch?v=Ws4oVmYZ-QM
NA	https://www.youtube.com/watch?v=xsIYqGHkRuc
NA	https://www.youtube.com/watch?v=YEBqxAmC6N4
NA	https://www.youtube.com/watch?v=P8g-LUsKYOE
NA	https://www.youtube.com/watch?v=j3NSMmtyS8k
NA	https://www.youtube.com/watch?v=shXDiWyvDSU
NA	https://www.youtube.com/watch?v=keY9HDZs9jM
NA	https://www.youtube.com/watch?v=JGouSdkRATI
NA	https://www.youtube.com/watch?v=bYdFFut5SUw
NA	https://www.youtube.com/watch?v=dqqABk7EKrA
NA	https://www.youtube.com/watch?v=ifHGwy6rwX0
NA	https://www.youtube.com/watch?v=Xzdr3tJVHl4
NA	https://www.youtube.com/watch?v=m3X-FdBWPKk
NA	https://www.youtube.com/watch?v=7o4dLqJNbME
NA	https://www.youtube.com/watch?v=rSiUTwrcvWg
NA	https://www.youtube.com/watch?v=dwW3muGFIAo
NA	https://www.youtube.com/watch?v=8ReqgSjf6s8
NA	https://www.youtube.com/watch?v=KMeTyobxcBQ
NA	https://www.youtube.com/watch?v=UpF4oivxz_I
NA	https://www.youtube.com/watch?v=daWy4oxqSg8
